INSERT INTO `jmocha_dept_master` (`TENANT_ID`,`CN`,`DISPLAYNAME`,`DISPLAYNAME2`,`USEFLAG`,`MAIL`,`COMPNM2`,`DEPTLEVEL`,`DEPT_CD_PATH`,`DEPT_NM_PATH`,`EXTENSIONATTRIBUTE1`,`EXTENSIONATTRIBUTE2`,`EXTENSIONATTRIBUTE3`,`EXTENSIONATTRIBUTE4`,`EXTENSIONATTRIBUTE5`,`EXTENSIONATTRIBUTE6`,`EXTENSIONATTRIBUTE7`,`EXTENSIONATTRIBUTE8`,`EXTENSIONATTRIBUTE9`,`EXTENSIONATTRIBUTE10`,`EXTENSIONATTRIBUTE11`,`EXTENSIONATTRIBUTE12`,`EXTENSIONATTRIBUTE13`,`EXTENSIONATTRIBUTE14`,`EXTENSIONATTRIBUTE15`,`ADFLAG`,`ADSPATH`,`UPDATEDT`) VALUES (0,'Top','조직도','OrganChart',NULL,'Top@jtest.kaoni.com','OrganChart','1','Top','조직도',NULL,'Top','조직도',NULL,NULL,NULL,NULL,NULL,NULL,NULL,NULL,NULL,NULL,NULL,NULL,'Y','CN=Top,OU=조직도,OU=TopGroup,DC=jtest,DC=kaoni,DC=com','2017-01-06 00:00:00');
INSERT INTO `jmocha_user_master` (`TENANT_ID`,`CN`,`DISPLAYNAME`,`DISPLAYNAME2`,`MAIL`,`MAILNICKNAME`,`UPNNAME`,`DEPARTMENT`,`DESCRIPTION`,`DESCRIPTION2`,`DESCRIPTION3`,`PHYSICALDELIVERYOFFICENAME`,`COMPANY`,`COMPANY2`,`TITLE`,`TITLE2`,`TELEPHONENUMBER`,`HOMEPHONE`,`FACSIMILETELEPHONENUMBER`,`MOBILE`,`POSTALCODE`,`STREETADDRESS`,`INFO`,`EXTENSIONATTRIBUTE1`,`EXTENSIONATTRIBUTE2`,`EXTENSIONATTRIBUTE3`,`EXTENSIONATTRIBUTE4`,`EXTENSIONATTRIBUTE5`,`EXTENSIONATTRIBUTE6`,`EXTENSIONATTRIBUTE7`,`EXTENSIONATTRIBUTE8`,`EXTENSIONATTRIBUTE9`,`EXTENSIONATTRIBUTE10`,`EXTENSIONATTRIBUTE102`,`EXTENSIONATTRIBUTE11`,`EXTENSIONATTRIBUTE12`,`EXTENSIONATTRIBUTE13`,`EXTENSIONATTRIBUTE14`,`EXTENSIONATTRIBUTE15`,`ADSPATH`,`SIPURI`,`UPDATEDT`,`MOBILE_ENABLE`,`MOBILE_NOTUSE`,`MOBILE_PIN`,`POSITIONCD`,`BIRTH`,`BIRTHTYPE`,`PASSWORD`,`IPADDRESS`,`LASTLOGIN`,`LOGINCNT`) VALUES (0,'masteradmin','마스터관리자','MasterAdmin','masteradmin@jtest.kaoni.com','masteradmin',NULL,'Top','조직도','OrganChart',NULL,'Top','조직도','OrganChart','마스터관리자','MasterAdmin',NULL,NULL,NULL,NULL,NULL,NULL,' ','c=1;a=1;k=1;i=1;g=1;l=1;n=0;m=0;w=0;t=0;',NULL,NULL,NULL,NULL,NULL,NULL,NULL,NULL,'마스터관리자','MasterAdmin',NULL,NULL,NULL,NULL,'1','CN=masteradmin,OU=사용자,OU=조직도,OU=TopGroup,DC=jtest,DC=kaoni,DC=com',NULL,'2017-01-06 00:00:00',NULL,'N',NULL,NULL,NULL,'Y','cI9R/7H0hh+xrELyk5zTdjUBysDv9JG9YwXGod4EtmM=','0:0:0:0:0:0:0:1','2017-01-06 00:00:00',1);
INSERT INTO `james_recipient_rewrite` (`DOMAIN_NAME`,`USER_NAME`,`TARGET_ADDRESS`) VALUES ('jtest.kaoni.com','Top','');
INSERT IGNORE INTO `james_domain` (`DOMAIN_NAME`) VALUES ('jtest.kaoni.com');
INSERT INTO `james_user` (`USER_NAME`,`PASSWORD_HASH_ALGORITHM`,`PASSWORD`,`version`) VALUES ('masteradmin@jtest.kaoni.com','MD5','427cd2a3079c3c0a0bc3624c087a4c4b',1);
INSERT INTO `jmocha_tenant` (`TENANT_ID`,`TENANT_NAME`) VALUES (0,'(주)가온아이');
INSERT INTO `jmocha_tenant_config` (`TENANT_ID`,`PROPERTY_NAME`,`PROPERTY_VALUE`) VALUES (0,'BigSizeMailAttachDelDay','14');
INSERT INTO `jmocha_tenant_config` (`TENANT_ID`,`PROPERTY_NAME`,`PROPERTY_VALUE`) VALUES (0,'BigSizeMailAttachLimit','10');
INSERT INTO `jmocha_tenant_config` (`TENANT_ID`,`PROPERTY_NAME`,`PROPERTY_VALUE`) VALUES (0,'DomainName','jtest.kaoni.com');
INSERT INTO `jmocha_tenant_config` (`TENANT_ID`,`PROPERTY_NAME`,`PROPERTY_VALUE`) VALUES (0,'IS_READ_DELETE','NO');
INSERT INTO `jmocha_tenant_config` (`TENANT_ID`,`PROPERTY_NAME`,`PROPERTY_VALUE`) VALUES (0,'LangPrimary1','한글');
INSERT INTO `jmocha_tenant_config` (`TENANT_ID`,`PROPERTY_NAME`,`PROPERTY_VALUE`) VALUES (0,'LangPrimary2','Korean');
INSERT INTO `jmocha_tenant_config` (`TENANT_ID`,`PROPERTY_NAME`,`PROPERTY_VALUE`) VALUES (0,'LangPrimary3','韓国語');
INSERT INTO `jmocha_tenant_config` (`TENANT_ID`,`PROPERTY_NAME`,`PROPERTY_VALUE`) VALUES (0,'LangPrimary4','韩国语');
INSERT INTO `jmocha_tenant_config` (`TENANT_ID`,`PROPERTY_NAME`,`PROPERTY_VALUE`) VALUES (0,'LangSecondary1','영문');
INSERT INTO `jmocha_tenant_config` (`TENANT_ID`,`PROPERTY_NAME`,`PROPERTY_VALUE`) VALUES (0,'LangSecondary2','English');
INSERT INTO `jmocha_tenant_config` (`TENANT_ID`,`PROPERTY_NAME`,`PROPERTY_VALUE`) VALUES (0,'LangSecondary3','英語');
INSERT INTO `jmocha_tenant_config` (`TENANT_ID`,`PROPERTY_NAME`,`PROPERTY_VALUE`) VALUES (0,'LangSecondary4','英语');
INSERT INTO `jmocha_tenant_config` (`TENANT_ID`,`PROPERTY_NAME`,`PROPERTY_VALUE`) VALUES (0,'MailAttachLimit','10');
INSERT INTO `jmocha_tenant_config` (`TENANT_ID`,`PROPERTY_NAME`,`PROPERTY_VALUE`) VALUES (0,'MailInnerDomain','jtest.kaoni.com');
INSERT INTO `jmocha_tenant_config` (`TENANT_ID`,`PROPERTY_NAME`,`PROPERTY_VALUE`) VALUES (0,'PrimaryLang','1');
INSERT INTO `jmocha_tenant_config` (`TENANT_ID`,`PROPERTY_NAME`,`PROPERTY_VALUE`) VALUES (0,'SignImageSizeLimit','10');
INSERT INTO `jmocha_tenant_config` (`TENANT_ID`,`PROPERTY_NAME`,`PROPERTY_VALUE`) VALUES (0,'totBigSizeMailAttachLimit','800');
INSERT INTO `jmocha_tenant_config` (`TENANT_ID`,`PROPERTY_NAME`,`PROPERTY_VALUE`) VALUES (0,'INDIVIDUALMAILUSER','5');
INSERT INTO `jmocha_tenant_config` (`TENANT_ID`,`PROPERTY_NAME`,`PROPERTY_VALUE`) VALUES (0,'USE_FileExtension','*');
INSERT INTO `jmocha_tenant_servername` (`SERVER_NAME`,`TENANT_ID`) VALUES ('jtest.kaoni.com',0);
INSERT INTO `jmocha_default_quota` (`DOMAIN_NAME`,`MAX_STORAGE`,`WARN_STORAGE`) VALUES ('jtest.kaoni.com',1024,819.2);
INSERT INTO `tbl_tenant` (`TENANT_ID`,`TENANT_NAME`) VALUES (0,'(주)가온아이');
INSERT INTO `tbl_tenant_servername` (`SERVER_NAME`,`TENANT_ID`) VALUES ('jtest.kaoni.com',0);
INSERT INTO `tbl_tenant_config` (`TENANT_ID`,`PROPERTY_NAME`,`PROPERTY_VALUE`,`DESCRIPTION`) VALUES (0,'ADJACENT_ITEMS_ENABLE','1',NULL);
INSERT INTO `tbl_tenant_config` (`TENANT_ID`,`PROPERTY_NAME`,`PROPERTY_VALUE`,`DESCRIPTION`) VALUES (0,'APPROVLEFTCOUNT','YES','결재 왼쪽 메뉴 리스트 카운트 보기 설정 YES, NO');
INSERT INTO `tbl_tenant_config` (`TENANT_ID`,`PROPERTY_NAME`,`PROPERTY_VALUE`,`DESCRIPTION`) VALUES (0,'BigSizeMailAttachDelDay','14',NULL);
INSERT INTO `tbl_tenant_config` (`TENANT_ID`,`PROPERTY_NAME`,`PROPERTY_VALUE`,`DESCRIPTION`) VALUES (0,'BigSizeMailAttachLimit','10',NULL);
INSERT INTO `tbl_tenant_config` (`TENANT_ID`,`PROPERTY_NAME`,`PROPERTY_VALUE`,`DESCRIPTION`) VALUES (0,'DomainName','jtest.kaoni.com',NULL);
INSERT INTO `tbl_tenant_config` (`TENANT_ID`,`PROPERTY_NAME`,`PROPERTY_VALUE`,`DESCRIPTION`) VALUES (0,'EDITOR','CK','에디터 설정');
INSERT INTO `tbl_tenant_config` (`TENANT_ID`,`PROPERTY_NAME`,`PROPERTY_VALUE`,`DESCRIPTION`) VALUES (0,'FormProcSpelling','0','폼프로세서 맞춤법 검사 버튼 display 여부 1(display:inline), 0(display:none)');
INSERT INTO `tbl_tenant_config` (`TENANT_ID`,`PROPERTY_NAME`,`PROPERTY_VALUE`,`DESCRIPTION`) VALUES (0,'IE11EDITOR','CK','IE 11 에디터 설정');
INSERT INTO `tbl_tenant_config` (`TENANT_ID`,`PROPERTY_NAME`,`PROPERTY_VALUE`,`DESCRIPTION`) VALUES (0,'INDIVIDUALMAILUSER','5','메일 개별발신 인원수 제한');
INSERT INTO `tbl_tenant_config` (`TENANT_ID`,`PROPERTY_NAME`,`PROPERTY_VALUE`,`DESCRIPTION`) VALUES (0,'IS_READ_DELETE','NO',NULL);
INSERT INTO `tbl_tenant_config` (`TENANT_ID`,`PROPERTY_NAME`,`PROPERTY_VALUE`,`DESCRIPTION`) VALUES (0,'LangPrimary1','한글',NULL);
INSERT INTO `tbl_tenant_config` (`TENANT_ID`,`PROPERTY_NAME`,`PROPERTY_VALUE`,`DESCRIPTION`) VALUES (0,'LangPrimary2','Korean',NULL);
INSERT INTO `tbl_tenant_config` (`TENANT_ID`,`PROPERTY_NAME`,`PROPERTY_VALUE`,`DESCRIPTION`) VALUES (0,'LangPrimary3','韓国語',NULL);
INSERT INTO `tbl_tenant_config` (`TENANT_ID`,`PROPERTY_NAME`,`PROPERTY_VALUE`,`DESCRIPTION`) VALUES (0,'LangPrimary4','韩国语',NULL);
INSERT INTO `tbl_tenant_config` (`TENANT_ID`,`PROPERTY_NAME`,`PROPERTY_VALUE`,`DESCRIPTION`) VALUES (0,'LangSecondary1','영문',NULL);
INSERT INTO `tbl_tenant_config` (`TENANT_ID`,`PROPERTY_NAME`,`PROPERTY_VALUE`,`DESCRIPTION`) VALUES (0,'LangSecondary2','English',NULL);
INSERT INTO `tbl_tenant_config` (`TENANT_ID`,`PROPERTY_NAME`,`PROPERTY_VALUE`,`DESCRIPTION`) VALUES (0,'LangSecondary3','英語',NULL);
INSERT INTO `tbl_tenant_config` (`TENANT_ID`,`PROPERTY_NAME`,`PROPERTY_VALUE`,`DESCRIPTION`) VALUES (0,'LangSecondary4','英语',NULL);
INSERT INTO `tbl_tenant_config` (`TENANT_ID`,`PROPERTY_NAME`,`PROPERTY_VALUE`,`DESCRIPTION`) VALUES (0,'MailAttachLimit','10',NULL);
INSERT INTO `tbl_tenant_config` (`TENANT_ID`,`PROPERTY_NAME`,`PROPERTY_VALUE`,`DESCRIPTION`) VALUES (0,'MailInnerDomain','jtest.kaoni.com',NULL);
INSERT INTO `tbl_tenant_config` (`TENANT_ID`,`PROPERTY_NAME`,`PROPERTY_VALUE`,`DESCRIPTION`) VALUES (0,'ONELINE_REPLY_ENABLE','1','한줄답변FLAG');
INSERT INTO `tbl_tenant_config` (`TENANT_ID`,`PROPERTY_NAME`,`PROPERTY_VALUE`,`DESCRIPTION`) VALUES (0,'PrimaryLang','1',NULL);
INSERT INTO `tbl_tenant_config` (`TENANT_ID`,`PROPERTY_NAME`,`PROPERTY_VALUE`,`DESCRIPTION`) VALUES (0,'SignImageSizeLimit','10',NULL);
INSERT INTO `tbl_tenant_config` (`TENANT_ID`,`PROPERTY_NAME`,`PROPERTY_VALUE`,`DESCRIPTION`) VALUES (0,'Site_OpenYear','2017','전자결재 년도별 SelectBox 시작 년도 설정');
INSERT INTO `tbl_tenant_config` (`TENANT_ID`,`PROPERTY_NAME`,`PROPERTY_VALUE`,`DESCRIPTION`) VALUES (0,'totBigSizeMailAttachLimit','800',NULL);
INSERT INTO `tbl_tenant_config` (`TENANT_ID`,`PROPERTY_NAME`,`PROPERTY_VALUE`,`DESCRIPTION`) VALUES (0,'Usereform','NO','폼빌더');
INSERT INTO `tbl_tenant_config` (`TENANT_ID`,`PROPERTY_NAME`,`PROPERTY_VALUE`,`DESCRIPTION`) VALUES (0,'UserInfo_Enforce','3','시행문 변환 정의 : 이 값이 1이면 단순 변환후 인쇄 이 값이 2이면 이것은 시행문 변환후 심사용. 이 값이 3이면 시행문 변환후 바로 발송용.');
INSERT INTO `tbl_tenant_config` (`TENANT_ID`,`PROPERTY_NAME`,`PROPERTY_VALUE`,`DESCRIPTION`) VALUES (0,'USE_AdditionalROle','YES','YES 이면 겸직부서 선택에 따라 결재제한. NO 이면 겸직부서 상관없이 결재가능.');
INSERT INTO `tbl_tenant_config` (`TENANT_ID`,`PROPERTY_NAME`,`PROPERTY_VALUE`,`DESCRIPTION`) VALUES (0,'USE_BOARD_LEFTMENU_COUNT','YES','YES 이면 게시판 좌측 메뉴 카운트 사용.NO 이면 사용하지 않는다. ');
INSERT INTO `tbl_tenant_config` (`TENANT_ID`,`PROPERTY_NAME`,`PROPERTY_VALUE`,`DESCRIPTION`) VALUES (0,'USE_DirectSign','YES','YES 이면 직접서명 사용. NO 이면 사용안함.');
INSERT INTO `tbl_tenant_config` (`TENANT_ID`,`PROPERTY_NAME`,`PROPERTY_VALUE`,`DESCRIPTION`) VALUES (0,'Use_ezKMS','NO','ezKMS 정의  : 이 값이 NO(YES가 아니면)이면 KMS사용 안함.  이 값이 YES이면 사용 됨.');
INSERT INTO `tbl_tenant_config` (`TENANT_ID`,`PROPERTY_NAME`,`PROPERTY_VALUE`,`DESCRIPTION`) VALUES (0,'USE_FileExtension','*','파일 확장명 제한 설정 * / exe|jpg');
INSERT INTO `tbl_tenant_config` (`TENANT_ID`,`PROPERTY_NAME`,`PROPERTY_VALUE`,`DESCRIPTION`) VALUES (0,'Use_Mobile','NO','YES 이면 모바일 사용');
INSERT INTO `tbl_tenant_config` (`TENANT_ID`,`PROPERTY_NAME`,`PROPERTY_VALUE`,`DESCRIPTION`) VALUES (0,'Use_MultiData','YES','멀티언어 사용유무');
INSERT INTO `tbl_tenant_config` (`TENANT_ID`,`PROPERTY_NAME`,`PROPERTY_VALUE`,`DESCRIPTION`) VALUES (0,'USE_OCS','NO',NULL);
INSERT INTO `tbl_tenant_config` (`TENANT_ID`,`PROPERTY_NAME`,`PROPERTY_VALUE`,`DESCRIPTION`) VALUES (0,'Use_Portal','YES','portal모듈사용 유무');
INSERT INTO  tbl_tenant_config  (`TENANT_ID`, `PROPERTY_NAME`, `PROPERTY_VALUE`, `DESCRIPTION`) VALUES ('0', 'UseRunTime', 'YES', '게시판에서 RunTime 사용 시 Value 값 Yes');
INSERT INTO `tbl_deptmaster` (`TENANT_ID`,`CN`,`DISPLAYNAME`,`DISPLAYNAME2`,`USEFLAG`,`MAIL`,`COMPNM2`,`DEPTLEVEL`,`DEPT_CD_PATH`,`DEPT_NM_PATH`,`EXTENSIONATTRIBUTE1`,`EXTENSIONATTRIBUTE2`,`EXTENSIONATTRIBUTE3`,`EXTENSIONATTRIBUTE4`,`EXTENSIONATTRIBUTE5`,`EXTENSIONATTRIBUTE6`,`EXTENSIONATTRIBUTE7`,`EXTENSIONATTRIBUTE8`,`EXTENSIONATTRIBUTE9`,`EXTENSIONATTRIBUTE10`,`EXTENSIONATTRIBUTE11`,`EXTENSIONATTRIBUTE12`,`EXTENSIONATTRIBUTE13`,`EXTENSIONATTRIBUTE14`,`EXTENSIONATTRIBUTE15`,`ADFLAG`,`ADSPATH`,`UPDATEDT`) VALUES (0,'Top','조직도','OrganChart',NULL,'Top@jtest.kaoni.com','OrganChart','1','Top','조직도',NULL,'Top','조직도',NULL,NULL,NULL,NULL,NULL,NULL,NULL,NULL,NULL,NULL,NULL,NULL,'Y','CN=Top,OU=조직도,OU=TopGroup,DC=jtest,DC=kaoni,DC=com','2017-01-06 00:00:00');
INSERT INTO `tbl_usermaster` (`TENANT_ID`,`CN`,`DISPLAYNAME`,`DISPLAYNAME2`,`MAIL`,`MAILNICKNAME`,`UPNNAME`,`DEPARTMENT`,`DESCRIPTION`,`DESCRIPTION2`,`DESCRIPTION3`,`PHYSICALDELIVERYOFFICENAME`,`COMPANY`,`COMPANY2`,`TITLE`,`TITLE2`,`TELEPHONENUMBER`,`HOMEPHONE`,`FACSIMILETELEPHONENUMBER`,`MOBILE`,`POSTALCODE`,`STREETADDRESS`,`INFO`,`EXTENSIONATTRIBUTE1`,`EXTENSIONATTRIBUTE2`,`EXTENSIONATTRIBUTE3`,`EXTENSIONATTRIBUTE4`,`EXTENSIONATTRIBUTE5`,`EXTENSIONATTRIBUTE6`,`EXTENSIONATTRIBUTE7`,`EXTENSIONATTRIBUTE8`,`EXTENSIONATTRIBUTE9`,`EXTENSIONATTRIBUTE10`,`EXTENSIONATTRIBUTE102`,`EXTENSIONATTRIBUTE11`,`EXTENSIONATTRIBUTE12`,`EXTENSIONATTRIBUTE13`,`EXTENSIONATTRIBUTE14`,`EXTENSIONATTRIBUTE15`,`ADSPATH`,`SIPURI`,`UPDATEDT`,`MOBILE_ENABLE`,`MOBILE_NOTUSE`,`MOBILE_PIN`,`POSITIONCD`,`BIRTH`,`BIRTHTYPE`,`PASSWORD`,`IPADDRESS`,`LASTLOGIN`,`LOGINCNT`) VALUES (0,'masteradmin','마스터관리자','MasterAdmin','masteradmin@jtest.kaoni.com','masteradmin',NULL,'Top','조직도','OrganChart',NULL,'Top','조직도','OrganChart','마스터>관리자','MasterAdmin',NULL,NULL,NULL,NULL,NULL,NULL,' ','c=1;a=1;k=1;i=1;g=1;l=1;n=0;m=0;w=0;t=0;',NULL,NULL,NULL,NULL,NULL,NULL,NULL,NULL,'마스터관리자','MasterAdmin',NULL,NULL,NULL,NULL,'1','CN=masteradmin,OU=사용자,OU=조직도,OU=TopGroup,DC=jtest,DC=kaoni,DC=com',NULL,'2017-01-06 00:00:00',NULL,'N',NULL,NULL,NULL,'Y','cI9R/7H0hh+xrELyk5zTdjUBysDv9JG9YwXGod4EtmM=','0:0:0:0:0:0:0:1','2017-01-06 00:00:00',1);


--Board insert 

INSERT INTO TBL_Board_MyBoards (UserID, BoardID, BoardName, BoardName2, TreeviewNum, tenant_ID) VALUES ('everyone', '{FFFFFFFF-FFFF-FFFF-FFFF-FFFFFFFFFFFF}', '새게시물', 'New BoardItem', -1, 0);
--INSERT INTO TBL_Board_MyBoards (UserID, BoardID, BoardName, BoardName2, TreeviewNum, tenant_ID) VALUES ('everyone', '{FFFFFFFF-FFFF-FFFF-FFFF-FFFFFFFFFFFF}', '最新一覧', 'New BoardItem', -1, 0);

INSERT INTO TBL_Board_BoardInfo (BoardID, BoardName, BoardName2, TreeViewOrder, BoardLevel, ParentBoardID, BoardDescription, ItemExpires, AttachsizeLimit, ReplyNotify, BoardGroupID, AlertPostItem, Gubun, URL, DeleteAfter, BoardColor, BoardNo, Portlet, tenant_ID) VALUES ('{FFFFFFFF-FFFF-FFFF-FFFF-FFFFFFFFFFFF}', '새게시물', 'New BoardItem', -1, 0, 'None', NULL, 0, NULL, 0, NULL, 0, 0, NULL, 0, NULL, 0, 'N', 0);
--INSERT INTO TBL_Board_BoardInfo (BoardID, BoardName, BoardName2, TreeViewOrder, BoardLevel, ParentBoardID, BoardDescription, ItemExpires, AttachsizeLimit, ReplyNotify, BoardGroupID, AlertPostItem, Gubun, URL, DeleteAfter, BoardColor, BoardNo, Portlet, tenant_ID) VALUES ('{FFFFFFFF-FFFF-FFFF-FFFF-FFFFFFFFFFFF}', '最新一覧', 'New BoardItem', -1, 0, 'None', NULL, 0, NULL, 0, NULL, 0, 0, NULL, 0, NULL, 0, 'N', 0);

Insert into TBL_BOARD_ITEM_LISTOPTION (LISTTYPE,SN,NAME1,NAME2,NAME3,NAME4,COLNAME,WIDTH,VIEW_FG,TENANT_ID) values ('0',0,'CHECK','CHECK','CHECK','CHECK','ITEMID',20,'Y',0);
Insert into TBL_BOARD_ITEM_LISTOPTION (LISTTYPE,SN,NAME1,NAME2,NAME3,NAME4,COLNAME,WIDTH,VIEW_FG,TENANT_ID) values ('0',1,'No','No','No','No','DOCNO',20,'Y',0);
Insert into TBL_BOARD_ITEM_LISTOPTION (LISTTYPE,SN,NAME1,NAME2,NAME3,NAME4,COLNAME,WIDTH,VIEW_FG,TENANT_ID) values ('0',2,'제목','Title','件名','标题','TITLE',400,'Y',0);
Insert into TBL_BOARD_ITEM_LISTOPTION (LISTTYPE,SN,NAME1,NAME2,NAME3,NAME4,COLNAME,WIDTH,VIEW_FG,TENANT_ID) values ('0',3,'부서','Department','部署','部门','WRITERDEPTNAME',100,'Y',0);
Insert into TBL_BOARD_ITEM_LISTOPTION (LISTTYPE,SN,NAME1,NAME2,NAME3,NAME4,COLNAME,WIDTH,VIEW_FG,TENANT_ID) values ('0',4,'게시자','Writer','作成者','写作者','WRITERNAME',100,'Y',0);
Insert into TBL_BOARD_ITEM_LISTOPTION (LISTTYPE,SN,NAME1,NAME2,NAME3,NAME4,COLNAME,WIDTH,VIEW_FG,TENANT_ID) values ('0',5,'게시일','Registered','掲示日','发布日期','WRITEDATE',100,'Y',0);
Insert into TBL_BOARD_ITEM_LISTOPTION (LISTTYPE,SN,NAME1,NAME2,NAME3,NAME4,COLNAME,WIDTH,VIEW_FG,TENANT_ID) values ('0',6,'첨부','Attachments','添付','附加','ATTACHMENTS',50,'Y',0);
Insert into TBL_BOARD_ITEM_LISTOPTION (LISTTYPE,SN,NAME1,NAME2,NAME3,NAME4,COLNAME,WIDTH,VIEW_FG,TENANT_ID) values ('0',7,'조회수','View','ヒット数','查询数','READCOUNT',50,'Y',0);
Insert into TBL_BOARD_ITEM_LISTOPTION (LISTTYPE,SN,NAME1,NAME2,NAME3,NAME4,COLNAME,WIDTH,VIEW_FG,TENANT_ID) values ('1',1,'CHECK','CHECK','CHECK','CHECK','ITEMID',20,'Y',0);
Insert into TBL_BOARD_ITEM_LISTOPTION (LISTTYPE,SN,NAME1,NAME2,NAME3,NAME4,COLNAME,WIDTH,VIEW_FG,TENANT_ID) values ('1',2,'No','No','No','No','DOCNO',20,'Y',0);
Insert into TBL_BOARD_ITEM_LISTOPTION (LISTTYPE,SN,NAME1,NAME2,NAME3,NAME4,COLNAME,WIDTH,VIEW_FG,TENANT_ID) values ('1',3,'제목','Title','件名','标题','TITLE',500,'Y',0);
Insert into TBL_BOARD_ITEM_LISTOPTION (LISTTYPE,SN,NAME1,NAME2,NAME3,NAME4,COLNAME,WIDTH,VIEW_FG,TENANT_ID) values ('1',4,'회사','Company','会社','公司','WRITERCOMPANYNAME',100,'Y',0);
Insert into TBL_BOARD_ITEM_LISTOPTION (LISTTYPE,SN,NAME1,NAME2,NAME3,NAME4,COLNAME,WIDTH,VIEW_FG,TENANT_ID) values ('1',5,'부서','Department','部署','部门','WRITERDEPTNAME',100,'Y',0);
Insert into TBL_BOARD_ITEM_LISTOPTION (LISTTYPE,SN,NAME1,NAME2,NAME3,NAME4,COLNAME,WIDTH,VIEW_FG,TENANT_ID) values ('1',6,'게시자','Writer','作成者','写作者','WRITERNAME',100,'Y',0);
Insert into TBL_BOARD_ITEM_LISTOPTION (LISTTYPE,SN,NAME1,NAME2,NAME3,NAME4,COLNAME,WIDTH,VIEW_FG,TENANT_ID) values ('1',7,'게시일','Registered','掲示日','发布日期','WRITEDATE',100,'Y',0);
Insert into TBL_BOARD_ITEM_LISTOPTION (LISTTYPE,SN,NAME1,NAME2,NAME3,NAME4,COLNAME,WIDTH,VIEW_FG,TENANT_ID) values ('1',8,'첨부','Attachments','添付','附加','ATTACHMENTS',50,'Y',0);
Insert into TBL_BOARD_ITEM_LISTOPTION (LISTTYPE,SN,NAME1,NAME2,NAME3,NAME4,COLNAME,WIDTH,VIEW_FG,TENANT_ID) values ('1',9,'조회수','View','ヒット数','查询数','READCOUNT',50,'Y',0);
Insert into TBL_BOARD_ITEM_LISTOPTION (LISTTYPE,SN,NAME1,NAME2,NAME3,NAME4,COLNAME,WIDTH,VIEW_FG,TENANT_ID) values ('2',0,'CHECK','CHECK','CHECK','CHECK','ITEMID',20,'Y',0);
Insert into TBL_BOARD_ITEM_LISTOPTION (LISTTYPE,SN,NAME1,NAME2,NAME3,NAME4,COLNAME,WIDTH,VIEW_FG,TENANT_ID) values ('2',1,'No','No','No','No','DOCNO',20,'Y',0);
Insert into TBL_BOARD_ITEM_LISTOPTION (LISTTYPE,SN,NAME1,NAME2,NAME3,NAME4,COLNAME,WIDTH,VIEW_FG,TENANT_ID) values ('2',2,'제목','Title','件名','标题','TITLE',500,'Y',0);
Insert into TBL_BOARD_ITEM_LISTOPTION (LISTTYPE,SN,NAME1,NAME2,NAME3,NAME4,COLNAME,WIDTH,VIEW_FG,TENANT_ID) values ('2',3,'게시자','Writer','作成者','写作者','WRITERNAME',100,'Y',0);
Insert into TBL_BOARD_ITEM_LISTOPTION (LISTTYPE,SN,NAME1,NAME2,NAME3,NAME4,COLNAME,WIDTH,VIEW_FG,TENANT_ID) values ('2',4,'게시일','Registered','掲示日','发布日期','WRITEDATE',100,'Y',0);
Insert into TBL_BOARD_ITEM_LISTOPTION (LISTTYPE,SN,NAME1,NAME2,NAME3,NAME4,COLNAME,WIDTH,VIEW_FG,TENANT_ID) values ('2',5,'첨부','Attachments','添付','附加','ATTACHMENTS',50,'Y',0);
Insert into TBL_BOARD_ITEM_LISTOPTION (LISTTYPE,SN,NAME1,NAME2,NAME3,NAME4,COLNAME,WIDTH,VIEW_FG,TENANT_ID) values ('2',6,'조회수','View','ヒット数','查询数','READCOUNT',50,'Y',0);
Insert into TBL_BOARD_ITEM_LISTOPTION (LISTTYPE,SN,NAME1,NAME2,NAME3,NAME4,COLNAME,WIDTH,VIEW_FG,TENANT_ID) values ('3',0,'CHECK','CHECK','CHECK','CHECK','ITEMID',20,'Y',0);
Insert into TBL_BOARD_ITEM_LISTOPTION (LISTTYPE,SN,NAME1,NAME2,NAME3,NAME4,COLNAME,WIDTH,VIEW_FG,TENANT_ID) values ('3',1,'No','No','No','No','DOCNO',20,'Y',0);
Insert into TBL_BOARD_ITEM_LISTOPTION (LISTTYPE,SN,NAME1,NAME2,NAME3,NAME4,COLNAME,WIDTH,VIEW_FG,TENANT_ID) values ('3',2,'제목','Title','件名','标题','TITLE',300,'Y',0);
Insert into TBL_BOARD_ITEM_LISTOPTION (LISTTYPE,SN,NAME1,NAME2,NAME3,NAME4,COLNAME,WIDTH,VIEW_FG,TENANT_ID) values ('3',3,'부서','Department','部署','部门','WRITERDEPTNAME',100,'Y',0);
Insert into TBL_BOARD_ITEM_LISTOPTION (LISTTYPE,SN,NAME1,NAME2,NAME3,NAME4,COLNAME,WIDTH,VIEW_FG,TENANT_ID) values ('3',4,'게시자','Writer','作成者','写作者','WRITERNAME',100,'Y',0);
Insert into TBL_BOARD_ITEM_LISTOPTION (LISTTYPE,SN,NAME1,NAME2,NAME3,NAME4,COLNAME,WIDTH,VIEW_FG,TENANT_ID) values ('3',5,'게시일','Registered','掲示日','发布日期','WRITEDATE',100,'Y',0);
Insert into TBL_BOARD_ITEM_LISTOPTION (LISTTYPE,SN,NAME1,NAME2,NAME3,NAME4,COLNAME,WIDTH,VIEW_FG,TENANT_ID) values ('3',6,'첨부','Attachments','添付','附加','ATTACHMENTS',50,'Y',0);
Insert into TBL_BOARD_ITEM_LISTOPTION (LISTTYPE,SN,NAME1,NAME2,NAME3,NAME4,COLNAME,WIDTH,VIEW_FG,TENANT_ID) values ('3',7,'조회수','View','ヒット数','查询数','READCOUNT',50,'Y',0);
Insert into TBL_BOARD_ITEM_LISTOPTION (LISTTYPE,SN,NAME1,NAME2,NAME3,NAME4,COLNAME,WIDTH,VIEW_FG,TENANT_ID) values ('4',0,'CHECK','CHECK','CHECK','CHECK','ITEMID',20,'Y',0);
Insert into TBL_BOARD_ITEM_LISTOPTION (LISTTYPE,SN,NAME1,NAME2,NAME3,NAME4,COLNAME,WIDTH,VIEW_FG,TENANT_ID) values ('4',1,'No','No','No','No','DOCNO',20,'Y',0);
Insert into TBL_BOARD_ITEM_LISTOPTION (LISTTYPE,SN,NAME1,NAME2,NAME3,NAME4,COLNAME,WIDTH,VIEW_FG,TENANT_ID) values ('4',2,'제목','Title','件名','标题','TITLE',600,'Y',0);
Insert into TBL_BOARD_ITEM_LISTOPTION (LISTTYPE,SN,NAME1,NAME2,NAME3,NAME4,COLNAME,WIDTH,VIEW_FG,TENANT_ID) values ('4',3,'부서','Department','部署','部门','WRITERDEPTNAME',100,'Y',0);
Insert into TBL_BOARD_ITEM_LISTOPTION (LISTTYPE,SN,NAME1,NAME2,NAME3,NAME4,COLNAME,WIDTH,VIEW_FG,TENANT_ID) values ('4',4,'게시자','Writer','作成者','写作者','WRITERNAME',100,'Y',0);
Insert into TBL_BOARD_ITEM_LISTOPTION (LISTTYPE,SN,NAME1,NAME2,NAME3,NAME4,COLNAME,WIDTH,VIEW_FG,TENANT_ID) values ('4',5,'게시일','Registered','掲示日','发布日期','WRITEDATE',100,'Y',0);
Insert into TBL_BOARD_ITEM_LISTOPTION (LISTTYPE,SN,NAME1,NAME2,NAME3,NAME4,COLNAME,WIDTH,VIEW_FG,TENANT_ID) values ('4',6,'조회수','View','ヒット数','查询数','READCOUNT',50,'Y',0);
Insert into TBL_BOARD_ITEM_LISTOPTION (LISTTYPE,SN,NAME1,NAME2,NAME3,NAME4,COLNAME,WIDTH,VIEW_FG,TENANT_ID) values ('5',0,'CHECK','CHECK','CHECK','CHECK','ITEMID',20,'Y',0);
Insert into TBL_BOARD_ITEM_LISTOPTION (LISTTYPE,SN,NAME1,NAME2,NAME3,NAME4,COLNAME,WIDTH,VIEW_FG,TENANT_ID) values ('5',1,'No','No','No','No','DOCNO',20,'Y',0);
Insert into TBL_BOARD_ITEM_LISTOPTION (LISTTYPE,SN,NAME1,NAME2,NAME3,NAME4,COLNAME,WIDTH,VIEW_FG,TENANT_ID) values ('5',2,'제목','Title','件名','标题','TITLE',400,'Y',0);
Insert into TBL_BOARD_ITEM_LISTOPTION (LISTTYPE,SN,NAME1,NAME2,NAME3,NAME4,COLNAME,WIDTH,VIEW_FG,TENANT_ID) values ('5',3,'부서','Department','部署','部门','WRITERDEPTNAME',100,'Y',0);
Insert into TBL_BOARD_ITEM_LISTOPTION (LISTTYPE,SN,NAME1,NAME2,NAME3,NAME4,COLNAME,WIDTH,VIEW_FG,TENANT_ID) values ('5',4,'게시자','Writer','作成者','写作者','WRITERNAME',100,'Y',0);
Insert into TBL_BOARD_ITEM_LISTOPTION (LISTTYPE,SN,NAME1,NAME2,NAME3,NAME4,COLNAME,WIDTH,VIEW_FG,TENANT_ID) values ('5',5,'게시일','Registered','掲示日','发布日期','WRITEDATE',100,'Y',0);
Insert into TBL_BOARD_ITEM_LISTOPTION (LISTTYPE,SN,NAME1,NAME2,NAME3,NAME4,COLNAME,WIDTH,VIEW_FG,TENANT_ID) values ('5',6,'첨부','Attachments','添付','附加','ATTACHMENTS',50,'Y',0);
Insert into TBL_BOARD_ITEM_LISTOPTION (LISTTYPE,SN,NAME1,NAME2,NAME3,NAME4,COLNAME,WIDTH,VIEW_FG,TENANT_ID) values ('5',7,'조회수','View','ヒット数','查询数','READCOUNT',50,'Y',0);
Insert into TBL_BOARD_ITEM_LISTOPTION (LISTTYPE,SN,NAME1,NAME2,NAME3,NAME4,COLNAME,WIDTH,VIEW_FG,TENANT_ID) values ('A',0,'CHECK','CHECK','CHECK','CHECK','ITEMID',20,'Y',0);
Insert into TBL_BOARD_ITEM_LISTOPTION (LISTTYPE,SN,NAME1,NAME2,NAME3,NAME4,COLNAME,WIDTH,VIEW_FG,TENANT_ID) values ('A',1,'게시판명','Board','掲示板名','布告板名称','BOARDNAME',100,'Y',0);
Insert into TBL_BOARD_ITEM_LISTOPTION (LISTTYPE,SN,NAME1,NAME2,NAME3,NAME4,COLNAME,WIDTH,VIEW_FG,TENANT_ID) values ('A',2,'제목','Title','件名','标题','TITLE',400,'Y',0);
Insert into TBL_BOARD_ITEM_LISTOPTION (LISTTYPE,SN,NAME1,NAME2,NAME3,NAME4,COLNAME,WIDTH,VIEW_FG,TENANT_ID) values ('A',3,'부서','Department','部署','部门','WRITERDEPTNAME',100,'Y',0);
Insert into TBL_BOARD_ITEM_LISTOPTION (LISTTYPE,SN,NAME1,NAME2,NAME3,NAME4,COLNAME,WIDTH,VIEW_FG,TENANT_ID) values ('A',4,'게시자','Writer','作成者','写作者','WRITERNAME',100,'Y',0);
Insert into TBL_BOARD_ITEM_LISTOPTION (LISTTYPE,SN,NAME1,NAME2,NAME3,NAME4,COLNAME,WIDTH,VIEW_FG,TENANT_ID) values ('A',5,'게시일','Registered','掲示日','发布日期','WRITEDATE',100,'Y',0);
Insert into TBL_BOARD_ITEM_LISTOPTION (LISTTYPE,SN,NAME1,NAME2,NAME3,NAME4,COLNAME,WIDTH,VIEW_FG,TENANT_ID) values ('A',6,'첨부','Attach','添付','附加','ATTACHMENTS',50,'Y',0);
Insert into TBL_BOARD_ITEM_LISTOPTION (LISTTYPE,SN,NAME1,NAME2,NAME3,NAME4,COLNAME,WIDTH,VIEW_FG,TENANT_ID) values ('A',7,'조회수','View','ヒット数','查询数','READCOUNT',50,'Y',0);
Insert into TBL_BOARD_ITEM_LISTOPTION (LISTTYPE,SN,NAME1,NAME2,NAME3,NAME4,COLNAME,WIDTH,VIEW_FG,TENANT_ID) values ('M',0,'CHECK','CHECK','CHECK','CHECK','ITEMID',20,'Y',0);
Insert into TBL_BOARD_ITEM_LISTOPTION (LISTTYPE,SN,NAME1,NAME2,NAME3,NAME4,COLNAME,WIDTH,VIEW_FG,TENANT_ID) values ('M',1,'게시판명','Board','掲示板名','布告板名称','BOARDNAME',100,'Y',0);
Insert into TBL_BOARD_ITEM_LISTOPTION (LISTTYPE,SN,NAME1,NAME2,NAME3,NAME4,COLNAME,WIDTH,VIEW_FG,TENANT_ID) values ('M',2,'제목','Title','件名','标题','TITLE',400,'Y',0);
Insert into TBL_BOARD_ITEM_LISTOPTION (LISTTYPE,SN,NAME1,NAME2,NAME3,NAME4,COLNAME,WIDTH,VIEW_FG,TENANT_ID) values ('M',3,'부서','Department','部署','部门','WRITERDEPTNAME',100,'Y',0);
Insert into TBL_BOARD_ITEM_LISTOPTION (LISTTYPE,SN,NAME1,NAME2,NAME3,NAME4,COLNAME,WIDTH,VIEW_FG,TENANT_ID) values ('M',4,'게시자','Writer','作成者','写作者','WRITERNAME',100,'Y',0);
Insert into TBL_BOARD_ITEM_LISTOPTION (LISTTYPE,SN,NAME1,NAME2,NAME3,NAME4,COLNAME,WIDTH,VIEW_FG,TENANT_ID) values ('M',5,'게시일','Registered','掲示日','发布日期','WRITEDATE',100,'Y',0);
Insert into TBL_BOARD_ITEM_LISTOPTION (LISTTYPE,SN,NAME1,NAME2,NAME3,NAME4,COLNAME,WIDTH,VIEW_FG,TENANT_ID) values ('M',6,'첨부','Attachments','添付','附加','ATTACHMENTS',50,'Y',0);
Insert into TBL_BOARD_ITEM_LISTOPTION (LISTTYPE,SN,NAME1,NAME2,NAME3,NAME4,COLNAME,WIDTH,VIEW_FG,TENANT_ID) values ('M',7,'조회수','View','ヒット数','查询数','READCOUNT',50,'Y',0);
Insert into TBL_BOARD_ITEM_LISTOPTION (LISTTYPE,SN,NAME1,NAME2,NAME3,NAME4,COLNAME,WIDTH,VIEW_FG,TENANT_ID) values ('N',0,'CHECK','CHECK','CHECK','CHECK','ITEMID',20,'Y',0);
Insert into TBL_BOARD_ITEM_LISTOPTION (LISTTYPE,SN,NAME1,NAME2,NAME3,NAME4,COLNAME,WIDTH,VIEW_FG,TENANT_ID) values ('N',1,'No','No','No','No','DOCNO',20,'Y',0);
Insert into TBL_BOARD_ITEM_LISTOPTION (LISTTYPE,SN,NAME1,NAME2,NAME3,NAME4,COLNAME,WIDTH,VIEW_FG,TENANT_ID) values ('N',2,'게시판명','Board','掲示板名','布告板名称','BOARDNAME',100,'Y',0);
Insert into TBL_BOARD_ITEM_LISTOPTION (LISTTYPE,SN,NAME1,NAME2,NAME3,NAME4,COLNAME,WIDTH,VIEW_FG,TENANT_ID) values ('N',3,'제목','Title','件名','标题','TITLE',400,'Y',0);
Insert into TBL_BOARD_ITEM_LISTOPTION (LISTTYPE,SN,NAME1,NAME2,NAME3,NAME4,COLNAME,WIDTH,VIEW_FG,TENANT_ID) values ('N',4,'부서','Department','部署','部门','WRITERDEPTNAME',100,'Y',0);
Insert into TBL_BOARD_ITEM_LISTOPTION (LISTTYPE,SN,NAME1,NAME2,NAME3,NAME4,COLNAME,WIDTH,VIEW_FG,TENANT_ID) values ('N',5,'게시자','Writer','作成者','写作者','WRITERNAME',100,'Y',0);
Insert into TBL_BOARD_ITEM_LISTOPTION (LISTTYPE,SN,NAME1,NAME2,NAME3,NAME4,COLNAME,WIDTH,VIEW_FG,TENANT_ID) values ('N',6,'게시일','Registered','掲示日','发布日期','WRITEDATE',100,'Y',0);
Insert into TBL_BOARD_ITEM_LISTOPTION (LISTTYPE,SN,NAME1,NAME2,NAME3,NAME4,COLNAME,WIDTH,VIEW_FG,TENANT_ID) values ('N',7,'첨부','Attachments','添付','附加','ATTACHMENTS',50,'Y',0);
Insert into TBL_BOARD_ITEM_LISTOPTION (LISTTYPE,SN,NAME1,NAME2,NAME3,NAME4,COLNAME,WIDTH,VIEW_FG,TENANT_ID) values ('N',8,'조회수','View','ヒット数','查询数','READCOUNT',50,'Y',0);

--Community Insert

Insert into TBL_C_CATEGORY (C_CODE,C_CAT,C_NAME,C_ORDER,TENANT_ID) values ('AA','a','t1496',1,0);
Insert into TBL_C_CATEGORY (C_CODE,C_CAT,C_NAME,C_ORDER,TENANT_ID) values ('CC','a','t1497',2,0);
Insert into TBL_C_CATEGORY (C_CODE,C_CAT,C_NAME,C_ORDER,TENANT_ID) values ('CE','a','t1498',3,0);
Insert into TBL_C_CATEGORY (C_CODE,C_CAT,C_NAME,C_ORDER,TENANT_ID) values ('CG','a','t1499',4,0);
Insert into TBL_C_CATEGORY (C_CODE,C_CAT,C_NAME,C_ORDER,TENANT_ID) values ('CI','a','t1500',5,0);
Insert into TBL_C_CATEGORY (C_CODE,C_CAT,C_NAME,C_ORDER,TENANT_ID) values ('CK','a','t1501',6,0);
Insert into TBL_C_CATEGORY (C_CODE,C_CAT,C_NAME,C_ORDER,TENANT_ID) values ('CM','a','t1502',7,0);
Insert into TBL_C_CATEGORY (C_CODE,C_CAT,C_NAME,C_ORDER,TENANT_ID) values ('CO','a','t1503',8,0);
Insert into TBL_C_CATEGORY (C_CODE,C_CAT,C_NAME,C_ORDER,TENANT_ID) values ('EC','a','t1504',9,0);
Insert into TBL_C_CATEGORY (C_CODE,C_CAT,C_NAME,C_ORDER,TENANT_ID) values ('EE','a','t1505',10,0);
Insert into TBL_C_CATEGORY (C_CODE,C_CAT,C_NAME,C_ORDER,TENANT_ID) values ('EG','a','t1506',11,0);
Insert into TBL_C_CATEGORY (C_CODE,C_CAT,C_NAME,C_ORDER,TENANT_ID) values ('EI','a','t1507',12,0);
Insert into TBL_C_CATEGORY (C_CODE,C_CAT,C_NAME,C_ORDER,TENANT_ID) values ('ZA','a','t1508',22,0);
Insert into TBL_C_CATEGORY (C_CODE,C_CAT,C_NAME,C_ORDER,TENANT_ID) values ('AA','b','t1509',1,0);
Insert into TBL_C_CATEGORY (C_CODE,C_CAT,C_NAME,C_ORDER,TENANT_ID) values ('CC','b','t1510',2,0);
Insert into TBL_C_CATEGORY (C_CODE,C_CAT,C_NAME,C_ORDER,TENANT_ID) values ('EC','b','t1511',3,0);
Insert into TBL_C_CATEGORY (C_CODE,C_CAT,C_NAME,C_ORDER,TENANT_ID) values ('GC','b','t1512',4,0);
Insert into TBL_C_CATEGORY (C_CODE,C_CAT,C_NAME,C_ORDER,TENANT_ID) values ('IC','b','t1513',5,0);
Insert into TBL_C_CATEGORY (C_CODE,C_CAT,C_NAME,C_ORDER,TENANT_ID) values ('KC','b','t1514',6,0);
Insert into TBL_C_CATEGORY (C_CODE,C_CAT,C_NAME,C_ORDER,TENANT_ID) values ('MC','b','t1515',7,0);
Insert into TBL_C_CATEGORY (C_CODE,C_CAT,C_NAME,C_ORDER,TENANT_ID) values ('OC','b','t1516',8,0);
Insert into TBL_C_CATEGORY (C_CODE,C_CAT,C_NAME,C_ORDER,TENANT_ID) values ('QC','b','t1517',9,0);
Insert into TBL_C_CATEGORY (C_CODE,C_CAT,C_NAME,C_ORDER,TENANT_ID) values ('EK','a','t1518',13,0);
Insert into TBL_C_CATEGORY (C_CODE,C_CAT,C_NAME,C_ORDER,TENANT_ID) values ('ZC','b','t1519',10,0);
Insert into TBL_C_CATEGORY (C_CODE,C_CAT,C_NAME,C_ORDER,TENANT_ID) values ('AA','c','t1520',1,0);
Insert into TBL_C_CATEGORY (C_CODE,C_CAT,C_NAME,C_ORDER,TENANT_ID) values ('CC','c','t1521',2,0);
Insert into TBL_C_CATEGORY (C_CODE,C_CAT,C_NAME,C_ORDER,TENANT_ID) values ('EC','c','t1522',3,0);
Insert into TBL_C_CATEGORY (C_CODE,C_CAT,C_NAME,C_ORDER,TENANT_ID) values ('GC','c','t1523',4,0);
Insert into TBL_C_CATEGORY (C_CODE,C_CAT,C_NAME,C_ORDER,TENANT_ID) values ('IC','c','t1524',5,0);
Insert into TBL_C_CATEGORY (C_CODE,C_CAT,C_NAME,C_ORDER,TENANT_ID) values ('KC','c','t1525',6,0);
Insert into TBL_C_CATEGORY (C_CODE,C_CAT,C_NAME,C_ORDER,TENANT_ID) values ('MC','c','t1526',7,0);
Insert into TBL_C_CATEGORY (C_CODE,C_CAT,C_NAME,C_ORDER,TENANT_ID) values ('OC','c','t1527',8,0);
Insert into TBL_C_CATEGORY (C_CODE,C_CAT,C_NAME,C_ORDER,TENANT_ID) values ('ZA','c','t1528',9,0);

-- approvalG Insert
INSERT INTO TBL_TASKCATEGORY  (CategoryCode,  Name,  Description,  OldFlag,  Name2, TENANT_ID) VALUES (N'ZA000001', N'총무행정', N'총무행정', NULL, N'총무행정_Eng',0);
INSERT INTO TBL_TASKCATEGORY  (CategoryCode,  Name,  Description,  OldFlag,  Name2, TENANT_ID) VALUES (N'ZB000001', N'경제', N'경제', NULL, N'경제_Eng',0);
INSERT INTO TBL_TASKCATEGORY  (CategoryCode,  Name,  Description,  OldFlag,  Name2, TENANT_ID) VALUES (N'ZC000001', N'재무', N'재무', NULL, N'재무_Eng',0);
INSERT INTO TBL_TASKCATEGORY  (CategoryCode,  Name,  Description,  OldFlag,  Name2, TENANT_ID) VALUES (N'ZZ000001', N'감사', N'감사', NULL, N'감사_Eng',0);
INSERT INTO TBL_TASKCATEGORY  (CategoryCode,  Name,  Description,  OldFlag,  Name2, TENANT_ID) VALUES (N'ZZ000002', N'에너지', N'에너지관리공단테스트용', NULL, N'에너지_Eng',0);

INSERT INTO TBL_LastDocID  (lastDocID, TENANT_ID) VALUES ('0                ',0);

INSERT INTO   TBL_FormContainer  (FormContID,  FormContName,  FormContOwnDepID,  FormContParents,  FormContdescription,  FormContName2, TENANT_ID) VALUES (N'2004000001', N'기본양식함', N'ALL', N'ROOT', N'G버전 기본 양식함 입니다.', N'DEPT003',0);
INSERT INTO   TBL_FormContainer  (FormContID,  FormContName,  FormContOwnDepID,  FormContParents,  FormContdescription,  FormContName2, TENANT_ID) VALUES (N'2004000003', N'HWP양식함', N'ALL', N'ROOT', NULL, NULL,0);

INSERT INTO   TBL_ContainerType  (ContainerTypeID,  ContainerTypeName,  ContainerTypeName2, TENANT_ID) VALUES (N'100       ', N'품의함', N'Draft',0);
INSERT INTO   TBL_ContainerType  (ContainerTypeID,  ContainerTypeName,  ContainerTypeName2, TENANT_ID) VALUES (N'200       ', N'협조함', N'Support',0);
INSERT INTO   TBL_ContainerType  (ContainerTypeID,  ContainerTypeName,  ContainerTypeName2, TENANT_ID) VALUES (N'300       ', N'감사함', N'Audit',0);
INSERT INTO   TBL_ContainerType  (ContainerTypeID,  ContainerTypeName,  ContainerTypeName2, TENANT_ID) VALUES (N'500       ', N'수신함', N'Receive',0);
INSERT INTO   TBL_ContainerType  (ContainerTypeID,  ContainerTypeName,  ContainerTypeName2, TENANT_ID) VALUES (N'600       ', N'합의함', N'Agree',0);
INSERT INTO   TBL_ContainerType  (ContainerTypeID,  ContainerTypeName,  ContainerTypeName2, TENANT_ID) VALUES (N'610       ', N'발신함', N'Send',0);
INSERT INTO   TBL_ContainerType  (ContainerTypeID,  ContainerTypeName,  ContainerTypeName2, TENANT_ID) VALUES (N'700       ', N'반송함', N'Reject',0);
INSERT INTO   TBL_ContainerType  (ContainerTypeID,  ContainerTypeName,  ContainerTypeName2, TENANT_ID) VALUES (N'999       ', N'폐기함', N'Obsolete',0);

INSERT INTO   TBL_CONTAINERTODOCSTATE  (ContainerTypeID,  DocumentState, TENANT_ID) VALUES (N'100       ', N'001',0);
INSERT INTO   TBL_CONTAINERTODOCSTATE  (ContainerTypeID,  DocumentState, TENANT_ID) VALUES (N'200       ', N'002',0);
INSERT INTO   TBL_CONTAINERTODOCSTATE  (ContainerTypeID,  DocumentState, TENANT_ID) VALUES (N'300       ', N'003',0);
INSERT INTO   TBL_CONTAINERTODOCSTATE  (ContainerTypeID,  DocumentState, TENANT_ID) VALUES (N'300       ', N'014',0);
INSERT INTO   TBL_CONTAINERTODOCSTATE  (ContainerTypeID,  DocumentState, TENANT_ID) VALUES (N'300       ', N'018',0);
INSERT INTO   TBL_CONTAINERTODOCSTATE  (ContainerTypeID,  DocumentState, TENANT_ID) VALUES (N'500       ', N'011',0);
INSERT INTO   TBL_CONTAINERTODOCSTATE  (ContainerTypeID,  DocumentState, TENANT_ID) VALUES (N'500       ', N'015',0);
INSERT INTO   TBL_CONTAINERTODOCSTATE  (ContainerTypeID,  DocumentState, TENANT_ID) VALUES (N'600       ', N'012',0);
INSERT INTO   TBL_CONTAINERTODOCSTATE  (ContainerTypeID,  DocumentState, TENANT_ID) VALUES (N'610       ', N'019',0);
INSERT INTO   TBL_CONTAINERTODOCSTATE  (ContainerTypeID,  DocumentState, TENANT_ID) VALUES (NULL         , N'022',0);
INSERT INTO   TBL_CONTAINERTODOCSTATE  (ContainerTypeID,  DocumentState, TENANT_ID) VALUES (NULL         , N'023',0);
INSERT INTO   TBL_CONTAINERTODOCSTATE  (ContainerTypeID,  DocumentState, TENANT_ID) VALUES (N'700       ', N'031',0);
INSERT INTO   TBL_CONTAINERTODOCSTATE  (ContainerTypeID,  DocumentState, TENANT_ID) VALUES (N'700       ', N'032',0);

INSERT INTO   TBL_TASKMIDDLECATEGORY  (MCategoryCode,  Name,  Description,  CategoryCode,  OldFlag,  Name2, TENANT_ID) VALUES (N'aa000001', N'감사결과처리', N'감사결과처리', N'ZZ000001', NULL, N'감사결과처리_Eng',0);
INSERT INTO   TBL_TASKMIDDLECATEGORY  (MCategoryCode,  Name,  Description,  CategoryCode,  OldFlag,  Name2, TENANT_ID) VALUES (N'aa000002', N'인사관리', N'인사관리', N'ZZ000001', NULL, N'인사관리_Eng',0);
INSERT INTO   TBL_TASKMIDDLECATEGORY  (MCategoryCode,  Name,  Description,  CategoryCode,  OldFlag,  Name2, TENANT_ID) VALUES (N'ab000001', N'기록관리', N'기록관리', N'ZA000001', NULL, N'기록관리_Eng',0);
INSERT INTO   TBL_TASKMIDDLECATEGORY  (MCategoryCode,  Name,  Description,  CategoryCode,  OldFlag,  Name2, TENANT_ID) VALUES (N'ac000001', N'경제협력', N'경제협력', N'ZB000001', NULL, N'경제협력_Eng',0);
INSERT INTO   TBL_TASKMIDDLECATEGORY  (MCategoryCode,  Name,  Description,  CategoryCode,  OldFlag,  Name2, TENANT_ID) VALUES (N'ad000001', N'조세', N'조세', N'ZC000001', NULL, N'조세_Eng',0);
INSERT INTO   TBL_TASKMIDDLECATEGORY  (MCategoryCode,  Name,  Description,  CategoryCode,  OldFlag,  Name2, TENANT_ID) VALUES (N'cb000001', N'기록관리', N'기록관리', N'ZA000001', NULL, N'기록관리_Eng',0);
INSERT INTO   TBL_TASKMIDDLECATEGORY  (MCategoryCode,  Name,  Description,  CategoryCode,  OldFlag,  Name2, TENANT_ID) VALUES (N'cc000001', N'인사관리', N'인사관리', N'ZA000001', NULL, N'인사관리_Eng',0);
INSERT INTO   TBL_TASKMIDDLECATEGORY  (MCategoryCode,  Name,  Description,  CategoryCode,  OldFlag,  Name2, TENANT_ID) VALUES (N'ZZ000022', N'에너지용', N'에너지용', N'ZZ000002', NULL, N'에너지용_Eng',0);

------------------------------------------
-- TENANT_ID 추가시 TENANT_ID 수정해서 INSERT
-------------------------------------------

INSERT INTO    TBL_FORMPROPERTY  (SN, CODE,  ID,  NAME,  DESCRIPTION,  UPPERCODE, TENANT_ID) VALUES (1, UUID(), 'processinfo', 'F0001', '문서정보', 'ROOT',0);
INSERT INTO    TBL_FORMPROPERTY  (SN, CODE,  ID,  NAME,  DESCRIPTION,  UPPERCODE, TENANT_ID) VALUES (2, UUID(),'headcampaign', 'F0002', '머리표제', (SELECT CODE FROM    TBL_FORMPROPERTY T WHERE ID='processinfo' AND TENANT_ID = 0),0);
INSERT INTO    TBL_FORMPROPERTY  (SN, CODE,  ID,  NAME,  DESCRIPTION,  UPPERCODE, TENANT_ID) VALUES (3, UUID(),'doctitle', 'F0003', '문서제목', (SELECT CODE FROM    TBL_FORMPROPERTY T WHERE ID='processinfo' AND TENANT_ID = 0),0);
INSERT INTO    TBL_FORMPROPERTY  (SN, CODE,  ID,  NAME,  DESCRIPTION,  UPPERCODE, TENANT_ID) VALUES (4,	UUID(), 'body', 'F0004', '본문', (SELECT CODE FROM    TBL_FORMPROPERTY T WHERE ID='processinfo' AND TENANT_ID = 0),0);
INSERT INTO    TBL_FORMPROPERTY  (SN, CODE,  ID,  NAME,  DESCRIPTION,  UPPERCODE, TENANT_ID) VALUES (5,	UUID(), 'docnumber', 'F0005', '문서번호', (SELECT CODE FROM    TBL_FORMPROPERTY T WHERE ID='processinfo' AND TENANT_ID = 0),0);
INSERT INTO    TBL_FORMPROPERTY  (SN, CODE,  ID,  NAME,  DESCRIPTION,  UPPERCODE, TENANT_ID) VALUES (6,	UUID(), 'grouping', 'F0006', '분류기호', (SELECT CODE FROM    TBL_FORMPROPERTY T WHERE ID='processinfo' AND TENANT_ID = 0),0);
INSERT INTO    TBL_FORMPROPERTY  (SN, CODE,  ID,  NAME,  DESCRIPTION,  UPPERCODE, TENANT_ID) VALUES (7, UUID(),'publication', 'F0007', '공개유무', (SELECT CODE FROM    TBL_FORMPROPERTY T WHERE ID='processinfo' AND TENANT_ID = 0),0);
INSERT INTO    TBL_FORMPROPERTY  (SN, CODE,  ID,  NAME,  DESCRIPTION,  UPPERCODE, TENANT_ID) VALUES (8,	UUID(), 'securitylevel', 'F0008', '보안등급', (SELECT CODE FROM    TBL_FORMPROPERTY T WHERE ID='processinfo' AND TENANT_ID = 0),0);
INSERT INTO    TBL_FORMPROPERTY  (SN, CODE,  ID,  NAME,  DESCRIPTION,  UPPERCODE, TENANT_ID) VALUES (9,	UUID(), 'keepperiod', 'F0009', '보존년한', (SELECT CODE FROM    TBL_FORMPROPERTY T WHERE ID='processinfo' AND TENANT_ID = 0),0);
INSERT INTO    TBL_FORMPROPERTY  (SN, CODE,  ID,  NAME,  DESCRIPTION,  UPPERCODE, TENANT_ID) VALUES (10,UUID(), 'docsummary', 'F0010', '문서요약', (SELECT CODE FROM    TBL_FORMPROPERTY T WHERE ID='processinfo' AND TENANT_ID = 0),0);
INSERT INTO    TBL_FORMPROPERTY  (SN, CODE,  ID,  NAME,  DESCRIPTION,  UPPERCODE, TENANT_ID) VALUES (11,UUID(), 'senddate', 'F0011', '발신일자', (SELECT CODE FROM    TBL_FORMPROPERTY T WHERE ID='processinfo' AND TENANT_ID = 0),0);
INSERT INTO    TBL_FORMPROPERTY  (SN, CODE,  ID,  NAME,  DESCRIPTION,  UPPERCODE, TENANT_ID) VALUES (12,UUID(), 'enforcedate', 'F0012', '시행일자', (SELECT CODE FROM    TBL_FORMPROPERTY T WHERE ID='processinfo' AND TENANT_ID = 0),0);
INSERT INTO    TBL_FORMPROPERTY  (SN, CODE,  ID,  NAME,  DESCRIPTION,  UPPERCODE, TENANT_ID) VALUES (13,UUID(), 'memo', 'F0013', '의견', (SELECT CODE FROM    TBL_FORMPROPERTY T WHERE ID='processinfo' AND TENANT_ID = 0),0);
INSERT INTO    TBL_FORMPROPERTY  (SN, CODE,  ID,  NAME,  DESCRIPTION,  UPPERCODE, TENANT_ID) VALUES (14,UUID(), 'zipcode', 'F0014', '우편번호', (SELECT CODE FROM    TBL_FORMPROPERTY T WHERE ID='processinfo' AND TENANT_ID = 0),0);
INSERT INTO    TBL_FORMPROPERTY  (SN, CODE,  ID,  NAME,  DESCRIPTION,  UPPERCODE, TENANT_ID) VALUES (15,UUID(), 'telephone', 'F0015', '전화', (SELECT CODE FROM    TBL_FORMPROPERTY T WHERE ID='processinfo' AND TENANT_ID = 0),0);
INSERT INTO    TBL_FORMPROPERTY  (SN, CODE,  ID,  NAME,  DESCRIPTION,  UPPERCODE, TENANT_ID) VALUES (16,UUID(), 'junkyul', 'F0016', '전결/대결', (SELECT CODE FROM    TBL_FORMPROPERTY T WHERE ID='processinfo' AND TENANT_ID = 0),0);
INSERT INTO    TBL_FORMPROPERTY  (SN, CODE,  ID,  NAME,  DESCRIPTION,  UPPERCODE, TENANT_ID) VALUES (17,UUID(), 'address', 'F0017', '주소', (SELECT CODE FROM    TBL_FORMPROPERTY T WHERE ID='processinfo' AND TENANT_ID = 0),0);
INSERT INTO    TBL_FORMPROPERTY  (SN, CODE,  ID,  NAME,  DESCRIPTION,  UPPERCODE, TENANT_ID) VALUES (18,UUID(), 'sealsign', 'F0018', '관인날인', (SELECT CODE FROM    TBL_FORMPROPERTY T WHERE ID='processinfo' AND TENANT_ID = 0),0);
INSERT INTO    TBL_FORMPROPERTY  (SN, CODE,  ID,  NAME,  DESCRIPTION,  UPPERCODE, TENANT_ID) VALUES (19,UUID(), 'noseal', 'F0019', '관인생략', (SELECT CODE FROM    TBL_FORMPROPERTY T WHERE ID='processinfo' AND TENANT_ID = 0),0);
INSERT INTO    TBL_FORMPROPERTY  (SN, CODE,  ID,  NAME,  DESCRIPTION,  UPPERCODE, TENANT_ID) VALUES (20,UUID(), 'receiptnumber', 'F0056', '접수번호', (SELECT CODE FROM    TBL_FORMPROPERTY T WHERE ID='processinfo' AND TENANT_ID = 0),0);
INSERT INTO    TBL_FORMPROPERTY  (SN, CODE,  ID,  NAME,  DESCRIPTION,  UPPERCODE, TENANT_ID) VALUES (21,UUID(), 'draftinfo', 'F0020', '기안부서 정보', 'ROOT',0);
INSERT INTO    TBL_FORMPROPERTY  (SN, CODE,  ID,  NAME,  DESCRIPTION,  UPPERCODE, TENANT_ID) VALUES (22,UUID(), 'draftername', 'F0021', '기안자 성명', (SELECT CODE FROM    TBL_FORMPROPERTY T WHERE ID='draftinfo' AND TENANT_ID = 0),0);
INSERT INTO    TBL_FORMPROPERTY  (SN, CODE,  ID,  NAME,  DESCRIPTION,  UPPERCODE, TENANT_ID) VALUES (23,UUID(), 'department', 'F0022', '기안자 부서명', (SELECT CODE FROM    TBL_FORMPROPERTY T WHERE ID='draftinfo' AND TENANT_ID = 0),0);
INSERT INTO    TBL_FORMPROPERTY  (SN, CODE,  ID,  NAME,  DESCRIPTION,  UPPERCODE, TENANT_ID) VALUES (24,UUID(), 'position', 'F0023', '기안자 직위', (SELECT CODE FROM    TBL_FORMPROPERTY T WHERE ID='draftinfo' AND TENANT_ID = 0),0);
INSERT INTO    TBL_FORMPROPERTY  (SN, CODE,  ID,  NAME,  DESCRIPTION,  UPPERCODE, TENANT_ID) VALUES (25,UUID(), 'email', 'F0024', '기안자 E-Mail', (SELECT CODE FROM    TBL_FORMPROPERTY T WHERE ID='draftinfo' AND TENANT_ID = 0),0);
INSERT INTO    TBL_FORMPROPERTY  (SN, CODE,  ID,  NAME,  DESCRIPTION,  UPPERCODE, TENANT_ID) VALUES (26,UUID(), 'draftdate', 'F0025', '기안일자', (SELECT CODE FROM    TBL_FORMPROPERTY T WHERE ID='draftinfo' AND TENANT_ID = 0),0);
INSERT INTO    TBL_FORMPROPERTY  (SN, CODE,  ID,  NAME,  DESCRIPTION,  UPPERCODE, TENANT_ID) VALUES (27,UUID(), 'lastKyulName', 'F0026', '최종결재자명', (SELECT CODE FROM    TBL_FORMPROPERTY T WHERE ID='draftinfo' AND TENANT_ID = 0),0);
INSERT INTO    TBL_FORMPROPERTY  (SN, CODE,  ID,  NAME,  DESCRIPTION,  UPPERCODE, TENANT_ID) VALUES (28,UUID(), 'lastKyuljikwee', 'F0027', '최종결재자직위', (SELECT CODE FROM    TBL_FORMPROPERTY T WHERE ID='draftinfo' AND TENANT_ID = 0),0);
INSERT INTO    TBL_FORMPROPERTY  (SN, CODE,  ID,  NAME,  DESCRIPTION,  UPPERCODE, TENANT_ID) VALUES (29,UUID(), 'chief', 'F0028', '기관장', (SELECT CODE FROM    TBL_FORMPROPERTY T WHERE ID='draftinfo' AND TENANT_ID = 0),0);
INSERT INTO    TBL_FORMPROPERTY  (SN, CODE,  ID,  NAME,  DESCRIPTION,  UPPERCODE, TENANT_ID) VALUES (30,UUID(), 'deptshortedname', 'F0029', '부서약어', (SELECT CODE FROM    TBL_FORMPROPERTY T WHERE ID='draftinfo' AND TENANT_ID = 0),0);
INSERT INTO    TBL_FORMPROPERTY  (SN, CODE,  ID,  NAME,  DESCRIPTION,  UPPERCODE, TENANT_ID) VALUES (31,UUID(), 'receiptinfo', 'F0030', '수신 정보', 'ROOT',0);
INSERT INTO    TBL_FORMPROPERTY  (SN, CODE,  ID,  NAME,  DESCRIPTION,  UPPERCODE, TENANT_ID) VALUES (32,UUID(), 'recipient', 'F0031', '수신', (SELECT CODE FROM    TBL_FORMPROPERTY T WHERE ID='receiptinfo' AND TENANT_ID = 0),0);
INSERT INTO    TBL_FORMPROPERTY  (SN, CODE,  ID,  NAME,  DESCRIPTION,  UPPERCODE, TENANT_ID) VALUES (33,UUID(), 'recipients', 'F0032', '수신처', (SELECT CODE FROM    TBL_FORMPROPERTY T WHERE ID='receiptinfo' AND TENANT_ID = 0),0);
INSERT INTO    TBL_FORMPROPERTY  (SN, CODE,  ID,  NAME,  DESCRIPTION,  UPPERCODE, TENANT_ID) VALUES (34,UUID(), 'refer', 'F0033', '참조', (SELECT CODE FROM    TBL_FORMPROPERTY T WHERE ID='receiptinfo' AND TENANT_ID = 0),0);
INSERT INTO    TBL_FORMPROPERTY  (SN, CODE,  ID,  NAME,  DESCRIPTION,  UPPERCODE, TENANT_ID) VALUES (35,UUID(), 'seal', 'F0034', '발신처명의', (SELECT CODE FROM    TBL_FORMPROPERTY T WHERE ID='receiptinfo' AND TENANT_ID = 0),0);
INSERT INTO    TBL_FORMPROPERTY  (SN, CODE,  ID,  NAME,  DESCRIPTION,  UPPERCODE, TENANT_ID) VALUES (36,UUID(), 'receiptdate', 'F0035', '접수일자', (SELECT CODE FROM    TBL_FORMPROPERTY T WHERE ID='receiptinfo' AND TENANT_ID = 0),0);
INSERT INTO    TBL_FORMPROPERTY  (SN, CODE,  ID,  NAME,  DESCRIPTION,  UPPERCODE, TENANT_ID) VALUES (37,UUID(), 'approvalinfo', 'F0036', '기안결재 사인정보', 'ROOT',0);
INSERT INTO    TBL_FORMPROPERTY  (SN, CODE,  ID,  NAME,  DESCRIPTION,  UPPERCODE, TENANT_ID) VALUES (38,UUID(), 'sign', 'F0037', '결재사인', (SELECT CODE FROM    TBL_FORMPROPERTY T WHERE ID='approvalinfo' AND TENANT_ID = 0),0);
INSERT INTO    TBL_FORMPROPERTY  (SN, CODE,  ID,  NAME,  DESCRIPTION,  UPPERCODE, TENANT_ID) VALUES (39,UUID(), 'approdept', 'F0038', '결재자부서명', (SELECT CODE FROM    TBL_FORMPROPERTY T WHERE ID='approvalinfo' AND TENANT_ID = 0),0);
INSERT INTO    TBL_FORMPROPERTY  (SN, CODE,  ID,  NAME,  DESCRIPTION,  UPPERCODE, TENANT_ID) VALUES (40,UUID(), 'jikwe', 'F0039', '결재자직위', (SELECT CODE FROM    TBL_FORMPROPERTY T WHERE ID='approvalinfo' AND TENANT_ID = 0),0);
INSERT INTO    TBL_FORMPROPERTY  (SN, CODE,  ID,  NAME,  DESCRIPTION,  UPPERCODE, TENANT_ID) VALUES (41,UUID(), 'seumyung', 'F0040', '결재자명', (SELECT CODE FROM    TBL_FORMPROPERTY T WHERE ID='approvalinfo' AND TENANT_ID = 0),0);
INSERT INTO    TBL_FORMPROPERTY  (SN, CODE,  ID,  NAME,  DESCRIPTION,  UPPERCODE, TENANT_ID) VALUES (42,UUID(), 'seumyungdate', 'F0041', '결재일자', (SELECT CODE FROM    TBL_FORMPROPERTY T WHERE ID='approvalinfo' AND TENANT_ID = 0),0);
INSERT INTO    TBL_FORMPROPERTY  (SN, CODE,  ID,  NAME,  DESCRIPTION,  UPPERCODE, TENANT_ID) VALUES (43,UUID(), 'habyuisign', 'F0042', '합의자 사인', (SELECT CODE FROM    TBL_FORMPROPERTY T WHERE ID='approvalinfo' AND TENANT_ID = 0),0);
INSERT INTO    TBL_FORMPROPERTY  (SN, CODE,  ID,  NAME,  DESCRIPTION,  UPPERCODE, TENANT_ID) VALUES (44,UUID(), 'habyui', 'F0043', '합의자 부서명', (SELECT CODE FROM    TBL_FORMPROPERTY T WHERE ID='approvalinfo' AND TENANT_ID = 0),0);
INSERT INTO    TBL_FORMPROPERTY  (SN, CODE,  ID,  NAME,  DESCRIPTION,  UPPERCODE, TENANT_ID) VALUES (45,UUID(), 'habyuipositon', 'F0044', '합의자 직위', (SELECT CODE FROM    TBL_FORMPROPERTY T WHERE ID='approvalinfo' AND TENANT_ID = 0),0);
INSERT INTO    TBL_FORMPROPERTY  (SN, CODE,  ID,  NAME,  DESCRIPTION,  UPPERCODE, TENANT_ID) VALUES (46,UUID(), 'habyuija', 'F0045', '합의자명', (SELECT CODE FROM    TBL_FORMPROPERTY T WHERE ID='approvalinfo' AND TENANT_ID = 0),0);
INSERT INTO    TBL_FORMPROPERTY  (SN, CODE,  ID,  NAME,  DESCRIPTION,  UPPERCODE, TENANT_ID) VALUES (47,UUID(), 'habyuidate', 'F0046', '합의일자', (SELECT CODE FROM    TBL_FORMPROPERTY T WHERE ID='approvalinfo' AND TENANT_ID = 0),0);
INSERT INTO    TBL_FORMPROPERTY  (SN, CODE,  ID,  NAME,  DESCRIPTION,  UPPERCODE, TENANT_ID) VALUES (48,UUID(), 'gongram', 'F0047', '공람사인', (SELECT CODE FROM    TBL_FORMPROPERTY T WHERE ID='approvalinfo' AND TENANT_ID = 0),0);
INSERT INTO    TBL_FORMPROPERTY  (SN, CODE,  ID,  NAME,  DESCRIPTION,  UPPERCODE, TENANT_ID) VALUES (49,UUID(), 'recvapprovalinfo', 'F0048', '수신결재 사인정보', 'ROOT',0);
INSERT INTO    TBL_FORMPROPERTY  (SN, CODE,  ID,  NAME,  DESCRIPTION,  UPPERCODE, TENANT_ID) VALUES (50,UUID(), '1sign', 'F0049', '결재사인1', (SELECT CODE FROM    TBL_FORMPROPERTY T WHERE ID='recvapprovalinfo' AND TENANT_ID = 0),0);
INSERT INTO    TBL_FORMPROPERTY  (SN, CODE,  ID,  NAME,  DESCRIPTION,  UPPERCODE, TENANT_ID) VALUES (51,UUID(), '1approdept', 'F0050', '결재자부서명1', (SELECT CODE FROM    TBL_FORMPROPERTY T WHERE ID='recvapprovalinfo' AND TENANT_ID = 0),0);
INSERT INTO    TBL_FORMPROPERTY  (SN, CODE,  ID,  NAME,  DESCRIPTION,  UPPERCODE, TENANT_ID) VALUES (52,UUID(), '1jikwe', 'F0051', '결재자직위1', (SELECT CODE FROM    TBL_FORMPROPERTY T WHERE ID='recvapprovalinfo' AND TENANT_ID = 0),0);
INSERT INTO    TBL_FORMPROPERTY  (SN, CODE,  ID,  NAME,  DESCRIPTION,  UPPERCODE, TENANT_ID) VALUES (53,UUID(), '1seumyung', 'F0052', '결재자명1', (SELECT CODE FROM    TBL_FORMPROPERTY T WHERE ID='recvapprovalinfo' AND TENANT_ID = 0),0);
INSERT INTO    TBL_FORMPROPERTY  (SN, CODE,  ID,  NAME,  DESCRIPTION,  UPPERCODE, TENANT_ID) VALUES (54,UUID(), '1seumyungdate', 'F0053', '결재일자1', (SELECT CODE FROM    TBL_FORMPROPERTY T WHERE ID='recvapprovalinfo' AND TENANT_ID = 0),0);
INSERT INTO    TBL_FORMPROPERTY  (SN, CODE,  ID,  NAME,  DESCRIPTION,  UPPERCODE, TENANT_ID) VALUES (55,UUID(), 'userdefinedinfo', 'F0054', '사용자 지정', 'ROOT',0);
INSERT INTO    TBL_FORMPROPERTY  (SN, CODE,  ID,  NAME,  DESCRIPTION,  UPPERCODE, TENANT_ID) VALUES (56,UUID(), '', 'F0055', '사용자정의정보', (SELECT CODE FROM    TBL_FORMPROPERTY T WHERE ID='userdefinedinfo' AND TENANT_ID = 0),0);
-- INSERT INTO    TBL_FORMPROPERTY  (SN, CODE,  ID,  NAME,  DESCRIPTION,  UPPERCODE, TENANT_ID) VALUES (57,UUID(), 'free', 'F0057', '사용자정의정보', (SELECT CODE FROM    TBL_FORMPROPERTY T WHERE ID='userdefinedinfo' AND TENANT_ID = 0),0);

INSERT INTO TBL_CODELIST (CODE1,CODE2,NAME,ISUSE,DESCRIPT,NAME2,NAME3,NAME4,TENANT_ID) values ('A01','003','수신문','1','수신문','Receipt','受信文','收件文件',0);
INSERT INTO TBL_CODELIST (CODE1,CODE2,NAME,ISUSE,DESCRIPT,NAME2,NAME3,NAME4,TENANT_ID) values ('A01','004','연계기안','1','시행문','Linked Draft',null,null,0);
INSERT INTO TBL_CODELIST (CODE1,CODE2,NAME,ISUSE,DESCRIPT,NAME2,NAME3,NAME4,TENANT_ID) values ('A01','005','협조','1','부서합의','Agreement(personal)','合意','起案书',0);
INSERT INTO TBL_CODELIST (CODE1,CODE2,NAME,ISUSE,DESCRIPT,NAME2,NAME3,NAME4,TENANT_ID) values ('A01','006','감사','0','감사문서','Audit','監査','审查',0);
INSERT INTO TBL_CODELIST (CODE1,CODE2,NAME,ISUSE,DESCRIPT,NAME2,NAME3,NAME4,TENANT_ID) values ('A24','001','0','1','문서보기를 위한 기한을 설정.','0','0','0',0);
INSERT INTO TBL_CODELIST (CODE1,CODE2,NAME,ISUSE,DESCRIPT,NAME2,NAME3,NAME4,TENANT_ID) values ('A25','0  ','회송처리','1','0:원기안부서, 1:이전 수신부서','회송처리','회송처리','회송처리',0);
INSERT INTO TBL_CODELIST (CODE1,CODE2,NAME,ISUSE,DESCRIPT,NAME2,NAME3,NAME4,TENANT_ID) values ('A25','001','0','1','구분','0','0','0',0);
INSERT INTO TBL_CODELIST (CODE1,CODE2,NAME,ISUSE,DESCRIPT,NAME2,NAME3,NAME4,TENANT_ID) values ('A26','0  ','대리결재사인헤드','1','대리결재사인헤드','대리결재사인헤드','대리결재사인헤드','대리결재사인헤드',0);
INSERT INTO TBL_CODELIST (CODE1,CODE2,NAME,ISUSE,DESCRIPT,NAME2,NAME3,NAME4,TENANT_ID) values ('A26','001','代','1','대리결재사인헤드','代','代','代',0);
INSERT INTO TBL_CODELIST (CODE1,CODE2,NAME,ISUSE,DESCRIPT,NAME2,NAME3,NAME4,TENANT_ID) values ('A27','0  ','수신처구분','1','0:부서,1:부서/사람','수신처구분','수신처구분','수신처구분',0);
INSERT INTO TBL_CODELIST (CODE1,CODE2,NAME,ISUSE,DESCRIPT,NAME2,NAME3,NAME4,TENANT_ID) values ('A27','001','부서','1','부서','부서','부서','부서',0);
INSERT INTO TBL_CODELIST (CODE1,CODE2,NAME,ISUSE,DESCRIPT,NAME2,NAME3,NAME4,TENANT_ID) values ('A27','002','부서/사람','0','부서/사람','부서/사람','부서/사람','부서/사람',0);
INSERT INTO TBL_CODELIST (CODE1,CODE2,NAME,ISUSE,DESCRIPT,NAME2,NAME3,NAME4,TENANT_ID) values ('A28','0  ','조직도구분','0','조직도 구분','조직도구분','조직도구분','조직도구분',0);
INSERT INTO TBL_CODELIST (CODE1,CODE2,NAME,ISUSE,DESCRIPT,NAME2,NAME3,NAME4,TENANT_ID) values ('A28','001','001','1','조직도 직위','001','001','001',0);
INSERT INTO TBL_CODELIST (CODE1,CODE2,NAME,ISUSE,DESCRIPT,NAME2,NAME3,NAME4,TENANT_ID) values ('A28','002','002','0','조직도 직책','002','002','002',0);
INSERT INTO TBL_CODELIST (CODE1,CODE2,NAME,ISUSE,DESCRIPT,NAME2,NAME3,NAME4,TENANT_ID) values ('A28','003','003','0','조직도 직위/직책','003','003','003',0);
INSERT INTO TBL_CODELIST (CODE1,CODE2,NAME,ISUSE,DESCRIPT,NAME2,NAME3,NAME4,TENANT_ID) values ('A29','0  ','개인수신처','0',null,'개인수신처','개인수신처','개인수신처',0);
INSERT INTO TBL_CODELIST (CODE1,CODE2,NAME,ISUSE,DESCRIPT,NAME2,NAME3,NAME4,TENANT_ID) values ('A29','001','개인수신처구분','0','1:수신처리기, 0:결재진행관리기','개인수신처구분','개인수신처구분','개인수신처구분',0);
INSERT INTO TBL_CODELIST (CODE1,CODE2,NAME,ISUSE,DESCRIPT,NAME2,NAME3,NAME4,TENANT_ID) values ('A30','0  ','문서채번룰','1','문서채번시 적용되는 룰 정의','문서채번룰','문서채번룰','문서채번룰',0);
INSERT INTO TBL_CODELIST (CODE1,CODE2,NAME,ISUSE,DESCRIPT,NAME2,NAME3,NAME4,TENANT_ID) values ('A30','001','11S','1','x1 - 채번범위 (0:전체, 1:부서별, 2:양시함별) x2 - 분류기호 사용여부(0:사용안함, 1:사용함) x3 - 초기화 시점 (N: 초기화안함, M: 월별, Y:년별)','11S','11S','11S',0);
INSERT INTO TBL_CODELIST (CODE1,CODE2,NAME,ISUSE,DESCRIPT,NAME2,NAME3,NAME4,TENANT_ID) values ('A30','002','0000','1','문서번호 FORMAT','0000','0000','0000',0);
INSERT INTO TBL_CODELIST (CODE1,CODE2,NAME,ISUSE,DESCRIPT,NAME2,NAME3,NAME4,TENANT_ID) values ('A30','003','2','1','회계종료월 (예: 2007.3~2008.2 이 회계년도이면 2를 넣는다. 1~12월이면 0을 넣는다)로 채번 및 기록물등록년도에 이용된다','2','2','2',0);
INSERT INTO TBL_CODELIST (CODE1,CODE2,NAME,ISUSE,DESCRIPT,NAME2,NAME3,NAME4,TENANT_ID) values ('A31','0  ','결재처리제한','0','결재처리 되지 않는 문서리스트 제한','결재처리제한','결재처리제한','결재처리제한',0);
INSERT INTO TBL_CODELIST (CODE1,CODE2,NAME,ISUSE,DESCRIPT,NAME2,NAME3,NAME4,TENANT_ID) values ('A31','001','3','0','N일 이상 지체되는 결재문서','3','3','3',0);
INSERT INTO TBL_CODELIST (CODE1,CODE2,NAME,ISUSE,DESCRIPT,NAME2,NAME3,NAME4,TENANT_ID) values ('A32','0  ','전결처리방법','0','전결처리방법 정의','전결처리방법','전결처리방법','전결처리방법',0);
INSERT INTO TBL_CODELIST (CODE1,CODE2,NAME,ISUSE,DESCRIPT,NAME2,NAME3,NAME4,TENANT_ID) values ('A32','001','100','1','x1 - 전결자 (0:사인, 1:전결표시)x2 - 전결이후 결재자(0:표시안함, 1: 전결표시)x3 - 최종결재자(0:사인, 1:전결표시)','100','100','100',0);
INSERT INTO TBL_CODELIST (CODE1,CODE2,NAME,ISUSE,DESCRIPT,NAME2,NAME3,NAME4,TENANT_ID) values ('A33','0  ','결재칸Split 유무','0','결재한 Split  유무확인','결재칸Split 유무','결재칸Split 유무','결재칸Split 유무',0);
INSERT INTO TBL_CODELIST (CODE1,CODE2,NAME,ISUSE,DESCRIPT,NAME2,NAME3,NAME4,TENANT_ID) values ('A33','001','N','1','사용유무','N','N','N',0);
INSERT INTO TBL_CODELIST (CODE1,CODE2,NAME,ISUSE,DESCRIPT,NAME2,NAME3,NAME4,TENANT_ID) values ('A33','002','FIX','1','FIX : 칸고정, DIV : 칸나눔으로 처리','FIX','FIX','FIX',0);
INSERT INTO TBL_CODELIST (CODE1,CODE2,NAME,ISUSE,DESCRIPT,NAME2,NAME3,NAME4,TENANT_ID) values ('A34','0  ','문서링크','0','합의/감사 문서 Link','문서링크','문서링크','문서링크',0);
INSERT INTO TBL_CODELIST (CODE1,CODE2,NAME,ISUSE,DESCRIPT,NAME2,NAME3,NAME4,TENANT_ID) values ('A34','001','9','1','0:사용안함,1:합의,2:감사,9:전체적용','9','9','9',0);
INSERT INTO TBL_CODELIST (CODE1,CODE2,NAME,ISUSE,DESCRIPT,NAME2,NAME3,NAME4,TENANT_ID) values ('A35','0  ','수신함보내기','0','수신함으로 바로 보내기','수신함보내기','수신함보내기','수신함보내기',0);
INSERT INTO TBL_CODELIST (CODE1,CODE2,NAME,ISUSE,DESCRIPT,NAME2,NAME3,NAME4,TENANT_ID) values ('A35','001','0','1','0:사용안함,1:사용함. 1이면 완료쪽으로 Copy','0','0','0',0);
INSERT INTO TBL_CODELIST (CODE1,CODE2,NAME,ISUSE,DESCRIPT,NAME2,NAME3,NAME4,TENANT_ID) values ('A35','002','G','1','G버전 Flag. "G"면 심사시에만 문서 발송. (G 정부버전, S 대학버전)','G','G','G',0);
INSERT INTO TBL_CODELIST (CODE1,CODE2,NAME,ISUSE,DESCRIPT,NAME2,NAME3,NAME4,TENANT_ID) values ('A35','003','Y','1','G버전 폐기 Flag. "Y"면 완료후 보존기간 경과한 문서 폐기 대상. 그외는 이관된 기록물철은 모두 폐기대상.','Y','Y','Y',0);
INSERT INTO TBL_CODELIST (CODE1,CODE2,NAME,ISUSE,DESCRIPT,NAME2,NAME3,NAME4,TENANT_ID) values ('A36','0  ','변환문서','0','변환문서URL','변환문서','변환문서','변환문서',0);
INSERT INTO TBL_CODELIST (CODE1,CODE2,NAME,ISUSE,DESCRIPT,NAME2,NAME3,NAME4,TENANT_ID) values ('A36','001','/files/upload_approvalG/form/2003000007.mht','1','합의문서','/files/upload_approvalG/form/2003000007.mht','/files/upload_approvalG/form/2003000007.mht','/files/upload_approvalG/form/2003000007.mht',0);
INSERT INTO TBL_CODELIST (CODE1,CODE2,NAME,ISUSE,DESCRIPT,NAME2,NAME3,NAME4,TENANT_ID) values ('A36','002','/upload_approvalG/S907000/Form/2006000001.hwp','1','감사문서','/upload_approval/S907000/Form/2003000008.mht','/upload_approvalG/S907000/Form/2006000001.hwp','/upload_approvalG/S907000/Form/2006000001.hwp',0);
INSERT INTO TBL_CODELIST (CODE1,CODE2,NAME,ISUSE,DESCRIPT,NAME2,NAME3,NAME4,TENANT_ID) values ('A36','003','/upload_approvalG/S907000/Form/2006000001.hwp','1','유통문서(중계)','/upload_approvalG/S907000/Form/2006000001.hwp','/upload_approvalG/S907000/Form/2006000001.hwp','/upload_approvalG/S907000/Form/2006000001.hwp',0);
INSERT INTO TBL_CODELIST (CODE1,CODE2,NAME,ISUSE,DESCRIPT,NAME2,NAME3,NAME4,TENANT_ID) values ('A36','004','/upload_approvalG/S907000/Form/2006000001.hwp','1','행정문서(연계)','/upload_approvalG/S907000/Form/2006000001.hwp','/upload_approvalG/S907000/Form/2006000001.hwp','/upload_approvalG/S907000/Form/2006000001.hwp',0);
INSERT INTO TBL_CODELIST (CODE1,CODE2,NAME,ISUSE,DESCRIPT,NAME2,NAME3,NAME4,TENANT_ID) values ('A36','005','/upload_approvalG/S907000/Form/2006000001.hwp','1','전자기안문','/upload_approvalG/S907000/Form/2006000001.hwp','/upload_approvalG/S907000/Form/2006000001.hwp','/upload_approvalG/S907000/Form/2006000001.hwp',0);
INSERT INTO TBL_CODELIST (CODE1,CODE2,NAME,ISUSE,DESCRIPT,NAME2,NAME3,NAME4,TENANT_ID) values ('A36','006','/ekp/Upload_ApprovalG/','1','Document Path','/ekp/Upload_ApprovalG/','//ekp/Upload_ApprovalG/','//ekp/Upload_ApprovalG/',0);
INSERT INTO TBL_CODELIST (CODE1,CODE2,NAME,ISUSE,DESCRIPT,NAME2,NAME3,NAME4,TENANT_ID) values ('A36','007','2005000015;','1','(전자기안문양식아이디1);(전자기안문양식아이디2);.....','2005000015;','2005000015;','2005000015;',0);
INSERT INTO TBL_CODELIST (CODE1,CODE2,NAME,ISUSE,DESCRIPT,NAME2,NAME3,NAME4,TENANT_ID) values ('A37','0  ','그룹사용','0','참조그룹사용','그룹사용',null,null,0);
INSERT INTO TBL_CODELIST (CODE1,CODE2,NAME,ISUSE,DESCRIPT,NAME2,NAME3,NAME4,TENANT_ID) values ('A37','001','junsign','1','사인ID 값. null 값이면 사용안함','junsign',null,null,0);
INSERT INTO TBL_CODELIST (CODE1,CODE2,NAME,ISUSE,DESCRIPT,NAME2,NAME3,NAME4,TENANT_ID) values ('A38','0  ','특정인 결재처리','0','특정인에 대한 결재 사인처리를 한다.','특정인 결재처리','특정인 결재처리','특정인 결재처리',0);
INSERT INTO TBL_CODELIST (CODE1,CODE2,NAME,ISUSE,DESCRIPT,NAME2,NAME3,NAME4,TENANT_ID) values ('A38','001','1','1','참조사용유무 0:사용안함,1:사용함','1','1','1',0);
INSERT INTO TBL_CODELIST (CODE1,CODE2,NAME,ISUSE,DESCRIPT,NAME2,NAME3,NAME4,TENANT_ID) values ('A39','0  ','첨부문서Filter',null,'첨부할 문서 종류를 제한한다.','첨부문서Filter','첨부문서Filter','첨부문서Filter',0);
INSERT INTO TBL_CODELIST (CODE1,CODE2,NAME,ISUSE,DESCRIPT,NAME2,NAME3,NAME4,TENANT_ID) values ('A39','001','NONE','1','NONE(대문자) : 사용안함 , ;로 구분한다.','NONE','NONE','NONE',0);
INSERT INTO TBL_CODELIST (CODE1,CODE2,NAME,ISUSE,DESCRIPT,NAME2,NAME3,NAME4,TENANT_ID) values ('A39','002','50','1','단위:메가','50','50','50',0);
INSERT INTO TBL_CODELIST (CODE1,CODE2,NAME,ISUSE,DESCRIPT,NAME2,NAME3,NAME4,TENANT_ID) values ('A40','0  ','감사부서정의','0','감사부서 정의','감사부서정의','감사부서정의','감사부서정의',0);
INSERT INTO TBL_CODELIST (CODE1,CODE2,NAME,ISUSE,DESCRIPT,NAME2,NAME3,NAME4,TENANT_ID) values ('A40','001','S907002','1','20630감사부서ID 리스트, 부서1;부서2;부서3;..부서N','S907002','S907002','S907002',0);
INSERT INTO TBL_CODELIST (CODE1,CODE2,NAME,ISUSE,DESCRIPT,NAME2,NAME3,NAME4,TENANT_ID) values ('A43','0  ','노티유무','0','노티유무','노티유무','노티유무','노티유무',0);
INSERT INTO TBL_CODELIST (CODE1,CODE2,NAME,ISUSE,DESCRIPT,NAME2,NAME3,NAME4,TENANT_ID) values ('A43','001','Y','1','N:사용안함,Y:사용','Y','Y','Y',0);
INSERT INTO TBL_CODELIST (CODE1,CODE2,NAME,ISUSE,DESCRIPT,NAME2,NAME3,NAME4,TENANT_ID) values ('A44','0  ','최근결재선정보','1','최근 결재선 정보 사용유무','최근결재선정보','최근결재선정보','최근결재선정보',0);
INSERT INTO TBL_CODELIST (CODE1,CODE2,NAME,ISUSE,DESCRIPT,NAME2,NAME3,NAME4,TENANT_ID) values ('A44','001','1','1','결재선 : 0:사용안함,1:사용함','1','1','1',0);
INSERT INTO TBL_CODELIST (CODE1,CODE2,NAME,ISUSE,DESCRIPT,NAME2,NAME3,NAME4,TENANT_ID) values ('A44','002','0','1','수신처 : 0:사용안함,1:사용함','1','0','0',0);
INSERT INTO TBL_CODELIST (CODE1,CODE2,NAME,ISUSE,DESCRIPT,NAME2,NAME3,NAME4,TENANT_ID) values ('A50','0  ','공개/비공개 정의','0','공개비공개정의(ALL : 모든 사람, DEPT : 부서원 + 결재선, LINE : 결재선, DRAFT : 기안자만)','공개/비공개 정의','공개/비공개 정의','공개/비공개 정의',0);
INSERT INTO TBL_CODELIST (CODE1,CODE2,NAME,ISUSE,DESCRIPT,NAME2,NAME3,NAME4,TENANT_ID) values ('A50','1  ','ALL','1','공개','ALL','ALL','ALL',0);
INSERT INTO TBL_CODELIST (CODE1,CODE2,NAME,ISUSE,DESCRIPT,NAME2,NAME3,NAME4,TENANT_ID) values ('A50','2  ','DEPT','1','부분공개','DEPT','DEPT','DEPT',0);
INSERT INTO TBL_CODELIST (CODE1,CODE2,NAME,ISUSE,DESCRIPT,NAME2,NAME3,NAME4,TENANT_ID) values ('A50','3  ','LINE','1','비공개','LINE','LINE','LINE',0);
INSERT INTO TBL_CODELIST (CODE1,CODE2,NAME,ISUSE,DESCRIPT,NAME2,NAME3,NAME4,TENANT_ID) values ('A51','0  ','보안등급정의','0','보안등급정의','보안등급정의',null,null,0);
INSERT INTO TBL_CODELIST (CODE1,CODE2,NAME,ISUSE,DESCRIPT,NAME2,NAME3,NAME4,TENANT_ID) values ('A51','001','1;1등급;100','1','임시;이름;코드','1;Level 1;100','1;Level 1;100','1;Level 1;100',0);
INSERT INTO TBL_CODELIST (CODE1,CODE2,NAME,ISUSE,DESCRIPT,NAME2,NAME3,NAME4,TENANT_ID) values ('A51','002','1;2등급;200','1',null,'1;Level 2;200','1;Level 2;200','1;Level 2;200',0);
INSERT INTO TBL_CODELIST (CODE1,CODE2,NAME,ISUSE,DESCRIPT,NAME2,NAME3,NAME4,TENANT_ID) values ('A51','003','1;3등급;300','1',null,'1;Level 3;300','1;Level 3;300','1;Level 3;300',0);
INSERT INTO TBL_CODELIST (CODE1,CODE2,NAME,ISUSE,DESCRIPT,NAME2,NAME3,NAME4,TENANT_ID) values ('A52','006','1;준영구;준영구','1',null,'1;Semi-permanence;100','1;準永久;100','1;准永久;100',0);
INSERT INTO TBL_CODELIST (CODE1,CODE2,NAME,ISUSE,DESCRIPT,NAME2,NAME3,NAME4,TENANT_ID) values ('A52','007','1;영구;영구','1',null,'1;Permanence;1000','1;永久;1000','1;永久;1000',0);
INSERT INTO TBL_CODELIST (CODE1,CODE2,NAME,ISUSE,DESCRIPT,NAME2,NAME3,NAME4,TENANT_ID) values ('A53','0  ','수신처그룹기호','0','수신처그룹구분기호 정의','수신처그룹기호','수신처그룹기호','수신처그룹기호',0);
INSERT INTO TBL_CODELIST (CODE1,CODE2,NAME,ISUSE,DESCRIPT,NAME2,NAME3,NAME4,TENANT_ID) values ('A53','001','SG_','1','수신처 그룹 앞부분에 사용할 필드명. COM에서 사용. 스크립트 부분 동기화 필요','SG_','SG_','SG_',0);
INSERT INTO TBL_CODELIST (CODE1,CODE2,NAME,ISUSE,DESCRIPT,NAME2,NAME3,NAME4,TENANT_ID) values ('A53','002','Y','1','수신처 그룹 확장(수신처 저장시 확장여부). Y는 사용. N은 사용안함','Y','Y','Y',0);
INSERT INTO TBL_CODELIST (CODE1,CODE2,NAME,ISUSE,DESCRIPT,NAME2,NAME3,NAME4,TENANT_ID) values ('A54','0  ','배부대장처리방법','0','배부대장 처리방법','배부대장처리방법','배부대장처리방법','배부대장처리방법',0);
INSERT INTO TBL_CODELIST (CODE1,CODE2,NAME,ISUSE,DESCRIPT,NAME2,NAME3,NAME4,TENANT_ID) values ('A54','001','Y','1','Y:기존 데이터 업데이트, N:신규데이터생성','Y','Y','Y',0);
INSERT INTO TBL_CODELIST (CODE1,CODE2,NAME,ISUSE,DESCRIPT,NAME2,NAME3,NAME4,TENANT_ID) values ('A55','0  ','자동발송의뢰코드','0','민원인 주소가 존재할 때에 자동 발송의뢰 하는 루틴 옵션. (계명대 특수 옵션)','자동발송의뢰코드','자동발송의뢰코드','자동발송의뢰코드',0);
INSERT INTO TBL_CODELIST (CODE1,CODE2,NAME,ISUSE,DESCRIPT,NAME2,NAME3,NAME4,TENANT_ID) values ('A55','001','S904000','1','민원인 주소일때에 이 부서로 자동 발신을 의뢰한다.','S904000','S904000','S904000',0);
INSERT INTO TBL_CODELIST (CODE1,CODE2,NAME,ISUSE,DESCRIPT,NAME2,NAME3,NAME4,TENANT_ID) values ('A56','0  ','공람발송관련','0','수신처 공람발송 순차/병렬여부 설정','공람발송관련','공람발송관련','공람발송관련',0);
INSERT INTO TBL_CODELIST (CODE1,CODE2,NAME,ISUSE,DESCRIPT,NAME2,NAME3,NAME4,TENANT_ID) values ('A56','001','Y','1','Y면 병렬, 그외는 순차 공람.','Y','Y','Y',0);
INSERT INTO TBL_CODELIST (CODE1,CODE2,NAME,ISUSE,DESCRIPT,NAME2,NAME3,NAME4,TENANT_ID) values ('A57','0  ','내양식함관련','0','내양식함 기능 사용 여부','내양식함관련','내양식함관련','내양식함관련',0);
INSERT INTO TBL_CODELIST (CODE1,CODE2,NAME,ISUSE,DESCRIPT,NAME2,NAME3,NAME4,TENANT_ID) values ('A57','001','Y','1','내양식함기능 사용여부 (Y는 사용. 그외는 사용안함)','Y','Y','Y',0);
INSERT INTO TBL_CODELIST (CODE1,CODE2,NAME,ISUSE,DESCRIPT,NAME2,NAME3,NAME4,TENANT_ID) values ('A60','0  ','수신처상태','0','ProcessYN Flag','수신처상태','수신처상태','수신처상태',0);
INSERT INTO TBL_CODELIST (CODE1,CODE2,NAME,ISUSE,DESCRIPT,NAME2,NAME3,NAME4,TENANT_ID) values ('A60','A  ','도착','1','도착 (Arrived)','Arrived','到着','到达',0);
INSERT INTO TBL_CODELIST (CODE1,CODE2,NAME,ISUSE,DESCRIPT,NAME2,NAME3,NAME4,TENANT_ID) values ('A60','E  ','전송실패','1','전송 실패 (Error)','Error','送信エラー','传输失败',0);
INSERT INTO TBL_CODELIST (CODE1,CODE2,NAME,ISUSE,DESCRIPT,NAME2,NAME3,NAME4,TENANT_ID) values ('A60','H  ','회송','1','회송 (HweSong)','Return','回送','返回',0);
INSERT INTO TBL_CODELIST (CODE1,CODE2,NAME,ISUSE,DESCRIPT,NAME2,NAME3,NAME4,TENANT_ID) values ('A60','I  ','접수','1','접수 (Inter..)','Reception progress','受付','收到',0);
INSERT INTO TBL_CODELIST (CODE1,CODE2,NAME,ISUSE,DESCRIPT,NAME2,NAME3,NAME4,TENANT_ID) values ('A60','N  ','대기','1','발신 대기 (Not Yet)','No receipt','待機','待机',0);
INSERT INTO TBL_CODELIST (CODE1,CODE2,NAME,ISUSE,DESCRIPT,NAME2,NAME3,NAME4,TENANT_ID) values ('A60','O  ','발송의뢰','1','발송 의뢰 (Offered)','Offered','発送依頼','发送请求',0);
INSERT INTO TBL_CODELIST (CODE1,CODE2,NAME,ISUSE,DESCRIPT,NAME2,NAME3,NAME4,TENANT_ID) values ('A60','R  ','수신','1','수신 (Received)','Received','受信','接待',0);
INSERT INTO TBL_CODELIST (CODE1,CODE2,NAME,ISUSE,DESCRIPT,NAME2,NAME3,NAME4,TENANT_ID) values ('A60','S  ','발송','1','발송 (Sent)','Sent','発送','送货',0);
INSERT INTO TBL_CODELIST (CODE1,CODE2,NAME,ISUSE,DESCRIPT,NAME2,NAME3,NAME4,TENANT_ID) values ('A60','T  ','재발송대기','1','재발송대기 (Try Again)','Try Again','再送待ち','不满等待',0);
INSERT INTO TBL_CODELIST (CODE1,CODE2,NAME,ISUSE,DESCRIPT,NAME2,NAME3,NAME4,TENANT_ID) values ('A60','V  ','도달','1','도달 (arriVed)','arriVed','到達','抵达',0);
INSERT INTO TBL_CODELIST (CODE1,CODE2,NAME,ISUSE,DESCRIPT,NAME2,NAME3,NAME4,TENANT_ID) values ('A60','Y  ','수신완료','1','수신완료 (Yes)','Reception complete','受信完了','接收完成',0);
INSERT INTO TBL_CODELIST (CODE1,CODE2,NAME,ISUSE,DESCRIPT,NAME2,NAME3,NAME4,TENANT_ID) values ('F01','0  ','플로우','0','플로우관련 업무 정의','플로우','플로우','플로우',0);
INSERT INTO TBL_CODELIST (CODE1,CODE2,NAME,ISUSE,DESCRIPT,NAME2,NAME3,NAME4,TENANT_ID) values ('F01','001','Y','1','수발신문을 발신함으로 보낸다.','Y','Y','Y',0);
INSERT INTO TBL_CODELIST (CODE1,CODE2,NAME,ISUSE,DESCRIPT,NAME2,NAME3,NAME4,TENANT_ID) values ('F01','002','O','1','D:DSN연결;O:OleDB 연결','O','O','O',0);
INSERT INTO TBL_CODELIST (CODE1,CODE2,NAME,ISUSE,DESCRIPT,NAME2,NAME3,NAME4,TENANT_ID) values ('J01','0  ','조직도소팅순서','1','조직도소팅순서','조직도소팅순서','조직도소팅순서','조직도소팅순서',0);
INSERT INTO TBL_CODELIST (CODE1,CODE2,NAME,ISUSE,DESCRIPT,NAME2,NAME3,NAME4,TENANT_ID) values ('J01','001','이름순서','0','이름순서','Name Order','Name Order','Name Order',0);
INSERT INTO TBL_CODELIST (CODE1,CODE2,NAME,ISUSE,DESCRIPT,NAME2,NAME3,NAME4,TENANT_ID) values ('J01','002','TREE ORDER LIST','0','조직도 순서리스트','TREE ORDER LIST','TREE ORDER LIST','TREE ORDER LIST',0);
INSERT INTO TBL_CODELIST (CODE1,CODE2,NAME,ISUSE,DESCRIPT,NAME2,NAME3,NAME4,TENANT_ID) values ('J01','003','사번','0','사번','EmpNo','EmpNo','EmpNo',0);
INSERT INTO TBL_CODELIST (CODE1,CODE2,NAME,ISUSE,DESCRIPT,NAME2,NAME3,NAME4,TENANT_ID) values ('J02','000','사원리스트','4','사원리스트순서사용여부','사원리스트','사원리스트','사원리스트',0);
INSERT INTO TBL_CODELIST (CODE1,CODE2,NAME,ISUSE,DESCRIPT,NAME2,NAME3,NAME4,TENANT_ID) values ('J02','001','성명','1','사원명','Name','氏名','姓名',0);
INSERT INTO TBL_CODELIST (CODE1,CODE2,NAME,ISUSE,DESCRIPT,NAME2,NAME3,NAME4,TENANT_ID) values ('J02','002','부서','1','부서명','Dept.','部署','部门',0);
INSERT INTO TBL_CODELIST (CODE1,CODE2,NAME,ISUSE,DESCRIPT,NAME2,NAME3,NAME4,TENANT_ID) values ('J02','003','직위','1','사원직위','Title','役職','职位',0);
INSERT INTO TBL_CODELIST (CODE1,CODE2,NAME,ISUSE,DESCRIPT,NAME2,NAME3,NAME4,TENANT_ID) values ('J02','004','전화번호','1','전화번호','전화번호','電話番号','电话号码',0);
INSERT INTO TBL_CODELIST (CODE1,CODE2,NAME,ISUSE,DESCRIPT,NAME2,NAME3,NAME4,TENANT_ID) values ('J02','005','회사','1','회사명','회사','会社','公司',0);
INSERT INTO TBL_CODELIST (CODE1,CODE2,NAME,ISUSE,DESCRIPT,NAME2,NAME3,NAME4,TENANT_ID) values ('J03','002','KMTESTOrganName','1','KMTESTOrganName',null,null,null,0);
INSERT INTO TBL_CODELIST (CODE1,CODE2,NAME,ISUSE,DESCRIPT,NAME2,NAME3,NAME4,TENANT_ID) values ('L01','0  ','다국어처리','0','다국어코드값','다국어처리','다국어처리','다국어처리',0);
INSERT INTO TBL_CODELIST (CODE1,CODE2,NAME,ISUSE,DESCRIPT,NAME2,NAME3,NAME4,TENANT_ID) values ('L01','001','파일','1','File','File','File','File',0);
INSERT INTO TBL_CODELIST (CODE1,CODE2,NAME,ISUSE,DESCRIPT,NAME2,NAME3,NAME4,TENANT_ID) values ('L01','002','문서','1','Document','Document','Document','Document',0);
INSERT INTO TBL_CODELIST (CODE1,CODE2,NAME,ISUSE,DESCRIPT,NAME2,NAME3,NAME4,TENANT_ID) values ('L02','001','문서함명리스트','0','NULL','Doc. folder name','文書フォルダ名','Doc. folder name',0);
INSERT INTO TBL_CODELIST (CODE1,CODE2,NAME,ISUSE,DESCRIPT,NAME2,NAME3,NAME4,TENANT_ID) values ('L03','001','개인문서함','1','개인문서함-GetUserContTree()','Personal doc. folder','Personal doc. folder','Personal doc. folder',0);
INSERT INTO TBL_CODELIST (CODE1,CODE2,NAME,ISUSE,DESCRIPT,NAME2,NAME3,NAME4,TENANT_ID) values ('L03','002','문서함명','1','부서문서함-GetDeptContTree()','Dept. doc. folder','文書フォルダ名','Dept. doc. folder',0);
INSERT INTO TBL_CODELIST (CODE1,CODE2,NAME,ISUSE,DESCRIPT,NAME2,NAME3,NAME4,TENANT_ID) values ('L04','001','부서명','1','부서명-GetContUseDeptInfo()','Dept. name','Dept. name','Dept. name',0);
INSERT INTO TBL_CODELIST (CODE1,CODE2,NAME,ISUSE,DESCRIPT,NAME2,NAME3,NAME4,TENANT_ID) values ('L05','001','코 드','1','GetItemCode_Item()','Code','Code','Code',0);
INSERT INTO TBL_CODELIST (CODE1,CODE2,NAME,ISUSE,DESCRIPT,NAME2,NAME3,NAME4,TENANT_ID) values ('L05','002','기 능 명 칭','1','GetItemCode_Item()','Name','Name','Name',0);
INSERT INTO TBL_CODELIST (CODE1,CODE2,NAME,ISUSE,DESCRIPT,NAME2,NAME3,NAME4,TENANT_ID) values ('A51','004','1;4등급;400','1',null,'1;Level 4;400','1;Level 4;400','1;Level 4;400',0);
INSERT INTO TBL_CODELIST (CODE1,CODE2,NAME,ISUSE,DESCRIPT,NAME2,NAME3,NAME4,TENANT_ID) values ('L05','003','보존기간','1','GetItemCode_Item()','Keeping period','Keeping period','Keeping period',0);
INSERT INTO TBL_CODELIST (CODE1,CODE2,NAME,ISUSE,DESCRIPT,NAME2,NAME3,NAME4,TENANT_ID) values ('L05','004','보안등급','1','GetItemCode_Item()','Security level','Security level','Security level',0);
INSERT INTO TBL_CODELIST (CODE1,CODE2,NAME,ISUSE,DESCRIPT,NAME2,NAME3,NAME4,TENANT_ID) values ('A51','005','1;5등급;500','1',null,'1;Level 5;500','1;Level 5;500','1;Level 5;500',0);
INSERT INTO TBL_CODELIST (CODE1,CODE2,NAME,ISUSE,DESCRIPT,NAME2,NAME3,NAME4,TENANT_ID) values ('A52','0  ','보존년한정의','0','보존연한정의','보존년한정의','보존년한정의','보존년한정의',0);
INSERT INTO TBL_CODELIST (CODE1,CODE2,NAME,ISUSE,DESCRIPT,NAME2,NAME3,NAME4,TENANT_ID) values ('A52','001','1;1년;1년','1',null,'1;1 year;1','1;1年;1','1;1年;1',0);
INSERT INTO TBL_CODELIST (CODE1,CODE2,NAME,ISUSE,DESCRIPT,NAME2,NAME3,NAME4,TENANT_ID) values ('A52','002','1;2년;2년','0',null,'1;2 year;2','1;2年;2','1;2年;2',0);
INSERT INTO TBL_CODELIST (CODE1,CODE2,NAME,ISUSE,DESCRIPT,NAME2,NAME3,NAME4,TENANT_ID) values ('A52','003','1;3년;3년','1',null,'1;3 year;3','1;3年;3','1;3年;3',0);
INSERT INTO TBL_CODELIST (CODE1,CODE2,NAME,ISUSE,DESCRIPT,NAME2,NAME3,NAME4,TENANT_ID) values ('A52','004','1;5년;5년','1',null,'1;5 year;5','1;5年;5','1;5年;5',0);
INSERT INTO TBL_CODELIST (CODE1,CODE2,NAME,ISUSE,DESCRIPT,NAME2,NAME3,NAME4,TENANT_ID) values ('A52','005','1;10년;10년','1',null,'1;10 year;10','1;10年;10','1;10年;10',0);
INSERT INTO TBL_CODELIST (CODE1,CODE2,NAME,ISUSE,DESCRIPT,NAME2,NAME3,NAME4,TENANT_ID) values ('L05','005','공개여부','1','GetItemCode_Item()','Public','Public','Public',0);
INSERT INTO TBL_CODELIST (CODE1,CODE2,NAME,ISUSE,DESCRIPT,NAME2,NAME3,NAME4,TENANT_ID) values ('L06','001','결재문서','1','결재알림시 사용','결재문서','결재문서','결재문서',0);
INSERT INTO TBL_CODELIST (CODE1,CODE2,NAME,ISUSE,DESCRIPT,NAME2,NAME3,NAME4,TENANT_ID) values ('L06','002','문서도착','1','결재알림시 사용','문서도착','문서도착','문서도착',0);
INSERT INTO TBL_CODELIST (CODE1,CODE2,NAME,ISUSE,DESCRIPT,NAME2,NAME3,NAME4,TENANT_ID) values ('L06','003','문서완료','1','결재알림시 사용','문서완료','문서완료','문서완료',0);
INSERT INTO TBL_CODELIST (CODE1,CODE2,NAME,ISUSE,DESCRIPT,NAME2,NAME3,NAME4,TENANT_ID) values ('L06','004','문서반송','1','결재알림시 사용','문서반송','문서반송','문서반송',0);
INSERT INTO TBL_CODELIST (CODE1,CODE2,NAME,ISUSE,DESCRIPT,NAME2,NAME3,NAME4,TENANT_ID) values ('L06','005','문서보류','1','결재알림시 사용','문서보류','문서보류','문서보류',0);
INSERT INTO TBL_CODELIST (CODE1,CODE2,NAME,ISUSE,DESCRIPT,NAME2,NAME3,NAME4,TENANT_ID) values ('L06','006','문서발송','1','결재알림시 사용','문서발송','문서발송','문서발송',0);
INSERT INTO TBL_CODELIST (CODE1,CODE2,NAME,ISUSE,DESCRIPT,NAME2,NAME3,NAME4,TENANT_ID) values ('L06','007','수신문서','1','결재알림시 사용','수신문서','수신문서','수신문서',0);
INSERT INTO TBL_CODELIST (CODE1,CODE2,NAME,ISUSE,DESCRIPT,NAME2,NAME3,NAME4,TENANT_ID) values ('L06','008','지정문서','1','결재알림시 사용','지정문서','지정문서','지정문서',0);
INSERT INTO TBL_CODELIST (CODE1,CODE2,NAME,ISUSE,DESCRIPT,NAME2,NAME3,NAME4,TENANT_ID) values ('L06','009','회송문서','1','결재알림시 사용','회송문서','회송문서','회송문서',0);
INSERT INTO TBL_CODELIST (CODE1,CODE2,NAME,ISUSE,DESCRIPT,NAME2,NAME3,NAME4,TENANT_ID) values ('L06','010','문서회수','1','결재알림시 사용','문서회수','문서회수','문서회수',0);
INSERT INTO TBL_CODELIST (CODE1,CODE2,NAME,ISUSE,DESCRIPT,NAME2,NAME3,NAME4,TENANT_ID) values ('L06','011','결재노티','1','결재알림시 사용','결재노티','결재노티','결재노티',0);
INSERT INTO TBL_CODELIST (CODE1,CODE2,NAME,ISUSE,DESCRIPT,NAME2,NAME3,NAME4,TENANT_ID) values ('L06','012','배부문서','1','결재알림시 사용','배부문서','배부문서','배부문서',0);
INSERT INTO TBL_CODELIST (CODE1,CODE2,NAME,ISUSE,DESCRIPT,NAME2,NAME3,NAME4,TENANT_ID) values ('L06','013','재지정요청','1','결재알림시 사용','재지정요청','재지정요청','재지정요청',0);
INSERT INTO TBL_CODELIST (CODE1,CODE2,NAME,ISUSE,DESCRIPT,NAME2,NAME3,NAME4,TENANT_ID) values ('L06','014','재배부요청','1','결재알림시 사용','재배부요청','재배부요청','재배부요청',0);
INSERT INTO TBL_CODELIST (CODE1,CODE2,NAME,ISUSE,DESCRIPT,NAME2,NAME3,NAME4,TENANT_ID) values ('A01','007','신청','0','신청문서','Application','申し込み','申请',0);
INSERT INTO TBL_CODELIST (CODE1,CODE2,NAME,ISUSE,DESCRIPT,NAME2,NAME3,NAME4,TENANT_ID) values ('A01','008','대외접수','0','대외문서접수','Receipt(outside)','対外受付','对外接收',0);
INSERT INTO TBL_CODELIST (CODE1,CODE2,NAME,ISUSE,DESCRIPT,NAME2,NAME3,NAME4,TENANT_ID) values ('A01','009','대외발송','0','대외문서발송','Sending(outside)','対外送信','对外发送',0);
INSERT INTO TBL_CODELIST (CODE1,CODE2,NAME,ISUSE,DESCRIPT,NAME2,NAME3,NAME4,TENANT_ID) values ('A02','0  ','문서상태','0','문서상태','Doc. status','文書区分','文書区分',0);
INSERT INTO TBL_CODELIST (CODE1,CODE2,NAME,ISUSE,DESCRIPT,NAME2,NAME3,NAME4,TENANT_ID) values ('A02','001','품의','1','품의','Draft','稟議','评价',0);
INSERT INTO TBL_CODELIST (CODE1,CODE2,NAME,ISUSE,DESCRIPT,NAME2,NAME3,NAME4,TENANT_ID) values ('A02','002','협조','1','협조','Agreement(personal)','協力','合作',0);
INSERT INTO TBL_CODELIST (CODE1,CODE2,NAME,ISUSE,DESCRIPT,NAME2,NAME3,NAME4,TENANT_ID) values ('A02','003','준법감시','1','감사','Audit','遵法監視','监督',0);
INSERT INTO TBL_CODELIST (CODE1,CODE2,NAME,ISUSE,DESCRIPT,NAME2,NAME3,NAME4,TENANT_ID) values ('A02','004','발송의뢰','0','심사','Request send','審査','审查',0);
INSERT INTO TBL_CODELIST (CODE1,CODE2,NAME,ISUSE,DESCRIPT,NAME2,NAME3,NAME4,TENANT_ID) values ('A02','011','수신','1','수신','Receipt','受信','收件',0);
INSERT INTO TBL_CODELIST (CODE1,CODE2,NAME,ISUSE,DESCRIPT,NAME2,NAME3,NAME4,TENANT_ID) values ('A02','012','합의','1','협조/합의','Agreement','合意','起案书',0);
INSERT INTO TBL_CODELIST (CODE1,CODE2,NAME,ISUSE,DESCRIPT,NAME2,NAME3,NAME4,TENANT_ID) values ('A02','013','시행','0','시행','Enforcement','施行','执行',0);
INSERT INTO TBL_CODELIST (CODE1,CODE2,NAME,ISUSE,DESCRIPT,NAME2,NAME3,NAME4,TENANT_ID) values ('A02','014','사전감사','0','감사(검사부)','Audit(dept.)','監査','审查',0);
INSERT INTO TBL_CODELIST (CODE1,CODE2,NAME,ISUSE,DESCRIPT,NAME2,NAME3,NAME4,TENANT_ID) values ('A02','015','공람','0','공람','Display','回覧','传阅',0);
INSERT INTO TBL_CODELIST (CODE1,CODE2,NAME,ISUSE,DESCRIPT,NAME2,NAME3,NAME4,TENANT_ID) values ('A02','016','회람1','0','회람','Circular','回覧','传阅',0);
INSERT INTO TBL_CODELIST (CODE1,CODE2,NAME,ISUSE,DESCRIPT,NAME2,NAME3,NAME4,TENANT_ID) values ('A02','017','참조','1','참조','Reference','参照','抄送',0);
INSERT INTO TBL_CODELIST (CODE1,CODE2,NAME,ISUSE,DESCRIPT,NAME2,NAME3,NAME4,TENANT_ID) values ('A02','018','사후공람','1','사후감사','Public viewing(After-approval)','事後供覧','事后共览',0);
INSERT INTO TBL_CODELIST (CODE1,CODE2,NAME,ISUSE,DESCRIPT,NAME2,NAME3,NAME4,TENANT_ID) values ('A02','019','발송','1','발송함','Sending','送信','发送',0);
INSERT INTO TBL_CODELIST (CODE1,CODE2,NAME,ISUSE,DESCRIPT,NAME2,NAME3,NAME4,TENANT_ID) values ('A02','020','신청','1','신청함','Application','施行','执行',0);
INSERT INTO TBL_CODELIST (CODE1,CODE2,NAME,ISUSE,DESCRIPT,NAME2,NAME3,NAME4,TENANT_ID) values ('A02','022','대외접수','1','대외문서접수함','Receipt(outside)','対外受付','对外接收',0);
INSERT INTO TBL_CODELIST (CODE1,CODE2,NAME,ISUSE,DESCRIPT,NAME2,NAME3,NAME4,TENANT_ID) values ('A02','023','대외발송','1','대외문서발송함','Sending(outside)','対外送信','对外发送',0);
INSERT INTO TBL_CODELIST (CODE1,CODE2,NAME,ISUSE,DESCRIPT,NAME2,NAME3,NAME4,TENANT_ID) values ('A02','031','반송','1','반송','Rejection','返送','退回',0);
INSERT INTO TBL_CODELIST (CODE1,CODE2,NAME,ISUSE,DESCRIPT,NAME2,NAME3,NAME4,TENANT_ID) values ('A02','032','회송','1','회송','Returning','回送','退回',0);
INSERT INTO TBL_CODELIST (CODE1,CODE2,NAME,ISUSE,DESCRIPT,NAME2,NAME3,NAME4,TENANT_ID) values ('A03','0  ','결재방법','0','결재방법','결재방법',null,null,0);
INSERT INTO TBL_CODELIST (CODE1,CODE2,NAME,ISUSE,DESCRIPT,NAME2,NAME3,NAME4,TENANT_ID) values ('A03','001','결재','1','일반','Approval','決栽','审批',0);
INSERT INTO TBL_CODELIST (CODE1,CODE2,NAME,ISUSE,DESCRIPT,NAME2,NAME3,NAME4,TENANT_ID) values ('A03','002','확인','0','확인','Confirmation','回覧','確認',0);
INSERT INTO TBL_CODELIST (CODE1,CODE2,NAME,ISUSE,DESCRIPT,NAME2,NAME3,NAME4,TENANT_ID) values ('A03','003','결재안함','0','결재안함','Skip-approval','決栽しない','不审批',0);
INSERT INTO TBL_CODELIST (CODE1,CODE2,NAME,ISUSE,DESCRIPT,NAME2,NAME3,NAME4,TENANT_ID) values ('A03','004','전결','1','전결','Pre-approval','前決','先决',0);
INSERT INTO TBL_CODELIST (CODE1,CODE2,NAME,ISUSE,DESCRIPT,NAME2,NAME3,NAME4,TENANT_ID) values ('A03','005','준법감시','0','감사','Audit','遵法監視','监督',0);
INSERT INTO TBL_CODELIST (CODE1,CODE2,NAME,ISUSE,DESCRIPT,NAME2,NAME3,NAME4,TENANT_ID) values ('A03','006','발송의뢰','0','심사','Request Sending','審査','审查',0);
INSERT INTO TBL_CODELIST (CODE1,CODE2,NAME,ISUSE,DESCRIPT,NAME2,NAME3,NAME4,TENANT_ID) values ('A03','007','참조','0','참조','Reference','参照','抄送',0);
INSERT INTO TBL_CODELIST (CODE1,CODE2,NAME,ISUSE,DESCRIPT,NAME2,NAME3,NAME4,TENANT_ID) values ('A03','008','협조','1','개인순차협조','Agreement(personal)','個人順次合意','个人顺序协议',0);
INSERT INTO TBL_CODELIST (CODE1,CODE2,NAME,ISUSE,DESCRIPT,NAME2,NAME3,NAME4,TENANT_ID) values ('A03','009','개인병렬합의','1','개인병렬협조','Parallel agreement(personal)','個人並列合意','个人并行协议',0);
INSERT INTO TBL_CODELIST (CODE1,CODE2,NAME,ISUSE,DESCRIPT,NAME2,NAME3,NAME4,TENANT_ID) values ('A03','011','부서순차합의','1','부서순차협조','Sequential agreement(dept.)','部署順次合意','顺序协议(部门)',0);
INSERT INTO TBL_CODELIST (CODE1,CODE2,NAME,ISUSE,DESCRIPT,NAME2,NAME3,NAME4,TENANT_ID) values ('A03','012','부서병렬합의','1','부서병렬협조','Parallel agreement(dept.)','個人並列合意','并行的协议(部门)',0);
INSERT INTO TBL_CODELIST (CODE1,CODE2,NAME,ISUSE,DESCRIPT,NAME2,NAME3,NAME4,TENANT_ID) values ('A03','013','사전감사','0','감사','Pre-audit','監査','审查',0);
INSERT INTO TBL_CODELIST (CODE1,CODE2,NAME,ISUSE,DESCRIPT,NAME2,NAME3,NAME4,TENANT_ID) values ('A03','014','수신','0','제일제당수신','Receipt','受信','收件',0);
INSERT INTO TBL_CODELIST (CODE1,CODE2,NAME,ISUSE,DESCRIPT,NAME2,NAME3,NAME4,TENANT_ID) values ('A03','015','공람','0','후결','Display','回覧','传阅',0);
INSERT INTO TBL_CODELIST (CODE1,CODE2,NAME,ISUSE,DESCRIPT,NAME2,NAME3,NAME4,TENANT_ID) values ('A03','016','대결','1','대결','Deputy','代決','待决',0);
INSERT INTO TBL_CODELIST (CODE1,CODE2,NAME,ISUSE,DESCRIPT,NAME2,NAME3,NAME4,TENANT_ID) values ('A03','017','회람','0','공람','Circular reference','回覧','传阅',0);
INSERT INTO TBL_CODELIST (CODE1,CODE2,NAME,ISUSE,DESCRIPT,NAME2,NAME3,NAME4,TENANT_ID) values ('A03','018','기안','1','기안','Draft','起案','起草',0);
INSERT INTO TBL_CODELIST (CODE1,CODE2,NAME,ISUSE,DESCRIPT,NAME2,NAME3,NAME4,TENANT_ID) values ('A03','019','검토','1','검토','Examination','検討','评论',0);
INSERT INTO TBL_CODELIST (CODE1,CODE2,NAME,ISUSE,DESCRIPT,NAME2,NAME3,NAME4,TENANT_ID) values ('A04','0  ','결재처리상태','0','결재처리상태','결재처리상태',null,null,0);
INSERT INTO TBL_CODELIST (CODE1,CODE2,NAME,ISUSE,DESCRIPT,NAME2,NAME3,NAME4,TENANT_ID) values ('A04','000','미결','1','기안처리하지 않은 문서','Not approved','決栽処理進行状況','审批处理状态',0);
INSERT INTO TBL_CODELIST (CODE1,CODE2,NAME,ISUSE,DESCRIPT,NAME2,NAME3,NAME4,TENANT_ID) values ('A04','001','대기','1','대기','Waiting','待機','待机',0);
INSERT INTO TBL_CODELIST (CODE1,CODE2,NAME,ISUSE,DESCRIPT,NAME2,NAME3,NAME4,TENANT_ID) values ('A04','002','진행','1','진행','In progress','進行','进行中',0);
INSERT INTO TBL_CODELIST (CODE1,CODE2,NAME,ISUSE,DESCRIPT,NAME2,NAME3,NAME4,TENANT_ID) values ('A04','003','승인','1','승인','Approved','決栽','审批',0);
INSERT INTO TBL_CODELIST (CODE1,CODE2,NAME,ISUSE,DESCRIPT,NAME2,NAME3,NAME4,TENANT_ID) values ('A04','004','반송','1','반송','Rejected','返送','退回',0);
INSERT INTO TBL_CODELIST (CODE1,CODE2,NAME,ISUSE,DESCRIPT,NAME2,NAME3,NAME4,TENANT_ID) values ('A04','005','보류','1','보류','Hold','保留','保存',0);
INSERT INTO TBL_CODELIST (CODE1,CODE2,NAME,ISUSE,DESCRIPT,NAME2,NAME3,NAME4,TENANT_ID) values ('A04','006','회수','1','회수','Withdrew','回収','回收',0);
INSERT INTO TBL_CODELIST (CODE1,CODE2,NAME,ISUSE,DESCRIPT,NAME2,NAME3,NAME4,TENANT_ID) values ('A04','010','완료','1','완료','Completed','完了','完成',0);
INSERT INTO TBL_CODELIST (CODE1,CODE2,NAME,ISUSE,DESCRIPT,NAME2,NAME3,NAME4,TENANT_ID) values ('A04','011','도착','1','도착','Arrived','到着','到达',0);
INSERT INTO TBL_CODELIST (CODE1,CODE2,NAME,ISUSE,DESCRIPT,NAME2,NAME3,NAME4,TENANT_ID) values ('A04','012','지정','1','지정','Designated','未受付','未接收',0);
INSERT INTO TBL_CODELIST (CODE1,CODE2,NAME,ISUSE,DESCRIPT,NAME2,NAME3,NAME4,TENANT_ID) values ('A04','013','접수','1','접수','Received','受付','接收',0);
INSERT INTO TBL_CODELIST (CODE1,CODE2,NAME,ISUSE,DESCRIPT,NAME2,NAME3,NAME4,TENANT_ID) values ('A04','014','배부','1','배부','Distributed','配付','发行',0);
INSERT INTO TBL_CODELIST (CODE1,CODE2,NAME,ISUSE,DESCRIPT,NAME2,NAME3,NAME4,TENANT_ID) values ('A04','015','회송','1','회송','Returned','回送','退回',0);
INSERT INTO TBL_CODELIST (CODE1,CODE2,NAME,ISUSE,DESCRIPT,NAME2,NAME3,NAME4,TENANT_ID) values ('A04','016','접수','1','수신진행','Received','受信進行','进行接收',0);
INSERT INTO TBL_CODELIST (CODE1,CODE2,NAME,ISUSE,DESCRIPT,NAME2,NAME3,NAME4,TENANT_ID) values ('A04','017','수신완료','1','수신완료','Completed(receipt)','受信完了','接收完成',0);
INSERT INTO TBL_CODELIST (CODE1,CODE2,NAME,ISUSE,DESCRIPT,NAME2,NAME3,NAME4,TENANT_ID) values ('A04','018','발신','1','수신부서미접수','Sending','未受付','未接收',0);
INSERT INTO TBL_CODELIST (CODE1,CODE2,NAME,ISUSE,DESCRIPT,NAME2,NAME3,NAME4,TENANT_ID) values ('A04','019','전송실패','1','전송실패','Sending failure','送信エラー','传输失败',0);
INSERT INTO TBL_CODELIST (CODE1,CODE2,NAME,ISUSE,DESCRIPT,NAME2,NAME3,NAME4,TENANT_ID) values ('A04','020','수신','1','전송성공','Receipt','受信','接待',0);
INSERT INTO TBL_CODELIST (CODE1,CODE2,NAME,ISUSE,DESCRIPT,NAME2,NAME3,NAME4,TENANT_ID) values ('A04','021','도달','1','도달(G중계)','Arrived','到達','到达',0);
INSERT INTO TBL_CODELIST (CODE1,CODE2,NAME,ISUSE,DESCRIPT,NAME2,NAME3,NAME4,TENANT_ID) values ('A04','022','재요청','1','재발신요청','ReRequest','ジェヨチョン','再生',0);
INSERT INTO TBL_CODELIST (CODE1,CODE2,NAME,ISUSE,DESCRIPT,NAME2,NAME3,NAME4,TENANT_ID) values ('A05','0  ','사인종류','1','사인종류','사인종류','사인종류','사인종류',0);
INSERT INTO TBL_CODELIST (CODE1,CODE2,NAME,ISUSE,DESCRIPT,NAME2,NAME3,NAME4,TENANT_ID) values ('A05','001','PIC','1','일반결재','PIC','PIC','PIC',0);
INSERT INTO TBL_CODELIST (CODE1,CODE2,NAME,ISUSE,DESCRIPT,NAME2,NAME3,NAME4,TENANT_ID) values ('A05','002','PIC','1','개인순차협조','PIC','PIC','PIC',0);
INSERT INTO TBL_CODELIST (CODE1,CODE2,NAME,ISUSE,DESCRIPT,NAME2,NAME3,NAME4,TENANT_ID) values ('A05','003','PIC','1','개인병렬협조','PIC','PIC','PIC',0);
INSERT INTO TBL_CODELIST (CODE1,CODE2,NAME,ISUSE,DESCRIPT,NAME2,NAME3,NAME4,TENANT_ID) values ('A05','004','NAME','1','부서순차협조','NAME','NAME','NAME',0);
INSERT INTO TBL_CODELIST (CODE1,CODE2,NAME,ISUSE,DESCRIPT,NAME2,NAME3,NAME4,TENANT_ID) values ('A05','005','NAME','1','부서병렬협조','NAME','NAME','NAME',0);
INSERT INTO TBL_CODELIST (CODE1,CODE2,NAME,ISUSE,DESCRIPT,NAME2,NAME3,NAME4,TENANT_ID) values ('A05','006','PIC','1','공람','PIC','PIC','PIC',0);
INSERT INTO TBL_CODELIST (CODE1,CODE2,NAME,ISUSE,DESCRIPT,NAME2,NAME3,NAME4,TENANT_ID) values ('A05','007',null,'1','전결',null,null,null,0);
INSERT INTO TBL_CODELIST (CODE1,CODE2,NAME,ISUSE,DESCRIPT,NAME2,NAME3,NAME4,TENANT_ID) values ('A05','008',null,'1','대결',null,null,null,0);
INSERT INTO TBL_CODELIST (CODE1,CODE2,NAME,ISUSE,DESCRIPT,NAME2,NAME3,NAME4,TENANT_ID) values ('A05','009','DNAME','1','후결','DNAME','DNAME','DNAME',0);
INSERT INTO TBL_CODELIST (CODE1,CODE2,NAME,ISUSE,DESCRIPT,NAME2,NAME3,NAME4,TENANT_ID) values ('A13','0  ','결재TYPE','1','결재형식','결재TYPE','결재TYPE','결재TYPE',0);
INSERT INTO TBL_CODELIST (CODE1,CODE2,NAME,ISUSE,DESCRIPT,NAME2,NAME3,NAME4,TENANT_ID) values ('A13','001','001','0','사용자와부서분리','001','001','001',0);
INSERT INTO TBL_CODELIST (CODE1,CODE2,NAME,ISUSE,DESCRIPT,NAME2,NAME3,NAME4,TENANT_ID) values ('A13','002','002','1','사용자와부서가 통합','002','002','002',0);
INSERT INTO TBL_CODELIST (CODE1,CODE2,NAME,ISUSE,DESCRIPT,NAME2,NAME3,NAME4,TENANT_ID) values ('A15','0  ','UI폼형식처리','1','UI폼형식처리','UI폼형식처리','UI폼형식처리','UI폼형식처리',0);
INSERT INTO TBL_CODELIST (CODE1,CODE2,NAME,ISUSE,DESCRIPT,NAME2,NAME3,NAME4,TENANT_ID) values ('A15','001','yyyy.mm.dd hh:mm','1','년-월-일','yyyy.mm.dd hh:mm','yyyy.mm.dd hh:mm','yyyy.mm.dd hh:mm',0);
INSERT INTO TBL_CODELIST (CODE1,CODE2,NAME,ISUSE,DESCRIPT,NAME2,NAME3,NAME4,TENANT_ID) values ('A15','002','.','1','사인일자 형식','.','.','.',0);
INSERT INTO TBL_CODELIST (CODE1,CODE2,NAME,ISUSE,DESCRIPT,NAME2,NAME3,NAME4,TENANT_ID) values ('A17','0  ','의견종류','1','의견종류','의견종류',null,null,0);
INSERT INTO TBL_CODELIST (CODE1,CODE2,NAME,ISUSE,DESCRIPT,NAME2,NAME3,NAME4,TENANT_ID) values ('A17','001','일반의견','1','일반의견','General','一般意見','一般意见',0);
INSERT INTO TBL_CODELIST (CODE1,CODE2,NAME,ISUSE,DESCRIPT,NAME2,NAME3,NAME4,TENANT_ID) values ('A17','002','반송의견','1','반송의견','Rejection','返送意見','退回意见',0);
INSERT INTO TBL_CODELIST (CODE1,CODE2,NAME,ISUSE,DESCRIPT,NAME2,NAME3,NAME4,TENANT_ID) values ('A17','003','보류의견','1','보류의견','Holding','保留意見','保存意见',0);
INSERT INTO TBL_CODELIST (CODE1,CODE2,NAME,ISUSE,DESCRIPT,NAME2,NAME3,NAME4,TENANT_ID) values ('A17','004','회송의견','1','회송의견','Returning','回送意見','退回意见',0);
INSERT INTO TBL_CODELIST (CODE1,CODE2,NAME,ISUSE,DESCRIPT,NAME2,NAME3,NAME4,TENANT_ID) values ('A17','005','지시사항','1','지시사항','지시사항','指示','说明',0);
INSERT INTO TBL_CODELIST (CODE1,CODE2,NAME,ISUSE,DESCRIPT,NAME2,NAME3,NAME4,TENANT_ID) values ('A17','006','메모','1','메모','메모','メモ','备忘录',0);
INSERT INTO TBL_CODELIST (CODE1,CODE2,NAME,ISUSE,DESCRIPT,NAME2,NAME3,NAME4,TENANT_ID) values ('A18','0  ','결재날짜순서','1','리스트ORDERBY','결재날짜순서','결재날짜순서','결재날짜순서',0);
INSERT INTO TBL_CODELIST (CODE1,CODE2,NAME,ISUSE,DESCRIPT,NAME2,NAME3,NAME4,TENANT_ID) values ('A18','001','DESC','1','결재문서(ASC,DESC)','DESC','DESC','DESC',0);
INSERT INTO TBL_CODELIST (CODE1,CODE2,NAME,ISUSE,DESCRIPT,NAME2,NAME3,NAME4,TENANT_ID) values ('A18','002','DESC','1','문서함(ASC,DESC)','DESC','DESC','DESC',0);
INSERT INTO TBL_CODELIST (CODE1,CODE2,NAME,ISUSE,DESCRIPT,NAME2,NAME3,NAME4,TENANT_ID) values ('A19','0  ','첨부공유유무','0','첨부공유유무확인','첨부공유유무','첨부공유유무','첨부공유유무',0);
INSERT INTO TBL_CODELIST (CODE1,CODE2,NAME,ISUSE,DESCRIPT,NAME2,NAME3,NAME4,TENANT_ID) values ('A19','001','0','1','0 : 별도, 1: 공유','0','0','0',0);
INSERT INTO TBL_CODELIST (CODE1,CODE2,NAME,ISUSE,DESCRIPT,NAME2,NAME3,NAME4,TENANT_ID) values ('A20','0  ','첨부/의견 display','1','첨부/의견 유무Dispaly','첨부/의견 display','첨부/의견 display','첨부/의견 display',0);
INSERT INTO TBL_CODELIST (CODE1,CODE2,NAME,ISUSE,DESCRIPT,NAME2,NAME3,NAME4,TENANT_ID) values ('A20','001','Y','1','유','Y','Y','Y',0);
INSERT INTO TBL_CODELIST (CODE1,CODE2,NAME,ISUSE,DESCRIPT,NAME2,NAME3,NAME4,TENANT_ID) values ('A20','002','N','1','무','N','N','N',0);
INSERT INTO TBL_CODELIST (CODE1,CODE2,NAME,ISUSE,DESCRIPT,NAME2,NAME3,NAME4,TENANT_ID) values ('A22','000','확장기능사용유무','0',null,'확장기능사용유무','확장기능사용유무','확장기능사용유무',0);
INSERT INTO TBL_CODELIST (CODE1,CODE2,NAME,ISUSE,DESCRIPT,NAME2,NAME3,NAME4,TENANT_ID) values ('A22','001','보안등급','1',null,'보안등급','보안등급','보안등급',0);
INSERT INTO TBL_CODELIST (CODE1,CODE2,NAME,ISUSE,DESCRIPT,NAME2,NAME3,NAME4,TENANT_ID) values ('A22','002','보존기간','0',null,'보존기간','보존기간','보존기간',0);
INSERT INTO TBL_CODELIST (CODE1,CODE2,NAME,ISUSE,DESCRIPT,NAME2,NAME3,NAME4,TENANT_ID) values ('A22','003','키워드','0',null,'키워드','키워드','키워드',0);
INSERT INTO TBL_CODELIST (CODE1,CODE2,NAME,ISUSE,DESCRIPT,NAME2,NAME3,NAME4,TENANT_ID) values ('A22','004','0','1','공개여부. 0:사용안함, 1: 사용','0','0','0',0);
INSERT INTO TBL_CODELIST (CODE1,CODE2,NAME,ISUSE,DESCRIPT,NAME2,NAME3,NAME4,TENANT_ID) values ('A22','005','결재선포함','1','보안등급쿼리시 결재선에 있는 사람은 보안등급 무시 여부(1 : 무시. 2 : 보안등급이 우선함)','결재선포함','결재선포함','결재선포함',0);
INSERT INTO TBL_CODELIST (CODE1,CODE2,NAME,ISUSE,DESCRIPT,NAME2,NAME3,NAME4,TENANT_ID) values ('A23','000','대리결재유무','0','대리결재유무','대리결재유무','대리결재유무','대리결재유무',0);
INSERT INTO TBL_CODELIST (CODE1,CODE2,NAME,ISUSE,DESCRIPT,NAME2,NAME3,NAME4,TENANT_ID) values ('A23','001','대리결재','1','0:사용X, 1:사용O','대리결재','대리결재','대리결재',0);
INSERT INTO TBL_CODELIST (CODE1,CODE2,NAME,ISUSE,DESCRIPT,NAME2,NAME3,NAME4,TENANT_ID) values ('A24','0  ','문서보기 기한 설정',null,null,'문서보기 기한 설정','문서보기 기한 설정','문서보기 기한 설정',0);
INSERT INTO TBL_CODELIST (CODE1,CODE2,NAME,ISUSE,DESCRIPT,NAME2,NAME3,NAME4,TENANT_ID) values ('A01','0  ','문서종류','0','문서종류','문서종류',null,null,0);
INSERT INTO TBL_CODELIST (CODE1,CODE2,NAME,ISUSE,DESCRIPT,NAME2,NAME3,NAME4,TENANT_ID) values ('A01','001','시행문','1','기안문','Enforcement','施行文','执行文件',0);
INSERT INTO TBL_CODELIST (CODE1,CODE2,NAME,ISUSE,DESCRIPT,NAME2,NAME3,NAME4,TENANT_ID) values ('A01','002','내부결재','1','보고문','Inner Approval','報告文','报告书',0);

INSERT INTO TBL_LISTOPTION (LISTTYPE,SN,NAME,WIDTH,TABLENAME,COLNAME,COLALIAS,DTYPE,TYPEDESC,FIELDDESC,NAME2,NAME3,NAME4,TENANT_ID) values ('009',2,'기안부서',130,null,'WriterDeptName',null,null,'기안부서','기안부서','Dept.(draft)','発信依頼部門','傳出部門委託',0);
INSERT INTO TBL_LISTOPTION (LISTTYPE,SN,NAME,WIDTH,TABLENAME,COLNAME,COLALIAS,DTYPE,TYPEDESC,FIELDDESC,NAME2,NAME3,NAME4,TENANT_ID) values ('009',3,'기안자',120,null,'WriterName',null,null,'기안자','기안자','Drafter','発信依頼者','傳出贊助商',0);
INSERT INTO TBL_LISTOPTION (LISTTYPE,SN,NAME,WIDTH,TABLENAME,COLNAME,COLALIAS,DTYPE,TYPEDESC,FIELDDESC,NAME2,NAME3,NAME4,TENANT_ID) values ('009',4,'저장일시',130,null,'StartDate',null,null,'저장일시','저장일시','Save Date','保存日時','保存日期',0);
INSERT INTO TBL_LISTOPTION (LISTTYPE,SN,NAME,WIDTH,TABLENAME,COLNAME,COLALIAS,DTYPE,TYPEDESC,FIELDDESC,NAME2,NAME3,NAME4,TENANT_ID) values ('009',5,'문서명',100,null,'FormName',null,null,'양식명','양식명','Form title','文書名','文書名',0);
INSERT INTO TBL_LISTOPTION (LISTTYPE,SN,NAME,WIDTH,TABLENAME,COLNAME,COLALIAS,DTYPE,TYPEDESC,FIELDDESC,NAME2,NAME3,NAME4,TENANT_ID) values ('009',6,'첨부',30,null,'HASATTACHYN',null,null,'서버저장문서','첨부','Attach','添付','附件',0);
INSERT INTO TBL_LISTOPTION (LISTTYPE,SN,NAME,WIDTH,TABLENAME,COLNAME,COLALIAS,DTYPE,TYPEDESC,FIELDDESC,NAME2,NAME3,NAME4,TENANT_ID) values ('009',7,'공개',30,null,'ISPUBLIC',null,null,'서버저장문서','공개','Public','公開','公开',0);
INSERT INTO TBL_LISTOPTION (LISTTYPE,SN,NAME,WIDTH,TABLENAME,COLNAME,COLALIAS,DTYPE,TYPEDESC,FIELDDESC,NAME2,NAME3,NAME4,TENANT_ID) values ('011',1,'순번',35,'TBL_APRLINEINFO','AprMemberSN',null,null,'결재선정보(진행)','순번','No.','順番','序号',0);
INSERT INTO TBL_LISTOPTION (LISTTYPE,SN,NAME,WIDTH,TABLENAME,COLNAME,COLALIAS,DTYPE,TYPEDESC,FIELDDESC,NAME2,NAME3,NAME4,TENANT_ID) values ('011',2,'성명',120,'TBL_APRLINEINFO','AprMemberName',null,null,'결재선정보(진행)','성명','Name','氏名','姓名',0);
INSERT INTO TBL_LISTOPTION (LISTTYPE,SN,NAME,WIDTH,TABLENAME,COLNAME,COLALIAS,DTYPE,TYPEDESC,FIELDDESC,NAME2,NAME3,NAME4,TENANT_ID) values ('011',3,'직위',100,'TBL_APRLINEINFO','AprMemberJobTitle',null,null,'결재선정보(진행)','직위','Title','役職','职位',0);
INSERT INTO TBL_LISTOPTION (LISTTYPE,SN,NAME,WIDTH,TABLENAME,COLNAME,COLALIAS,DTYPE,TYPEDESC,FIELDDESC,NAME2,NAME3,NAME4,TENANT_ID) values ('011',4,'부서',130,'TBL_APRLINEINFO','AprMemberDeptName',null,null,'결재선정보(진행)','부서명','Dept.','部署','部门',0);
INSERT INTO TBL_LISTOPTION (LISTTYPE,SN,NAME,WIDTH,TABLENAME,COLNAME,COLALIAS,DTYPE,TYPEDESC,FIELDDESC,NAME2,NAME3,NAME4,TENANT_ID) values ('011',5,'결재유형',100,'TBL_APRLINEINFO','AprType',null,null,'결재선정보(진행)','결재방법','Type','決栽類型','批准类型',0);
INSERT INTO TBL_LISTOPTION (LISTTYPE,SN,NAME,WIDTH,TABLENAME,COLNAME,COLALIAS,DTYPE,TYPEDESC,FIELDDESC,NAME2,NAME3,NAME4,TENANT_ID) values ('011',6,'결재상태',80,'TBL_APRLINEINFO','AprState',null,null,'결재선정보(진행)','결재상태','Status','進捗段階','批准状态',0);
INSERT INTO TBL_LISTOPTION (LISTTYPE,SN,NAME,WIDTH,TABLENAME,COLNAME,COLALIAS,DTYPE,TYPEDESC,FIELDDESC,NAME2,NAME3,NAME4,TENANT_ID) values ('011',7,'결재일시',130,'TBL_APRLINEINFO','ProcessDate',null,null,'결재선정보(진행)','결재일시','Date','決栽日時','批准日',0);
INSERT INTO TBL_LISTOPTION (LISTTYPE,SN,NAME,WIDTH,TABLENAME,COLNAME,COLALIAS,DTYPE,TYPEDESC,FIELDDESC,NAME2,NAME3,NAME4,TENANT_ID) values ('012',1,'순번',35,'TBL_ENDAPRLINEINFO','AprMemberSN',null,null,'결재선정보(완료)','순번','No.','順番','序号',0);
INSERT INTO TBL_LISTOPTION (LISTTYPE,SN,NAME,WIDTH,TABLENAME,COLNAME,COLALIAS,DTYPE,TYPEDESC,FIELDDESC,NAME2,NAME3,NAME4,TENANT_ID) values ('012',3,'직위',50,'TBL_ENDAPRLINEINFO','AprMemberJobTitle',null,null,'결재선정보(완료)','직위','Title','役職','职位',0);
INSERT INTO TBL_LISTOPTION (LISTTYPE,SN,NAME,WIDTH,TABLENAME,COLNAME,COLALIAS,DTYPE,TYPEDESC,FIELDDESC,NAME2,NAME3,NAME4,TENANT_ID) values ('012',4,'부서',120,'TBL_ENDAPRLINEINFO','AprMemberDeptName',null,null,'결재선정보(완료)','부서명','Dept.','部署','部门',0);
INSERT INTO TBL_LISTOPTION (LISTTYPE,SN,NAME,WIDTH,TABLENAME,COLNAME,COLALIAS,DTYPE,TYPEDESC,FIELDDESC,NAME2,NAME3,NAME4,TENANT_ID) values ('012',5,'결재유형',75,'TBL_ENDAPRLINEINFO','AprType',null,null,'결재선정보(완료)','결재방법','Type','決栽類型','批准类型',0);
INSERT INTO TBL_LISTOPTION (LISTTYPE,SN,NAME,WIDTH,TABLENAME,COLNAME,COLALIAS,DTYPE,TYPEDESC,FIELDDESC,NAME2,NAME3,NAME4,TENANT_ID) values ('012',6,'결재상태',75,'TBL_ENDAPRLINEINFO','AprState',null,null,'결재선정보(완료)','결재상태','Status','進捗段階','批准状态',0);
INSERT INTO TBL_LISTOPTION (LISTTYPE,SN,NAME,WIDTH,TABLENAME,COLNAME,COLALIAS,DTYPE,TYPEDESC,FIELDDESC,NAME2,NAME3,NAME4,TENANT_ID) values ('012',7,'결재일시',130,'TBL_ENDAPRLINEINFO','ProcessDate',null,null,'결재선정보(완료)','결재일시','Date','決栽日時','批准日',0);
INSERT INTO TBL_LISTOPTION (LISTTYPE,SN,NAME,WIDTH,TABLENAME,COLNAME,COLALIAS,DTYPE,TYPEDESC,FIELDDESC,NAME2,NAME3,NAME4,TENANT_ID) values ('012',8,'대리자',110,'TBL_EXPENDAPRLINE','proxyusername',null,null,'결재선정보(완료)','대리결재자이름','Deputy','代理者','代理者',0);
INSERT INTO TBL_LISTOPTION (LISTTYPE,SN,NAME,WIDTH,TABLENAME,COLNAME,COLALIAS,DTYPE,TYPEDESC,FIELDDESC,NAME2,NAME3,NAME4,TENANT_ID) values ('012',9,'대리자직위',90,'TBL_EXPENDAPRLINE','proxyuserjobtitle',null,null,'결재선정보(완료)','대리결재자직위','Title(deputy)','代理者の役職','代理者职位',0);
INSERT INTO TBL_LISTOPTION (LISTTYPE,SN,NAME,WIDTH,TABLENAME,COLNAME,COLALIAS,DTYPE,TYPEDESC,FIELDDESC,NAME2,NAME3,NAME4,TENANT_ID) values ('012',10,'대리자부서',120,'TBL_EXPENDAPRLINE','proxyuserdeptname',null,null,'결재선정보(완료)','대리결재자부서','Dept.(deputy)','代理者の部署','代理者部门',0);
INSERT INTO TBL_LISTOPTION (LISTTYPE,SN,NAME,WIDTH,TABLENAME,COLNAME,COLALIAS,DTYPE,TYPEDESC,FIELDDESC,NAME2,NAME3,NAME4,TENANT_ID) values ('013',1,'순번',35,'TBL_APRLINEINFO','AprMemberSN',null,null,'결재선정보(코딩)','순번','No.','順番','序号',0);
INSERT INTO TBL_LISTOPTION (LISTTYPE,SN,NAME,WIDTH,TABLENAME,COLNAME,COLALIAS,DTYPE,TYPEDESC,FIELDDESC,NAME2,NAME3,NAME4,TENANT_ID) values ('013',2,'성명',120,'TBL_APRLINEINFO','AprMemberName',null,null,'결재선정보(코딩)','성명','Name','氏名','姓名',0);
INSERT INTO TBL_LISTOPTION (LISTTYPE,SN,NAME,WIDTH,TABLENAME,COLNAME,COLALIAS,DTYPE,TYPEDESC,FIELDDESC,NAME2,NAME3,NAME4,TENANT_ID) values ('013',3,'직위',50,'TBL_APRLINEINFO','AprMemberJobTitle',null,null,'결재선정보(코딩)','직위','Title','役職','职位',0);
INSERT INTO TBL_LISTOPTION (LISTTYPE,SN,NAME,WIDTH,TABLENAME,COLNAME,COLALIAS,DTYPE,TYPEDESC,FIELDDESC,NAME2,NAME3,NAME4,TENANT_ID) values ('013',4,'부서',130,'TBL_APRLINEINFO','AprMemberDeptName',null,null,'결재선정보(코딩)','부서명','Dept.','部署','部门',0);
INSERT INTO TBL_LISTOPTION (LISTTYPE,SN,NAME,WIDTH,TABLENAME,COLNAME,COLALIAS,DTYPE,TYPEDESC,FIELDDESC,NAME2,NAME3,NAME4,TENANT_ID) values ('013',5,'결재유형',120,'TBL_APRLINEINFO','AprType',null,null,'결재선정보(코딩)','결재방법','Type','決栽類型','批准类型',0);
INSERT INTO TBL_LISTOPTION (LISTTYPE,SN,NAME,WIDTH,TABLENAME,COLNAME,COLALIAS,DTYPE,TYPEDESC,FIELDDESC,NAME2,NAME3,NAME4,TENANT_ID) values ('013',6,'결재상태',70,'TBL_APRLINEINFO','AprState',null,null,'결재선정보(코딩)','결재상태','Status','進捗段階','批准状态',0);
INSERT INTO TBL_LISTOPTION (LISTTYPE,SN,NAME,WIDTH,TABLENAME,COLNAME,COLALIAS,DTYPE,TYPEDESC,FIELDDESC,NAME2,NAME3,NAME4,TENANT_ID) values ('013',7,'결재일시',120,'TBL_APRLINEINFO','ProcessDate',null,null,'결재선정보(코딩)','결재일시','Date','決栽日時','批准日',0);
INSERT INTO TBL_LISTOPTION (LISTTYPE,SN,NAME,WIDTH,TABLENAME,COLNAME,COLALIAS,DTYPE,TYPEDESC,FIELDDESC,NAME2,NAME3,NAME4,TENANT_ID) values ('021',1,'순번',35,'TBL_RECEIPTPOINTINFO','DeptMemberSN',null,null,'수신처정보(진행)','순번','No.','順番','序号',0);
INSERT INTO TBL_LISTOPTION (LISTTYPE,SN,NAME,WIDTH,TABLENAME,COLNAME,COLALIAS,DTYPE,TYPEDESC,FIELDDESC,NAME2,NAME3,NAME4,TENANT_ID) values ('021',2,'수신자명',200,'TBL_RECEIPTPOINTINFO','ReceiptPointName',null,null,'수신처정보(진행)','수신부서명','Dept.','受信部署名','收信部门名',0);
INSERT INTO TBL_LISTOPTION (LISTTYPE,SN,NAME,WIDTH,TABLENAME,COLNAME,COLALIAS,DTYPE,TYPEDESC,FIELDDESC,NAME2,NAME3,NAME4,TENANT_ID) values ('021',3,'수신자성명',200,'TBL_RECEIPTPOINTINFO','ReceiptMemberName',null,null,'수신처정보(진행)','수신자성명','Name','受信者氏名','收信创建名',0);
INSERT INTO TBL_LISTOPTION (LISTTYPE,SN,NAME,WIDTH,TABLENAME,COLNAME,COLALIAS,DTYPE,TYPEDESC,FIELDDESC,NAME2,NAME3,NAME4,TENANT_ID) values ('021',4,'승인상태',100,'TBL_RECEIPTPOINTINFO','ProcessYN',null,null,'수신처정보(진행)','처리여부','Status','承認状態','承认状态',0);
INSERT INTO TBL_LISTOPTION (LISTTYPE,SN,NAME,WIDTH,TABLENAME,COLNAME,COLALIAS,DTYPE,TYPEDESC,FIELDDESC,NAME2,NAME3,NAME4,TENANT_ID) values ('021',5,'승인일자',180,'TBL_RECEIPTPOINTINFO','ProcessDate',null,null,'수신처정보(진행)','처리일자','Date','承認日付','承认日',0);
INSERT INTO TBL_LISTOPTION (LISTTYPE,SN,NAME,WIDTH,TABLENAME,COLNAME,COLALIAS,DTYPE,TYPEDESC,FIELDDESC,NAME2,NAME3,NAME4,TENANT_ID) values ('022',1,'순번',35,'TBL_ENDRECEIPTPOINTINFO','DeptMemberSN',null,null,'수신처정보(완료)','순번','No.','順番','序号',0);
INSERT INTO TBL_LISTOPTION (LISTTYPE,SN,NAME,WIDTH,TABLENAME,COLNAME,COLALIAS,DTYPE,TYPEDESC,FIELDDESC,NAME2,NAME3,NAME4,TENANT_ID) values ('022',2,'수신자명',200,'TBL_ENDRECEIPTPOINTINFO','ReceiptPointName',null,null,'수신처정보(완료)','수신부서명','Dept.','受信部署名','收信部门名',0);
INSERT INTO TBL_LISTOPTION (LISTTYPE,SN,NAME,WIDTH,TABLENAME,COLNAME,COLALIAS,DTYPE,TYPEDESC,FIELDDESC,NAME2,NAME3,NAME4,TENANT_ID) values ('022',3,'수신자성명',200,'TBL_ENDRECEIPTPOINTINFO','ReceiptMemberName',null,null,'수신처정보(완료)','수신자성명','Name','受信者氏名','收信创建名',0);
INSERT INTO TBL_LISTOPTION (LISTTYPE,SN,NAME,WIDTH,TABLENAME,COLNAME,COLALIAS,DTYPE,TYPEDESC,FIELDDESC,NAME2,NAME3,NAME4,TENANT_ID) values ('022',4,'승인상태',100,'TBL_ENDRECEIPTPOINTINFO','ProcessYN',null,null,'수신처정보(완료)','처리여부','Status','承認状態','承认状态',0);
INSERT INTO TBL_LISTOPTION (LISTTYPE,SN,NAME,WIDTH,TABLENAME,COLNAME,COLALIAS,DTYPE,TYPEDESC,FIELDDESC,NAME2,NAME3,NAME4,TENANT_ID) values ('022',5,'승인일자',180,'TBL_ENDRECEIPTPOINTINFO','ProcessDate',null,null,'수신처정보(완료)','처리일자','Date','承認日付','承认日',0);
INSERT INTO TBL_LISTOPTION (LISTTYPE,SN,NAME,WIDTH,TABLENAME,COLNAME,COLALIAS,DTYPE,TYPEDESC,FIELDDESC,NAME2,NAME3,NAME4,TENANT_ID) values ('023',1,'순번',35,'TBL_RECEIPTPOINTINFO','DeptMemberSN',null,null,'수신처정보(코딩)','순번','No.','順番','序号',0);
INSERT INTO TBL_LISTOPTION (LISTTYPE,SN,NAME,WIDTH,TABLENAME,COLNAME,COLALIAS,DTYPE,TYPEDESC,FIELDDESC,NAME2,NAME3,NAME4,TENANT_ID) values ('023',2,'수신자명',200,'TBL_RECEIPTPOINTINFO','ReceiptPointName',null,null,'수신처정보(코딩)','수신부서명','Dept','受信部署名','收信部门名',0);
INSERT INTO TBL_LISTOPTION (LISTTYPE,SN,NAME,WIDTH,TABLENAME,COLNAME,COLALIAS,DTYPE,TYPEDESC,FIELDDESC,NAME2,NAME3,NAME4,TENANT_ID) values ('024',1,'순번',35,'TBL_RECEIPTPOINTINFO','DeptMemberSN',null,null,'수신처정보(재발송)','순번','SN','順番','序号',0);
INSERT INTO TBL_LISTOPTION (LISTTYPE,SN,NAME,WIDTH,TABLENAME,COLNAME,COLALIAS,DTYPE,TYPEDESC,FIELDDESC,NAME2,NAME3,NAME4,TENANT_ID) values ('024',2,'수신자명',200,'TBL_RECEIPTPOINTINFO','ReceiptPointName',null,null,'수신처정보(재발송)','수신부서명','Dept.','受信部署名','收信部门名',0);
INSERT INTO TBL_LISTOPTION (LISTTYPE,SN,NAME,WIDTH,TABLENAME,COLNAME,COLALIAS,DTYPE,TYPEDESC,FIELDDESC,NAME2,NAME3,NAME4,TENANT_ID) values ('024',3,'발송상태',100,'TBL_RECEIPTPOINTINFO','ProcessYN',null,null,'수신처정보(재발송)','발송상태','ProcessYN','発送進行状況','発送進行状況',0);
INSERT INTO TBL_LISTOPTION (LISTTYPE,SN,NAME,WIDTH,TABLENAME,COLNAME,COLALIAS,DTYPE,TYPEDESC,FIELDDESC,NAME2,NAME3,NAME4,TENANT_ID) values ('031',1,'구분',55,'TBL_APROPINIONINFO','OpinionGB',null,null,'의견정보(진행)','의견구분','Type','区分','区分',0);
INSERT INTO TBL_LISTOPTION (LISTTYPE,SN,NAME,WIDTH,TABLENAME,COLNAME,COLALIAS,DTYPE,TYPEDESC,FIELDDESC,NAME2,NAME3,NAME4,TENANT_ID) values ('031',2,'성명',100,'TBL_APROPINIONINFO','UserName',null,null,'의견정보(진행)','작성자','Name','氏名','姓名',0);
INSERT INTO TBL_LISTOPTION (LISTTYPE,SN,NAME,WIDTH,TABLENAME,COLNAME,COLALIAS,DTYPE,TYPEDESC,FIELDDESC,NAME2,NAME3,NAME4,TENANT_ID) values ('031',3,'내용',300,'TBL_APROPINIONINFO','Content',null,null,'의견정보(진행)','의견내용','Content','内容','内容',0);
INSERT INTO TBL_LISTOPTION (LISTTYPE,SN,NAME,WIDTH,TABLENAME,COLNAME,COLALIAS,DTYPE,TYPEDESC,FIELDDESC,NAME2,NAME3,NAME4,TENANT_ID) values ('031',4,'직위',100,'TBL_APROPINIONINFO','UserJobTitle',null,null,'의견정보(진행)','작성자직위','Title','役職','职位',0);
INSERT INTO TBL_LISTOPTION (LISTTYPE,SN,NAME,WIDTH,TABLENAME,COLNAME,COLALIAS,DTYPE,TYPEDESC,FIELDDESC,NAME2,NAME3,NAME4,TENANT_ID) values ('031',5,'부서',100,'TBL_APROPINIONINFO','UserDeptName',null,null,'의견정보(진행)','작성자부서명`','Dept.','部署','部门',0);
INSERT INTO TBL_LISTOPTION (LISTTYPE,SN,NAME,WIDTH,TABLENAME,COLNAME,COLALIAS,DTYPE,TYPEDESC,FIELDDESC,NAME2,NAME3,NAME4,TENANT_ID) values ('032',1,'구분',55,'TBL_ENDAPROPINIONINFO','OpinionGB',null,null,'의견정보(완료)','의견구분','Type','区分','区分',0);
INSERT INTO TBL_LISTOPTION (LISTTYPE,SN,NAME,WIDTH,TABLENAME,COLNAME,COLALIAS,DTYPE,TYPEDESC,FIELDDESC,NAME2,NAME3,NAME4,TENANT_ID) values ('032',2,'성명',100,'TBL_ENDAPROPINIONINFO','UserName',null,null,'의견정보(완료)','작성자','Name','氏名','姓名',0);
INSERT INTO TBL_LISTOPTION (LISTTYPE,SN,NAME,WIDTH,TABLENAME,COLNAME,COLALIAS,DTYPE,TYPEDESC,FIELDDESC,NAME2,NAME3,NAME4,TENANT_ID) values ('032',3,'내용',300,'TBL_ENDAPROPINIONINFO','Content',null,null,'의견정보(완료)','의견내용','Content','内容','内容',0);
INSERT INTO TBL_LISTOPTION (LISTTYPE,SN,NAME,WIDTH,TABLENAME,COLNAME,COLALIAS,DTYPE,TYPEDESC,FIELDDESC,NAME2,NAME3,NAME4,TENANT_ID) values ('032',4,'직위',100,'TBL_ENDAPROPINIONINFO','UserJobTitle',null,null,'의견정보(완료)','작성자직위','Title','役職','职位',0);
INSERT INTO TBL_LISTOPTION (LISTTYPE,SN,NAME,WIDTH,TABLENAME,COLNAME,COLALIAS,DTYPE,TYPEDESC,FIELDDESC,NAME2,NAME3,NAME4,TENANT_ID) values ('032',5,'부서',100,'TBL_ENDAPROPINIONINFO','UserDeptName',null,null,'의견정보(완료)','작성자부서명`','Dept.','部署','部门',0);
INSERT INTO TBL_LISTOPTION (LISTTYPE,SN,NAME,WIDTH,TABLENAME,COLNAME,COLALIAS,DTYPE,TYPEDESC,FIELDDESC,NAME2,NAME3,NAME4,TENANT_ID) values ('033',1,'구분',55,'TBL_APROPINIONINFO','OpinionGB',null,null,'의견정보(진행UI)','의견구분','Type','区分','区分',0);
INSERT INTO TBL_LISTOPTION (LISTTYPE,SN,NAME,WIDTH,TABLENAME,COLNAME,COLALIAS,DTYPE,TYPEDESC,FIELDDESC,NAME2,NAME3,NAME4,TENANT_ID) values ('033',2,'성명',100,'TBL_APROPINIONINFO','UserName',null,null,'의견정보(진행UI)','작성자','Name','氏名','姓名',0);
INSERT INTO TBL_LISTOPTION (LISTTYPE,SN,NAME,WIDTH,TABLENAME,COLNAME,COLALIAS,DTYPE,TYPEDESC,FIELDDESC,NAME2,NAME3,NAME4,TENANT_ID) values ('033',3,'직위',100,'TBL_APROPINIONINFO','UserJobTitle',null,null,'의견정보(진행UI)','작성자직위','Title','役職','职位',0);
INSERT INTO TBL_LISTOPTION (LISTTYPE,SN,NAME,WIDTH,TABLENAME,COLNAME,COLALIAS,DTYPE,TYPEDESC,FIELDDESC,NAME2,NAME3,NAME4,TENANT_ID) values ('033',4,'부서',100,'TBL_APROPINIONINFO','UserDeptName',null,null,'의견정보(진행UI)','작성자부서명`','Dept.','部署','部门',0);
INSERT INTO TBL_LISTOPTION (LISTTYPE,SN,NAME,WIDTH,TABLENAME,COLNAME,COLALIAS,DTYPE,TYPEDESC,FIELDDESC,NAME2,NAME3,NAME4,TENANT_ID) values ('034',1,'구분',55,'TBL_ENDAPROPINIONINFO','OpinionGB',null,null,'의견정보(완료UI)','의견구분','Type','区分','区分',0);
INSERT INTO TBL_LISTOPTION (LISTTYPE,SN,NAME,WIDTH,TABLENAME,COLNAME,COLALIAS,DTYPE,TYPEDESC,FIELDDESC,NAME2,NAME3,NAME4,TENANT_ID) values ('034',2,'성명',100,'TBL_ENDAPROPINIONINFO','UserName',null,null,'의견정보(완료UI)','작성자','Name','氏名','姓名',0);
INSERT INTO TBL_LISTOPTION (LISTTYPE,SN,NAME,WIDTH,TABLENAME,COLNAME,COLALIAS,DTYPE,TYPEDESC,FIELDDESC,NAME2,NAME3,NAME4,TENANT_ID) values ('034',3,'직위',100,'TBL_ENDAPROPINIONINFO','UserJobTitle',null,null,'의견정보(완료UI)','작성자직위','Title','役職','职位',0);
INSERT INTO TBL_LISTOPTION (LISTTYPE,SN,NAME,WIDTH,TABLENAME,COLNAME,COLALIAS,DTYPE,TYPEDESC,FIELDDESC,NAME2,NAME3,NAME4,TENANT_ID) values ('034',4,'부서',100,'TBL_ENDAPROPINIONINFO','UserDeptName',null,null,'의견정보(완료UI)','작성자부서명`','Dept.','部署','部门',0);
INSERT INTO TBL_LISTOPTION (LISTTYPE,SN,NAME,WIDTH,TABLENAME,COLNAME,COLALIAS,DTYPE,TYPEDESC,FIELDDESC,NAME2,NAME3,NAME4,TENANT_ID) values ('041',1,'첨부자',80,'TBL_APRATTACHINFO','AttachUserName',null,null,'첨부파일정보(진행UI)','첨부자명','User','添付者','附件者',0);
INSERT INTO TBL_LISTOPTION (LISTTYPE,SN,NAME,WIDTH,TABLENAME,COLNAME,COLALIAS,DTYPE,TYPEDESC,FIELDDESC,NAME2,NAME3,NAME4,TENANT_ID) values ('041',2,'파일이름',250,'TBL_APRATTACHINFO','DisplayName',null,null,'첨부파일정보(진행UI)','디스플래이명','Filename','ファイル名','文件名',0);
INSERT INTO TBL_LISTOPTION (LISTTYPE,SN,NAME,WIDTH,TABLENAME,COLNAME,COLALIAS,DTYPE,TYPEDESC,FIELDDESC,NAME2,NAME3,NAME4,TENANT_ID) values ('041',3,'파일크기',100,'TBL_APRATTACHINFO','AttachFileSize',null,null,'첨부파일정보(진행UI)','파일크기','Size','ファイルサイズ','文件大小',0);
INSERT INTO TBL_LISTOPTION (LISTTYPE,SN,NAME,WIDTH,TABLENAME,COLNAME,COLALIAS,DTYPE,TYPEDESC,FIELDDESC,NAME2,NAME3,NAME4,TENANT_ID) values ('041',4,'쪽수',40,'TBL_APRATTACHINFO','PageNum',null,null,'첨부파일정보(진행UI)','쪽수','PageNum','ページ数','頁數',0);
INSERT INTO TBL_LISTOPTION (LISTTYPE,SN,NAME,WIDTH,TABLENAME,COLNAME,COLALIAS,DTYPE,TYPEDESC,FIELDDESC,NAME2,NAME3,NAME4,TENANT_ID) values ('042',1,'문서명',300,'TBL_APRDOCATTACHINFO','AttachDocName',null,null,'첨부문서정보(진행UI)','문서명','Form title','文書名','文件名',0);
INSERT INTO TBL_LISTOPTION (LISTTYPE,SN,NAME,WIDTH,TABLENAME,COLNAME,COLALIAS,DTYPE,TYPEDESC,FIELDDESC,NAME2,NAME3,NAME4,TENANT_ID) values ('043',1,'구분',60,null,'AttachType',null,null,'첨부정보','구분','Type','区分','区分',0);
INSERT INTO TBL_LISTOPTION (LISTTYPE,SN,NAME,WIDTH,TABLENAME,COLNAME,COLALIAS,DTYPE,TYPEDESC,FIELDDESC,NAME2,NAME3,NAME4,TENANT_ID) values ('043',2,'첨부이름',200,null,'AttachName',null,null,'첨부정보','첨부이름','Filename','添付名','附件名',0);
INSERT INTO TBL_LISTOPTION (LISTTYPE,SN,NAME,WIDTH,TABLENAME,COLNAME,COLALIAS,DTYPE,TYPEDESC,FIELDDESC,NAME2,NAME3,NAME4,TENANT_ID) values ('043',3,'첨부자',100,null,'AttachUserName',null,null,'첨부정보','첨부자명','User','添付者','附件者',0);
INSERT INTO TBL_LISTOPTION (LISTTYPE,SN,NAME,WIDTH,TABLENAME,COLNAME,COLALIAS,DTYPE,TYPEDESC,FIELDDESC,NAME2,NAME3,NAME4,TENANT_ID) values ('043',4,'첨부자부서명',100,null,'AttachUserDeptName',null,null,'첨부정보','첨부자부서명','Dept.','添付者部署名','附件者部门名',0);
INSERT INTO TBL_LISTOPTION (LISTTYPE,SN,NAME,WIDTH,TABLENAME,COLNAME,COLALIAS,DTYPE,TYPEDESC,FIELDDESC,NAME2,NAME3,NAME4,TENANT_ID) values ('051',1,'문서번호',150,'TBL_ENDAPRDOCINFO','DocNo',null,null,'개인문서함리스트','문서번호','Doc. No.','文書番号','文件号',0);
INSERT INTO TBL_LISTOPTION (LISTTYPE,SN,NAME,WIDTH,TABLENAME,COLNAME,COLALIAS,DTYPE,TYPEDESC,FIELDDESC,NAME2,NAME3,NAME4,TENANT_ID) values ('051',2,'제목',350,'TBL_ENDAPRDOCINFO','DocTitle',null,null,'개인문서함리스트','제목','Title','見出し','标题',0);
INSERT INTO TBL_LISTOPTION (LISTTYPE,SN,NAME,WIDTH,TABLENAME,COLNAME,COLALIAS,DTYPE,TYPEDESC,FIELDDESC,NAME2,NAME3,NAME4,TENANT_ID) values ('051',3,'작성자',100,'TBL_ENDAPRDOCINFO','WriterName',null,null,'개인문서함리스트','기안자이름','Drafter','作成者','郵政',0);
INSERT INTO TBL_LISTOPTION (LISTTYPE,SN,NAME,WIDTH,TABLENAME,COLNAME,COLALIAS,DTYPE,TYPEDESC,FIELDDESC,NAME2,NAME3,NAME4,TENANT_ID) values ('051',4,'완료일시',100,'TBL_ENDAPRDOCINFO','EndDate',null,null,'개인문서함리스트','완료일시','Date completed','完了日時','结束日期',0);
INSERT INTO TBL_LISTOPTION (LISTTYPE,SN,NAME,WIDTH,TABLENAME,COLNAME,COLALIAS,DTYPE,TYPEDESC,FIELDDESC,NAME2,NAME3,NAME4,TENANT_ID) values ('051',5,'문서명',160,'TBL_ENDAPRDOCINFO','FormName',null,null,'개인문서함리스트','양식이름','Form title','文書名','文件名',0);
INSERT INTO TBL_LISTOPTION (LISTTYPE,SN,NAME,WIDTH,TABLENAME,COLNAME,COLALIAS,DTYPE,TYPEDESC,FIELDDESC,NAME2,NAME3,NAME4,TENANT_ID) values ('051',6,'등록일자',100,'TBL_USERCONTLIST','LinkDate',null,null,'개인문서함리스트','등록일자','Date registered','登録日時','注册日期',0);
INSERT INTO TBL_LISTOPTION (LISTTYPE,SN,NAME,WIDTH,TABLENAME,COLNAME,COLALIAS,DTYPE,TYPEDESC,FIELDDESC,NAME2,NAME3,NAME4,TENANT_ID) values ('052',1,'문서번호',150,'TBL_ENDAPRDOCINFO','DocNo',null,null,'부서문서함리스트','문서번호','Doc. No.','文書番号','文件号',0);
INSERT INTO TBL_LISTOPTION (LISTTYPE,SN,NAME,WIDTH,TABLENAME,COLNAME,COLALIAS,DTYPE,TYPEDESC,FIELDDESC,NAME2,NAME3,NAME4,TENANT_ID) values ('052',2,'제목',350,'TBL_ENDAPRDOCINFO','DocTitle',null,null,'부서문서함리스트','제목','Title','見出し','标题',0);
INSERT INTO TBL_LISTOPTION (LISTTYPE,SN,NAME,WIDTH,TABLENAME,COLNAME,COLALIAS,DTYPE,TYPEDESC,FIELDDESC,NAME2,NAME3,NAME4,TENANT_ID) values ('052',3,'작성자',100,'TBL_ENDAPRDOCINFO','WriterName',null,'null','부서문서함리스트','기안자이름','Drafter','作成者','郵政',0);
INSERT INTO TBL_LISTOPTION (LISTTYPE,SN,NAME,WIDTH,TABLENAME,COLNAME,COLALIAS,DTYPE,TYPEDESC,FIELDDESC,NAME2,NAME3,NAME4,TENANT_ID) values ('012',2,'성명',110,'TBL_ENDAPRLINEINFO','AprMemberName',null,null,'결재선정보(완료)','성명','Name','氏名','姓名',0);
INSERT INTO TBL_LISTOPTION (LISTTYPE,SN,NAME,WIDTH,TABLENAME,COLNAME,COLALIAS,DTYPE,TYPEDESC,FIELDDESC,NAME2,NAME3,NAME4,TENANT_ID) values ('052',4,'완료일시',100,'TBL_ENDAPRDOCINFO','EndDate',null,null,'부서문서함리스트','완료일시','Date completed','完了日時','结束日期',0);
INSERT INTO TBL_LISTOPTION (LISTTYPE,SN,NAME,WIDTH,TABLENAME,COLNAME,COLALIAS,DTYPE,TYPEDESC,FIELDDESC,NAME2,NAME3,NAME4,TENANT_ID) values ('052',5,'문서명',160,'TBL_ENDAPRDOCINFO','FormName',null,null,'부서문서함리스트','양식이름','Form title','文書名','文件名',0);
INSERT INTO TBL_LISTOPTION (LISTTYPE,SN,NAME,WIDTH,TABLENAME,COLNAME,COLALIAS,DTYPE,TYPEDESC,FIELDDESC,NAME2,NAME3,NAME4,TENANT_ID) values ('052',6,'등록일자',100,'TBL_DEPTCONTLIST','LinkDate',null,null,'부서문서함리스트','등록일자','Date registered','登録日時','注册日期',0);
INSERT INTO TBL_LISTOPTION (LISTTYPE,SN,NAME,WIDTH,TABLENAME,COLNAME,COLALIAS,DTYPE,TYPEDESC,FIELDDESC,NAME2,NAME3,NAME4,TENANT_ID) values ('061',1,'변경내용',60,'TBL_HISTORYATTACHINFO','ModifyFlag',null,null,'첨부파일이력리스트','변경내용','Content','変更内容','变更内容',0);
INSERT INTO TBL_LISTOPTION (LISTTYPE,SN,NAME,WIDTH,TABLENAME,COLNAME,COLALIAS,DTYPE,TYPEDESC,FIELDDESC,NAME2,NAME3,NAME4,TENANT_ID) values ('061',2,'첨부이름',200,'TBL_HISTORYATTACHINFO','AttachFileDisplayName',null,null,'첨부파일이력리스트','첨부이름','Filename','添付名','附件名',0);
INSERT INTO TBL_LISTOPTION (LISTTYPE,SN,NAME,WIDTH,TABLENAME,COLNAME,COLALIAS,DTYPE,TYPEDESC,FIELDDESC,NAME2,NAME3,NAME4,TENANT_ID) values ('061',3,'첨부사이즈',100,'TBL_HISTORYATTACHINFO','AttachFileSize',null,null,'첨부파일이력리스트','첨부사이즈','Size','添付サイズ','附件大小',0);
INSERT INTO TBL_LISTOPTION (LISTTYPE,SN,NAME,WIDTH,TABLENAME,COLNAME,COLALIAS,DTYPE,TYPEDESC,FIELDDESC,NAME2,NAME3,NAME4,TENANT_ID) values ('061',4,'변경일자',100,'TBL_HISTORYATTACHINFO','ModifyDate',null,null,'첨부파일이력리스트','변경일자','Date','変更日時','变更日',0);
INSERT INTO TBL_LISTOPTION (LISTTYPE,SN,NAME,WIDTH,TABLENAME,COLNAME,COLALIAS,DTYPE,TYPEDESC,FIELDDESC,NAME2,NAME3,NAME4,TENANT_ID) values ('061',5,'변경자',80,'TBL_HISTORYATTACHINFO','AttachUserName',null,null,'첨부파일이력리스트','변경자','User','変更者','変更者',0);
INSERT INTO TBL_LISTOPTION (LISTTYPE,SN,NAME,WIDTH,TABLENAME,COLNAME,COLALIAS,DTYPE,TYPEDESC,FIELDDESC,NAME2,NAME3,NAME4,TENANT_ID) values ('061',6,'페이지',40,'TBL_HISTORYATTACHINFO','PageNum',null,null,'첨부파일이력리스트','페이지','PageNum','ページ','頁',0);
INSERT INTO TBL_LISTOPTION (LISTTYPE,SN,NAME,WIDTH,TABLENAME,COLNAME,COLALIAS,DTYPE,TYPEDESC,FIELDDESC,NAME2,NAME3,NAME4,TENANT_ID) values ('062',1,'변경순번',60,'TBL_HISTORYLINEINFO','ModifySN',null,null,'결재선이력리스트','변경순번','No.','変更順番','变更序号',0);
INSERT INTO TBL_LISTOPTION (LISTTYPE,SN,NAME,WIDTH,TABLENAME,COLNAME,COLALIAS,DTYPE,TYPEDESC,FIELDDESC,NAME2,NAME3,NAME4,TENANT_ID) values ('062',2,'변경일자',100,'TBL_HISTORYLINEINFO','ModifyDate',null,null,'결재선이력리스트','변경일자','Date','変更日時','变更日',0);
INSERT INTO TBL_LISTOPTION (LISTTYPE,SN,NAME,WIDTH,TABLENAME,COLNAME,COLALIAS,DTYPE,TYPEDESC,FIELDDESC,NAME2,NAME3,NAME4,TENANT_ID) values ('062',3,'변경자',100,'TBL_HISTORYLINEINFO','ModifyUserName',null,null,'결재선이력리스트','변경자','User','変更者','変更者',0);
INSERT INTO TBL_LISTOPTION (LISTTYPE,SN,NAME,WIDTH,TABLENAME,COLNAME,COLALIAS,DTYPE,TYPEDESC,FIELDDESC,NAME2,NAME3,NAME4,TENANT_ID) values ('062',4,'변경자직위',100,'TBL_HISTORYLINEINFO','ModifyUserJobTitle',null,null,'결재선이력리스트','변경자직위','Title','変更者役職','变更者职位',0);
INSERT INTO TBL_LISTOPTION (LISTTYPE,SN,NAME,WIDTH,TABLENAME,COLNAME,COLALIAS,DTYPE,TYPEDESC,FIELDDESC,NAME2,NAME3,NAME4,TENANT_ID) values ('062',5,'변경자부서',100,'TBL_HISTORYLINEINFO','ModifyUserDeptName',null,null,'결재선이력리스트','변경자부서','Dept.','変更者部署','变更者部门',0);
INSERT INTO TBL_LISTOPTION (LISTTYPE,SN,NAME,WIDTH,TABLENAME,COLNAME,COLALIAS,DTYPE,TYPEDESC,FIELDDESC,NAME2,NAME3,NAME4,TENANT_ID) values ('063',1,'결재순번',60,'TBL_HISTORYLINEINFO','AprMemberSN',null,null,'결재선이력상세리스트','결재순번','No.','決栽順番','批准序号',0);
INSERT INTO TBL_LISTOPTION (LISTTYPE,SN,NAME,WIDTH,TABLENAME,COLNAME,COLALIAS,DTYPE,TYPEDESC,FIELDDESC,NAME2,NAME3,NAME4,TENANT_ID) values ('063',2,'결재방법',60,'TBL_HISTORYLINEINFO','AprType',null,null,'결재선이력상세리스트','결재방법','Type','決栽方法','批准方法',0);
INSERT INTO TBL_LISTOPTION (LISTTYPE,SN,NAME,WIDTH,TABLENAME,COLNAME,COLALIAS,DTYPE,TYPEDESC,FIELDDESC,NAME2,NAME3,NAME4,TENANT_ID) values ('063',3,'결재상태',60,'TBL_HISTORYLINEINFO','AprState',null,null,'결재선이력상세리스트','결재상태','Status','進捗段階','批准状态',0);
INSERT INTO TBL_LISTOPTION (LISTTYPE,SN,NAME,WIDTH,TABLENAME,COLNAME,COLALIAS,DTYPE,TYPEDESC,FIELDDESC,NAME2,NAME3,NAME4,TENANT_ID) values ('063',4,'결재자이름',100,'TBL_HISTORYLINEINFO','AprMemberName',null,null,'결재선이력상세리스트','결재자이름','Name','決栽者','批准者名',0);
INSERT INTO TBL_LISTOPTION (LISTTYPE,SN,NAME,WIDTH,TABLENAME,COLNAME,COLALIAS,DTYPE,TYPEDESC,FIELDDESC,NAME2,NAME3,NAME4,TENANT_ID) values ('063',5,'결재자직위',100,'TBL_HISTORYLINEINFO','AprMemberJobTitle',null,null,'결재선이력상세리스트','결재자직위','Title','決裁者役職','批准者职位',0);
INSERT INTO TBL_LISTOPTION (LISTTYPE,SN,NAME,WIDTH,TABLENAME,COLNAME,COLALIAS,DTYPE,TYPEDESC,FIELDDESC,NAME2,NAME3,NAME4,TENANT_ID) values ('063',6,'결재자부서',100,'TBL_HISTORYLINEINFO','AprMemberDeptName',null,null,'결재선이력상세리스트','결재자부서명','Dept.','決栽者部署','批准者部门',0);
INSERT INTO TBL_LISTOPTION (LISTTYPE,SN,NAME,WIDTH,TABLENAME,COLNAME,COLALIAS,DTYPE,TYPEDESC,FIELDDESC,NAME2,NAME3,NAME4,TENANT_ID) values ('063',7,'보고자',50,'TBL_HISTORYLINEINFO','isBriefUserYN',null,null,'결재선이력상세리스트','보고자','Reporter','報告者','报告者',0);
INSERT INTO TBL_LISTOPTION (LISTTYPE,SN,NAME,WIDTH,TABLENAME,COLNAME,COLALIAS,DTYPE,TYPEDESC,FIELDDESC,NAME2,NAME3,NAME4,TENANT_ID) values ('063',8,'발의자',50,'TBL_HISTORYLINEINFO','isProposerYN',null,null,'결재선이력상세리스트','발의자','Proposer','発意者','倡议者',0);
INSERT INTO TBL_LISTOPTION (LISTTYPE,SN,NAME,WIDTH,TABLENAME,COLNAME,COLALIAS,DTYPE,TYPEDESC,FIELDDESC,NAME2,NAME3,NAME4,TENANT_ID) values ('064',1,'변경순번',60,'TBL_HISTORYDOCINFO','ChangeSN',null,null,'문서이력리스트','변경순번','No.','変更順番','变更序号',0);
INSERT INTO TBL_LISTOPTION (LISTTYPE,SN,NAME,WIDTH,TABLENAME,COLNAME,COLALIAS,DTYPE,TYPEDESC,FIELDDESC,NAME2,NAME3,NAME4,TENANT_ID) values ('064',2,'변경일자',100,'TBL_HISTORYDOCINFO','ChangeDate',null,null,'문서이력리스트','변경일자','Date','変更日時','变更日',0);
INSERT INTO TBL_LISTOPTION (LISTTYPE,SN,NAME,WIDTH,TABLENAME,COLNAME,COLALIAS,DTYPE,TYPEDESC,FIELDDESC,NAME2,NAME3,NAME4,TENANT_ID) values ('064',3,'변경자이름',100,'TBL_HISTORYDOCINFO','ChangeUserName',null,null,'문서이력리스트','변경자이름','Name','変更者','变更者名',0);
INSERT INTO TBL_LISTOPTION (LISTTYPE,SN,NAME,WIDTH,TABLENAME,COLNAME,COLALIAS,DTYPE,TYPEDESC,FIELDDESC,NAME2,NAME3,NAME4,TENANT_ID) values ('064',4,'변경자직위',100,'TBL_HISTORYDOCINFO','ChangeUserJobTitle',null,null,'문서이력리스트','변경자직위','Title','変更者役職','变更者职位',0);
INSERT INTO TBL_LISTOPTION (LISTTYPE,SN,NAME,WIDTH,TABLENAME,COLNAME,COLALIAS,DTYPE,TYPEDESC,FIELDDESC,NAME2,NAME3,NAME4,TENANT_ID) values ('064',5,'변경자부서',100,'TBL_HISTORYDOCINFO','ChangeUserDeptName',null,null,'문서이력리스트','변경자부서','Dept.','変更者部署','变更者部门',0);
INSERT INTO TBL_LISTOPTION (LISTTYPE,SN,NAME,WIDTH,TABLENAME,COLNAME,COLALIAS,DTYPE,TYPEDESC,FIELDDESC,NAME2,NAME3,NAME4,TENANT_ID) values ('065',1,'순번',50,null,'DeptMemberSN',null,null,'수신처리스트','순번','SN','順番','序号',0);
INSERT INTO TBL_LISTOPTION (LISTTYPE,SN,NAME,WIDTH,TABLENAME,COLNAME,COLALIAS,DTYPE,TYPEDESC,FIELDDESC,NAME2,NAME3,NAME4,TENANT_ID) values ('065',2,'수신자',100,null,'ReceiptPointName',null,null,'수신처리스트','수신부서','Dept.','受信者氏名','收信创建名',0);
INSERT INTO TBL_LISTOPTION (LISTTYPE,SN,NAME,WIDTH,TABLENAME,COLNAME,COLALIAS,DTYPE,TYPEDESC,FIELDDESC,NAME2,NAME3,NAME4,TENANT_ID) values ('065',3,'승인유무',70,null,'ProcessYN',null,null,'수신처리스트','승인유무','ProcessYN','承認の有無','立即批准',0);
INSERT INTO TBL_LISTOPTION (LISTTYPE,SN,NAME,WIDTH,TABLENAME,COLNAME,COLALIAS,DTYPE,TYPEDESC,FIELDDESC,NAME2,NAME3,NAME4,TENANT_ID) values ('065',4,'승인일자',100,null,'ProcessDate',null,null,'수신처리스트','승인일자','ProcessDate','承認日付','承认日',0);
INSERT INTO TBL_LISTOPTION (LISTTYPE,SN,NAME,WIDTH,TABLENAME,COLNAME,COLALIAS,DTYPE,TYPEDESC,FIELDDESC,NAME2,NAME3,NAME4,TENANT_ID) values ('065',5,'수신자',80,null,'ReceiptMemberName',null,null,'수신처리스트','수신자','Name','受信者氏名','收信创建名',0);
INSERT INTO TBL_LISTOPTION (LISTTYPE,SN,NAME,WIDTH,TABLENAME,COLNAME,COLALIAS,DTYPE,TYPEDESC,FIELDDESC,NAME2,NAME3,NAME4,TENANT_ID) values ('066',1,'수신자',100,'TBL_HISTORYRECEIPTINFO','ReceiptDeptName',null,null,'수신처이력리스트','수신처','Dept.','受信者氏名','收信创建名',0);
INSERT INTO TBL_LISTOPTION (LISTTYPE,SN,NAME,WIDTH,TABLENAME,COLNAME,COLALIAS,DTYPE,TYPEDESC,FIELDDESC,NAME2,NAME3,NAME4,TENANT_ID) values ('066',2,'상태',80,'TBL_HISTORYRECEIPTINFO','Status',null,null,'수신처이력리스트','상태','Status','進行状況','状态',0);
INSERT INTO TBL_LISTOPTION (LISTTYPE,SN,NAME,WIDTH,TABLENAME,COLNAME,COLALIAS,DTYPE,TYPEDESC,FIELDDESC,NAME2,NAME3,NAME4,TENANT_ID) values ('066',3,'일자',100,'TBL_HISTORYRECEIPTINFO','StatusDate',null,null,'수신처이력리스트','일자','Date','日','日期',0);
INSERT INTO TBL_LISTOPTION (LISTTYPE,SN,NAME,WIDTH,TABLENAME,COLNAME,COLALIAS,DTYPE,TYPEDESC,FIELDDESC,NAME2,NAME3,NAME4,TENANT_ID) values ('067',1,'배부번호',70,'TBL_DOCDELIVERY','sn',null,null,'배부대장리스트','배부번호','SN','配付番号','分配數量',0);
INSERT INTO TBL_LISTOPTION (LISTTYPE,SN,NAME,WIDTH,TABLENAME,COLNAME,COLALIAS,DTYPE,TYPEDESC,FIELDDESC,NAME2,NAME3,NAME4,TENANT_ID) values ('067',2,'문서번호',120,'TBL_DOCDELIVERY','DocNumber',null,null,'배부대장리스트','문서번호','Doc. No.','登録番号','註冊號',0);
INSERT INTO TBL_LISTOPTION (LISTTYPE,SN,NAME,WIDTH,TABLENAME,COLNAME,COLALIAS,DTYPE,TYPEDESC,FIELDDESC,NAME2,NAME3,NAME4,TENANT_ID) values ('067',3,'제목',200,'TBL_DOCDELIVERY','DocTitle',null,null,'배부대장리스트','제목','Title','見出し','标题',0);
INSERT INTO TBL_LISTOPTION (LISTTYPE,SN,NAME,WIDTH,TABLENAME,COLNAME,COLALIAS,DTYPE,TYPEDESC,FIELDDESC,NAME2,NAME3,NAME4,TENANT_ID) values ('067',4,'배부일자',130,'TBL_DOCDELIVERY','ReceiptDate',null,null,'배부대장리스트','배부일자','ReceiptDate','配付日時','分派日期',0);
INSERT INTO TBL_LISTOPTION (LISTTYPE,SN,NAME,WIDTH,TABLENAME,COLNAME,COLALIAS,DTYPE,TYPEDESC,FIELDDESC,NAME2,NAME3,NAME4,TENANT_ID) values ('067',5,'배부과',80,'TBL_DOCDELIVERY','Organ',null,null,'배부대장리스트','배부과','Organ','配付課','分佈及',0);
INSERT INTO TBL_LISTOPTION (LISTTYPE,SN,NAME,WIDTH,TABLENAME,COLNAME,COLALIAS,DTYPE,TYPEDESC,FIELDDESC,NAME2,NAME3,NAME4,TENANT_ID) values ('067',6,'처리과',80,'TBL_DOCDELIVERY','ManageDept',null,null,'배부대장리스트','처리과','Manage Dept.','処理課','加工',0);
INSERT INTO TBL_LISTOPTION (LISTTYPE,SN,NAME,WIDTH,TABLENAME,COLNAME,COLALIAS,DTYPE,TYPEDESC,FIELDDESC,NAME2,NAME3,NAME4,TENANT_ID) values ('067',7,'인수자',80,'TBL_DOCDELIVERY','ChargeName',null,null,'배부대장리스트','인수자','Charge Name','引受者','引受者',0);
INSERT INTO TBL_LISTOPTION (LISTTYPE,SN,NAME,WIDTH,TABLENAME,COLNAME,COLALIAS,DTYPE,TYPEDESC,FIELDDESC,NAME2,NAME3,NAME4,TENANT_ID) values ('081',1,'제목',300,'TBL_APRDOCINFO','DocTitle',null,null,'관리자 진행문서','제목','Title','見出し','标题',0);
INSERT INTO TBL_LISTOPTION (LISTTYPE,SN,NAME,WIDTH,TABLENAME,COLNAME,COLALIAS,DTYPE,TYPEDESC,FIELDDESC,NAME2,NAME3,NAME4,TENANT_ID) values ('081',2,'기안부서',135,'TBL_APRDOCINFO','WriterDeptName',null,null,'관리자 진행문서','기안부서','Dept.(draft)','起案部署','起草部门',0);
INSERT INTO TBL_LISTOPTION (LISTTYPE,SN,NAME,WIDTH,TABLENAME,COLNAME,COLALIAS,DTYPE,TYPEDESC,FIELDDESC,NAME2,NAME3,NAME4,TENANT_ID) values ('081',3,'기안자',60,'TBL_APRDOCINFO','WriterName',null,null,'관리자 진행문서','기안자','Drafter','起案者','起草人',0);
INSERT INTO TBL_LISTOPTION (LISTTYPE,SN,NAME,WIDTH,TABLENAME,COLNAME,COLALIAS,DTYPE,TYPEDESC,FIELDDESC,NAME2,NAME3,NAME4,TENANT_ID) values ('081',4,'기안일시',160,'TBL_APRDOCINFO','StartDate',null,null,'관리자 진행문서','기안일시','Date(draft)','起案日時','起草日期',0);
INSERT INTO TBL_LISTOPTION (LISTTYPE,SN,NAME,WIDTH,TABLENAME,COLNAME,COLALIAS,DTYPE,TYPEDESC,FIELDDESC,NAME2,NAME3,NAME4,TENANT_ID) values ('081',5,'상태',50,'TBL_APRDOCINFO','FunctionType',null,null,'관리자 진행문서','상태','Status','進行状況','状态',0);
INSERT INTO TBL_LISTOPTION (LISTTYPE,SN,NAME,WIDTH,TABLENAME,COLNAME,COLALIAS,DTYPE,TYPEDESC,FIELDDESC,NAME2,NAME3,NAME4,TENANT_ID) values ('081',6,'문서명',160,'TBL_EXPAPRDOCINFO','FormName',null,null,'관리자 진행문서','양식명','Form title','文書名','文件名',0);
INSERT INTO TBL_LISTOPTION (LISTTYPE,SN,NAME,WIDTH,TABLENAME,COLNAME,COLALIAS,DTYPE,TYPEDESC,FIELDDESC,NAME2,NAME3,NAME4,TENANT_ID) values ('082',1,'문서번호',150,'TBL_ENDAPRDOCINFO','DocNo',null,null,'관리자 완료문서','문서번호','Doc. No.','文書番号','文件号',0);
INSERT INTO TBL_LISTOPTION (LISTTYPE,SN,NAME,WIDTH,TABLENAME,COLNAME,COLALIAS,DTYPE,TYPEDESC,FIELDDESC,NAME2,NAME3,NAME4,TENANT_ID) values ('082',2,'제목',350,'TBL_ENDAPRDOCINFO','DocTitle',null,null,'관리자 완료문서','제목','Title','見出し','标题',0);
INSERT INTO TBL_LISTOPTION (LISTTYPE,SN,NAME,WIDTH,TABLENAME,COLNAME,COLALIAS,DTYPE,TYPEDESC,FIELDDESC,NAME2,NAME3,NAME4,TENANT_ID) values ('082',3,'작성자',100,'TBL_ENDAPRDOCINFO','WriterName',null,null,'관리자 완료문서','기안자','Drafter','作成者','郵政',0);
INSERT INTO TBL_LISTOPTION (LISTTYPE,SN,NAME,WIDTH,TABLENAME,COLNAME,COLALIAS,DTYPE,TYPEDESC,FIELDDESC,NAME2,NAME3,NAME4,TENANT_ID) values ('082',4,'기안부서',100,'TBL_ENDAPRDOCINFO','WriterDeptName',null,null,'관리자 완료문서','기안부서명','Dept.(draft)','起案部署','起草部门',0);
INSERT INTO TBL_LISTOPTION (LISTTYPE,SN,NAME,WIDTH,TABLENAME,COLNAME,COLALIAS,DTYPE,TYPEDESC,FIELDDESC,NAME2,NAME3,NAME4,TENANT_ID) values ('082',5,'완료일시',160,'TBL_ENDAPRDOCINFO','EndDate',null,null,'관리자 완료문서','완료일시','Date completed','完了日時','结束日期',0);
INSERT INTO TBL_LISTOPTION (LISTTYPE,SN,NAME,WIDTH,TABLENAME,COLNAME,COLALIAS,DTYPE,TYPEDESC,FIELDDESC,NAME2,NAME3,NAME4,TENANT_ID) values ('082',6,'문서명',150,'TBL_ENDAPRDOCINFO','FormName',null,null,'관리자 완료문서','양식명','Form title','文書名','文件名',0);
INSERT INTO TBL_LISTOPTION (LISTTYPE,SN,NAME,WIDTH,TABLENAME,COLNAME,COLALIAS,DTYPE,TYPEDESC,FIELDDESC,NAME2,NAME3,NAME4,TENANT_ID) values ('082',7,'이관',30,'TBL_EXPENDAPRDOCINFO','EDMSYN',null,'NoUse','관리자 완료문서','EDMS이관여부','Transfer','移管','移交',0);
INSERT INTO TBL_LISTOPTION (LISTTYPE,SN,NAME,WIDTH,TABLENAME,COLNAME,COLALIAS,DTYPE,TYPEDESC,FIELDDESC,NAME2,NAME3,NAME4,TENANT_ID) values ('091',1,'순번',55,'TBL_ADMINRECEIPTGROUP_MAIN','MAINID',null,'NoUse','수신처그룹정보','순번','No.','順番','序号',0);
INSERT INTO TBL_LISTOPTION (LISTTYPE,SN,NAME,WIDTH,TABLENAME,COLNAME,COLALIAS,DTYPE,TYPEDESC,FIELDDESC,NAME2,NAME3,NAME4,TENANT_ID) values ('091',2,'수신자그룹',250,'TBL_ADMINRECEIPTGROUP_MAIN','MAINNAME',null,null,'수신처그룹정보','수신처그룹명','Receiving Dept. Group','受信先グループ','集团电话',0);
INSERT INTO TBL_LISTOPTION (LISTTYPE,SN,NAME,WIDTH,TABLENAME,COLNAME,COLALIAS,DTYPE,TYPEDESC,FIELDDESC,NAME2,NAME3,NAME4,TENANT_ID) values ('092',1,'순번',55,'TBL_ADMINRECEIPTGROUP_SUB','SUBID',null,'NoUse','수신처그룹소속부서정보','순번','No.','順番','序号',0);
INSERT INTO TBL_LISTOPTION (LISTTYPE,SN,NAME,WIDTH,TABLENAME,COLNAME,COLALIAS,DTYPE,TYPEDESC,FIELDDESC,NAME2,NAME3,NAME4,TENANT_ID) values ('092',2,'부서아이디',250,'TBL_ADMINRECEIPTGROUP_SUB','DEPTID',null,'NoUse','수신처그룹소속부서정보','부서아이디','Dept. ID','部署ID','部门 ID',0);
INSERT INTO TBL_LISTOPTION (LISTTYPE,SN,NAME,WIDTH,TABLENAME,COLNAME,COLALIAS,DTYPE,TYPEDESC,FIELDDESC,NAME2,NAME3,NAME4,TENANT_ID) values ('092',3,'부서명',250,'TBL_ADMINRECEIPTGROUP_SUB','DEPTNAME',null,null,'수신처그룹소속부서정보','부서명','Dept. Name','部署名','部门名',0);
INSERT INTO TBL_LISTOPTION (LISTTYPE,SN,NAME,WIDTH,TABLENAME,COLNAME,COLALIAS,DTYPE,TYPEDESC,FIELDDESC,NAME2,NAME3,NAME4,TENANT_ID) values ('092',4,'회사아이디',250,'TBL_ADMINRECEIPTGROUP_SUB','companyID',null,'NoUse','수신처그룹소속부서정보','회사아이디','Company ID','会社ID','公司 ID',0);
INSERT INTO TBL_LISTOPTION (LISTTYPE,SN,NAME,WIDTH,TABLENAME,COLNAME,COLALIAS,DTYPE,TYPEDESC,FIELDDESC,NAME2,NAME3,NAME4,TENANT_ID) values ('093',1,'코드',80,'TBL_TASKCODEHISTORY','TaskCode',null,null,'단위업무이력','단위업무코드','Code','コード','线',0);
INSERT INTO TBL_LISTOPTION (LISTTYPE,SN,NAME,WIDTH,TABLENAME,COLNAME,COLALIAS,DTYPE,TYPEDESC,FIELDDESC,NAME2,NAME3,NAME4,TENANT_ID) values ('093',2,'명칭',100,'TBL_TASKCODEHISTORY','TaskName',null,null,'단위업무이력','단위업무명','Name','名称','指定',0);
INSERT INTO TBL_LISTOPTION (LISTTYPE,SN,NAME,WIDTH,TABLENAME,COLNAME,COLALIAS,DTYPE,TYPEDESC,FIELDDESC,NAME2,NAME3,NAME4,TENANT_ID) values ('093',3,'적용일자',150,'TBL_TASKCODEHISTORY','ApplyDate',null,null,'단위업무이력','적용일자.변경일자','ApplyDate','適用日','生效日期',0);
INSERT INTO TBL_LISTOPTION (LISTTYPE,SN,NAME,WIDTH,TABLENAME,COLNAME,COLALIAS,DTYPE,TYPEDESC,FIELDDESC,NAME2,NAME3,NAME4,TENANT_ID) values ('093',4,'변경항목',120,'TBL_TASKCODEHISTORY','ChangeFactor',null,null,'단위업무이력','변경항목','ChangeFactor','変更項目','更改主题',0);
INSERT INTO TBL_LISTOPTION (LISTTYPE,SN,NAME,WIDTH,TABLENAME,COLNAME,COLALIAS,DTYPE,TYPEDESC,FIELDDESC,NAME2,NAME3,NAME4,TENANT_ID) values ('093',5,'변경전값',150,'TBL_TASKCODEHISTORY','BeforeValue',null,null,'단위업무이력','변경전 데이터','BeforeValue','変更前の値','数据前的变化。',0);
INSERT INTO TBL_LISTOPTION (LISTTYPE,SN,NAME,WIDTH,TABLENAME,COLNAME,COLALIAS,DTYPE,TYPEDESC,FIELDDESC,NAME2,NAME3,NAME4,TENANT_ID) values ('093',6,'변경후값',150,'TBL_TASKCODEHISTORY','AfterValue',null,null,'단위업무이력','변경후 데이터','AfterValue','変更後の値','更改后的数据',0);
INSERT INTO TBL_LISTOPTION (LISTTYPE,SN,NAME,WIDTH,TABLENAME,COLNAME,COLALIAS,DTYPE,TYPEDESC,FIELDDESC,NAME2,NAME3,NAME4,TENANT_ID) values ('094',1,'단위업무명',0,'TASKNAME',null,null,null,'단위업무이력관리','단위업무명','단위업무명E','単位業務名','单位商业名',0);
INSERT INTO TBL_LISTOPTION (LISTTYPE,SN,NAME,WIDTH,TABLENAME,COLNAME,COLALIAS,DTYPE,TYPEDESC,FIELDDESC,NAME2,NAME3,NAME4,TENANT_ID) values ('094',2,'보존연한',0,'KEEPINGPERIOD','CODE',null,null,'단위업무이력관리','보존연한','보존연한E','保存年限','保存完好的软',0);
INSERT INTO TBL_LISTOPTION (LISTTYPE,SN,NAME,WIDTH,TABLENAME,COLNAME,COLALIAS,DTYPE,TYPEDESC,FIELDDESC,NAME2,NAME3,NAME4,TENANT_ID) values ('094',3,'보존연한책정사유',0,'KPREASON',null,null,null,'단위업무이력관리','보존연한책정사유','보존연한책정사유E','보존연한책정사유J','보존연한책정사유C',0);
INSERT INTO TBL_LISTOPTION (LISTTYPE,SN,NAME,WIDTH,TABLENAME,COLNAME,COLALIAS,DTYPE,TYPEDESC,FIELDDESC,NAME2,NAME3,NAME4,TENANT_ID) values ('094',4,'보존방법',0,'KEEPINGMETHOD','CODE',null,null,'단위업무이력관리','보존방법','보존방법E','保存方法','如何保存',0);
INSERT INTO TBL_LISTOPTION (LISTTYPE,SN,NAME,WIDTH,TABLENAME,COLNAME,COLALIAS,DTYPE,TYPEDESC,FIELDDESC,NAME2,NAME3,NAME4,TENANT_ID) values ('094',5,'보존장소',0,'KEEPINGPLACE','CODE',null,null,'단위업무이력관리','보존장소','보존장소E','保存場所','保护区',0);
INSERT INTO TBL_LISTOPTION (LISTTYPE,SN,NAME,WIDTH,TABLENAME,COLNAME,COLALIAS,DTYPE,TYPEDESC,FIELDDESC,NAME2,NAME3,NAME4,TENANT_ID) values ('094',6,'비치기록물',0,'DISPLAYRECFLAG','CODE',null,null,'단위업무이력관리','비치기록물','비치기록물E','비치기록물J','비치기록물C',0);
INSERT INTO TBL_LISTOPTION (LISTTYPE,SN,NAME,WIDTH,TABLENAME,COLNAME,COLALIAS,DTYPE,TYPEDESC,FIELDDESC,NAME2,NAME3,NAME4,TENANT_ID) values ('094',7,'비치기록물이관시기',0,'DISPLAYRECTRASTIME',null,null,null,'단위업무이력관리','비치기록물이관시기','비치기록물이관시기E','비치기록물이관시기J','비치기록물이관시기C',0);
INSERT INTO TBL_LISTOPTION (LISTTYPE,SN,NAME,WIDTH,TABLENAME,COLNAME,COLALIAS,DTYPE,TYPEDESC,FIELDDESC,NAME2,NAME3,NAME4,TENANT_ID) values ('094',8,'이관후예상열람빈도',0,'EXDISPLAYFREQUENCY','CODE',null,null,'단위업무이력관리','이관후예상열람빈도','이관후예상열람빈도E','이관후예상열람빈도J','이관후예상열람빈도C',0);
INSERT INTO TBL_LISTOPTION (LISTTYPE,SN,NAME,WIDTH,TABLENAME,COLNAME,COLALIAS,DTYPE,TYPEDESC,FIELDDESC,NAME2,NAME3,NAME4,TENANT_ID) values ('094',9,'특수목록위치',0,'SPECIALCATALOGFLAG','CODE',null,null,'단위업무이력관리','특수목록위치','특수목록위치E','특수목록위치J','특수목록위치C',0);
INSERT INTO TBL_LISTOPTION (LISTTYPE,SN,NAME,WIDTH,TABLENAME,COLNAME,COLALIAS,DTYPE,TYPEDESC,FIELDDESC,NAME2,NAME3,NAME4,TENANT_ID) values ('094',10,'제1특수목록',0,'SC1',null,null,null,'단위업무이력관리','제1특수목록','제1특수목록E','제1특수목록J','제1특수목록C',0);
INSERT INTO TBL_LISTOPTION (LISTTYPE,SN,NAME,WIDTH,TABLENAME,COLNAME,COLALIAS,DTYPE,TYPEDESC,FIELDDESC,NAME2,NAME3,NAME4,TENANT_ID) values ('094',11,'제2특수목록',0,'SC2',null,null,null,'단위업무이력관리','제2특수목록','제2특수목록E','제2특수목록J','제2특수목록C',0);
INSERT INTO TBL_LISTOPTION (LISTTYPE,SN,NAME,WIDTH,TABLENAME,COLNAME,COLALIAS,DTYPE,TYPEDESC,FIELDDESC,NAME2,NAME3,NAME4,TENANT_ID) values ('094',12,'제3특수목록',0,'SC3',null,null,null,'단위업무이력관리','제3특수목록','제3특수목록E','제3특수목록J','제3특수목록C',0);
INSERT INTO TBL_LISTOPTION (LISTTYPE,SN,NAME,WIDTH,TABLENAME,COLNAME,COLALIAS,DTYPE,TYPEDESC,FIELDDESC,NAME2,NAME3,NAME4,TENANT_ID) values ('094',13,'주요열람용도',0,'DISPLAYUSAGE',null,null,null,'단위업무이력관리','주요열람용도','주요열람용도E','주요열람용도J','주요열람용도C',0);
INSERT INTO TBL_LISTOPTION (LISTTYPE,SN,NAME,WIDTH,TABLENAME,COLNAME,COLALIAS,DTYPE,TYPEDESC,FIELDDESC,NAME2,NAME3,NAME4,TENANT_ID) values ('094',14,'단위업무설명',0,'DESCRIPTION',null,null,null,'단위업무이력관리','단위업무설명','단위업무설명E','단위업무설명J','단위업무설명C',0);
INSERT INTO TBL_LISTOPTION (LISTTYPE,SN,NAME,WIDTH,TABLENAME,COLNAME,COLALIAS,DTYPE,TYPEDESC,FIELDDESC,NAME2,NAME3,NAME4,TENANT_ID) values ('094',15,'소기능',0,'SUBCATEGORYCODE','CODE',null,null,'단위업무이력관리','소기능','소기능E','二次カテゴリコード','次要类别代码',0);
INSERT INTO TBL_LISTOPTION (LISTTYPE,SN,NAME,WIDTH,TABLENAME,COLNAME,COLALIAS,DTYPE,TYPEDESC,FIELDDESC,NAME2,NAME3,NAME4,TENANT_ID) values ('095',1,'이름',140,null,null,null,null,'Simple기록물철','이름','Name','綴じ名','名稱',0);
INSERT INTO TBL_LISTOPTION (LISTTYPE,SN,NAME,WIDTH,TABLENAME,COLNAME,COLALIAS,DTYPE,TYPEDESC,FIELDDESC,NAME2,NAME3,NAME4,TENANT_ID) values ('095',2,'형태',100,null,null,null,null,'Simple기록물철','형태','FORM','形態','表',0);
INSERT INTO TBL_LISTOPTION (LISTTYPE,SN,NAME,WIDTH,TABLENAME,COLNAME,COLALIAS,DTYPE,TYPEDESC,FIELDDESC,NAME2,NAME3,NAME4,TENANT_ID) values ('095',3,'연번',50,null,null,null,null,'Simple기록물철','연번','SN.','連番','序列号',0);
INSERT INTO TBL_LISTOPTION (LISTTYPE,SN,NAME,WIDTH,TABLENAME,COLNAME,COLALIAS,DTYPE,TYPEDESC,FIELDDESC,NAME2,NAME3,NAME4,TENANT_ID) values ('095',4,'권호수',40,null,null,null,null,'Simple기록물철','권호수','VOL.','巻号数','卷湖',0);
INSERT INTO TBL_LISTOPTION (LISTTYPE,SN,NAME,WIDTH,TABLENAME,COLNAME,COLALIAS,DTYPE,TYPEDESC,FIELDDESC,NAME2,NAME3,NAME4,TENANT_ID) values ('096',1,'대기능',140,null,null,null,null,'기록물철리스트','대기능','MajorCategoryCode','主なカテゴリコード','主要类别代码',0);
INSERT INTO TBL_LISTOPTION (LISTTYPE,SN,NAME,WIDTH,TABLENAME,COLNAME,COLALIAS,DTYPE,TYPEDESC,FIELDDESC,NAME2,NAME3,NAME4,TENANT_ID) values ('096',2,'중기능',140,null,null,null,null,'기록물철리스트','중기능','MiddleCategoryCode','中間のカテゴリコード','中间类别代码',0);
INSERT INTO TBL_LISTOPTION (LISTTYPE,SN,NAME,WIDTH,TABLENAME,COLNAME,COLALIAS,DTYPE,TYPEDESC,FIELDDESC,NAME2,NAME3,NAME4,TENANT_ID) values ('096',3,'소기능',140,null,null,null,null,'기록물철리스트','소기능','MinorCategoryCode','二次カテゴリコード','次要类别代码',0);
INSERT INTO TBL_LISTOPTION (LISTTYPE,SN,NAME,WIDTH,TABLENAME,COLNAME,COLALIAS,DTYPE,TYPEDESC,FIELDDESC,NAME2,NAME3,NAME4,TENANT_ID) values ('096',4,'단위업무명',140,null,null,null,null,'기록물철리스트','단위업무명','TaskName','単位業務名','单位商业名',0);
INSERT INTO TBL_LISTOPTION (LISTTYPE,SN,NAME,WIDTH,TABLENAME,COLNAME,COLALIAS,DTYPE,TYPEDESC,FIELDDESC,NAME2,NAME3,NAME4,TENANT_ID) values ('096',5,'이름',140,null,null,null,null,'기록물철리스트','이름','Name','綴じ名','名稱',0);
INSERT INTO TBL_LISTOPTION (LISTTYPE,SN,NAME,WIDTH,TABLENAME,COLNAME,COLALIAS,DTYPE,TYPEDESC,FIELDDESC,NAME2,NAME3,NAME4,TENANT_ID) values ('096',6,'형태',100,null,null,null,null,'기록물철리스트','형태','Rectype','形態','表',0);
INSERT INTO TBL_LISTOPTION (LISTTYPE,SN,NAME,WIDTH,TABLENAME,COLNAME,COLALIAS,DTYPE,TYPEDESC,FIELDDESC,NAME2,NAME3,NAME4,TENANT_ID) values ('096',7,'연번',50,null,null,null,null,'기록물철리스트','연번','NO.','連番','序列号',0);
INSERT INTO TBL_LISTOPTION (LISTTYPE,SN,NAME,WIDTH,TABLENAME,COLNAME,COLALIAS,DTYPE,TYPEDESC,FIELDDESC,NAME2,NAME3,NAME4,TENANT_ID) values ('096',8,'권호수',40,null,null,null,null,'기록물철리스트','권호수','VoluMemo','巻号数','卷湖',0);
INSERT INTO TBL_LISTOPTION (LISTTYPE,SN,NAME,WIDTH,TABLENAME,COLNAME,COLALIAS,DTYPE,TYPEDESC,FIELDDESC,NAME2,NAME3,NAME4,TENANT_ID) values ('097',1,'단위업무',65,null,null,null,null,'단위업무리스트','단위업무','UNIT WORKING','単位業務','单位商业',0);
INSERT INTO TBL_LISTOPTION (LISTTYPE,SN,NAME,WIDTH,TABLENAME,COLNAME,COLALIAS,DTYPE,TYPEDESC,FIELDDESC,NAME2,NAME3,NAME4,TENANT_ID) values ('097',2,'단위업무명',120,null,null,null,null,'단위업무리스트','단위업무명','UNIT WORKING NAME','単位業務名','单位商业名',0);
INSERT INTO TBL_LISTOPTION (LISTTYPE,SN,NAME,WIDTH,TABLENAME,COLNAME,COLALIAS,DTYPE,TYPEDESC,FIELDDESC,NAME2,NAME3,NAME4,TENANT_ID) values ('097',3,'보존연한',60,null,null,null,null,'단위업무리스트','보존연한','KEEPING PERIOD','保存年限','保存完好的软',0);
INSERT INTO TBL_LISTOPTION (LISTTYPE,SN,NAME,WIDTH,TABLENAME,COLNAME,COLALIAS,DTYPE,TYPEDESC,FIELDDESC,NAME2,NAME3,NAME4,TENANT_ID) values ('097',4,'임시',40,null,null,null,null,'단위업무리스트','임시','TEMPORARY','臨時','临时',0);
INSERT INTO TBL_LISTOPTION (LISTTYPE,SN,NAME,WIDTH,TABLENAME,COLNAME,COLALIAS,DTYPE,TYPEDESC,FIELDDESC,NAME2,NAME3,NAME4,TENANT_ID) values ('098',1,'처리과명',100,null,null,null,null,'단위업무리스트(full)','처리과명','PROCDEPT NAME','処理部署名','加工名',0);
INSERT INTO TBL_LISTOPTION (LISTTYPE,SN,NAME,WIDTH,TABLENAME,COLNAME,COLALIAS,DTYPE,TYPEDESC,FIELDDESC,NAME2,NAME3,NAME4,TENANT_ID) values ('098',2,'단위업무명',150,null,null,null,null,'단위업무리스트(full)','단위업무명','UNIT WORKING NAME','単位業務名','单位商业名',0);
INSERT INTO TBL_LISTOPTION (LISTTYPE,SN,NAME,WIDTH,TABLENAME,COLNAME,COLALIAS,DTYPE,TYPEDESC,FIELDDESC,NAME2,NAME3,NAME4,TENANT_ID) values ('098',3,'단위업무코드',80,null,null,null,null,'단위업무리스트(full)','단위업무코드','UNITWORKING CODE','単位業務コード','工作单位代码',0);
INSERT INTO TBL_LISTOPTION (LISTTYPE,SN,NAME,WIDTH,TABLENAME,COLNAME,COLALIAS,DTYPE,TYPEDESC,FIELDDESC,NAME2,NAME3,NAME4,TENANT_ID) values ('098',4,'임시',40,null,null,null,null,'단위업무리스트(full)','임시','TEMP','臨時','临时',0);
INSERT INTO TBL_LISTOPTION (LISTTYPE,SN,NAME,WIDTH,TABLENAME,COLNAME,COLALIAS,DTYPE,TYPEDESC,FIELDDESC,NAME2,NAME3,NAME4,TENANT_ID) values ('098',5,'대기능명',100,null,null,null,null,'단위업무리스트(full)','대기능명','MAJOR','大機能','大機能',0);
INSERT INTO TBL_LISTOPTION (LISTTYPE,SN,NAME,WIDTH,TABLENAME,COLNAME,COLALIAS,DTYPE,TYPEDESC,FIELDDESC,NAME2,NAME3,NAME4,TENANT_ID) values ('098',6,'중기능명',100,null,null,null,null,'단위업무리스트(full)','중기능명','MIDDLE','中機能','中機能',0);
INSERT INTO TBL_LISTOPTION (LISTTYPE,SN,NAME,WIDTH,TABLENAME,COLNAME,COLALIAS,DTYPE,TYPEDESC,FIELDDESC,NAME2,NAME3,NAME4,TENANT_ID) values ('098',7,'소기능명',100,null,null,null,null,'단위업무리스트(full)','소기능명','MINOR','小機能','小機能',0);
INSERT INTO TBL_LISTOPTION (LISTTYPE,SN,NAME,WIDTH,TABLENAME,COLNAME,COLALIAS,DTYPE,TYPEDESC,FIELDDESC,NAME2,NAME3,NAME4,TENANT_ID) values ('098',8,'보존기간',55,null,null,null,null,'단위업무리스트(full)','보존기간','KEEPING PERIOD','保存期間','年龄',0);
INSERT INTO TBL_LISTOPTION (LISTTYPE,SN,NAME,WIDTH,TABLENAME,COLNAME,COLALIAS,DTYPE,TYPEDESC,FIELDDESC,NAME2,NAME3,NAME4,TENANT_ID) values ('098',9,'보존방법',180,null,null,null,null,'단위업무리스트(full)','보존방법','CONSERVATION METHOD','保存方法','如何保存',0);
INSERT INTO TBL_LISTOPTION (LISTTYPE,SN,NAME,WIDTH,TABLENAME,COLNAME,COLALIAS,DTYPE,TYPEDESC,FIELDDESC,NAME2,NAME3,NAME4,TENANT_ID) values ('098',10,'보존장소',80,null,null,null,null,'단위업무리스트(full)','보존장소','CONSERVATION PLACE','保存場所','保护区',0);
INSERT INTO TBL_LISTOPTION (LISTTYPE,SN,NAME,WIDTH,TABLENAME,COLNAME,COLALIAS,DTYPE,TYPEDESC,FIELDDESC,NAME2,NAME3,NAME4,TENANT_ID) values ('098',11,'비치',40,null,null,null,null,'단위업무리스트(full)','비치','STOCKED','備付','備付',0);
INSERT INTO TBL_LISTOPTION (LISTTYPE,SN,NAME,WIDTH,TABLENAME,COLNAME,COLALIAS,DTYPE,TYPEDESC,FIELDDESC,NAME2,NAME3,NAME4,TENANT_ID) values ('098',12,'특수목록',55,null,null,null,null,'단위업무리스트(full)','특수목록','SPECIAL LIST','特殊リスト','特别名单',0);
INSERT INTO TBL_LISTOPTION (LISTTYPE,SN,NAME,WIDTH,TABLENAME,COLNAME,COLALIAS,DTYPE,TYPEDESC,FIELDDESC,NAME2,NAME3,NAME4,TENANT_ID) values ('099',1,'버전',40,null,null,null,null,'기록물철변경이력정보','버전','Ver','Ver.','版本',0);
INSERT INTO TBL_LISTOPTION (LISTTYPE,SN,NAME,WIDTH,TABLENAME,COLNAME,COLALIAS,DTYPE,TYPEDESC,FIELDDESC,NAME2,NAME3,NAME4,TENANT_ID) values ('099',2,'제목',180,null,null,null,null,'기록물철변경이력정보','제목','Title','見出し','标题',0);
INSERT INTO TBL_LISTOPTION (LISTTYPE,SN,NAME,WIDTH,TABLENAME,COLNAME,COLALIAS,DTYPE,TYPEDESC,FIELDDESC,NAME2,NAME3,NAME4,TENANT_ID) values ('099',3,'기록물 형태',100,null,null,null,null,'기록물철변경이력정보','기록물 형태','DocForm','記録物の形態','纪录片的形式',0);
INSERT INTO TBL_LISTOPTION (LISTTYPE,SN,NAME,WIDTH,TABLENAME,COLNAME,COLALIAS,DTYPE,TYPEDESC,FIELDDESC,NAME2,NAME3,NAME4,TENANT_ID) values ('099',4,'변경영역',100,null,null,null,null,'기록물철변경이력정보','변경영역','ModifyArea','変更領域','变化领域版本',0);
INSERT INTO TBL_LISTOPTION (LISTTYPE,SN,NAME,WIDTH,TABLENAME,COLNAME,COLALIAS,DTYPE,TYPEDESC,FIELDDESC,NAME2,NAME3,NAME4,TENANT_ID) values ('099',5,'변경자',80,null,null,null,null,'기록물철변경이력정보','변경자','Modifier','変更者','変更者',0);
INSERT INTO TBL_LISTOPTION (LISTTYPE,SN,NAME,WIDTH,TABLENAME,COLNAME,COLALIAS,DTYPE,TYPEDESC,FIELDDESC,NAME2,NAME3,NAME4,TENANT_ID) values ('099',6,'변경일자',80,null,null,null,null,'기록물철변경이력정보','변경일자','ModifiedDate','変更日時','变更日',0);
INSERT INTO TBL_LISTOPTION (LISTTYPE,SN,NAME,WIDTH,TABLENAME,COLNAME,COLALIAS,DTYPE,TYPEDESC,FIELDDESC,NAME2,NAME3,NAME4,TENANT_ID) values ('100',1,'순번',40,null,null,null,null,'결재선템플릿','순번','No.','順番','序号',0);
INSERT INTO TBL_LISTOPTION (LISTTYPE,SN,NAME,WIDTH,TABLENAME,COLNAME,COLALIAS,DTYPE,TYPEDESC,FIELDDESC,NAME2,NAME3,NAME4,TENANT_ID) values ('100',2,'결재유형',70,null,null,null,null,'결재선템플릿','결재유형','ApprovalType','決栽類型','批准类型',0);
INSERT INTO TBL_LISTOPTION (LISTTYPE,SN,NAME,WIDTH,TABLENAME,COLNAME,COLALIAS,DTYPE,TYPEDESC,FIELDDESC,NAME2,NAME3,NAME4,TENANT_ID) values ('100',3,'결재자',70,null,null,null,null,'결재선템플릿','결재자','Approver','決栽者','批准者',0);
INSERT INTO TBL_LISTOPTION (LISTTYPE,SN,NAME,WIDTH,TABLENAME,COLNAME,COLALIAS,DTYPE,TYPEDESC,FIELDDESC,NAME2,NAME3,NAME4,TENANT_ID) values ('101',1,'코드',60,null,null,null,null,'단위업무 소기능(소분류)','코드','CODE','コード','线',0);
INSERT INTO TBL_LISTOPTION (LISTTYPE,SN,NAME,WIDTH,TABLENAME,COLNAME,COLALIAS,DTYPE,TYPEDESC,FIELDDESC,NAME2,NAME3,NAME4,TENANT_ID) values ('101',2,'이름',120,null,null,null,null,'단위업무 소기능(소분류)','이름','Name','綴じ名','名稱',0);
INSERT INTO TBL_LISTOPTION (LISTTYPE,SN,NAME,WIDTH,TABLENAME,COLNAME,COLALIAS,DTYPE,TYPEDESC,FIELDDESC,NAME2,NAME3,NAME4,TENANT_ID) values ('102',1,'부서코드',70,null,null,null,null,'단위업무 사용 부서','부서코드','DEPTCODE','部署コード','部门代码',0);
INSERT INTO TBL_LISTOPTION (LISTTYPE,SN,NAME,WIDTH,TABLENAME,COLNAME,COLALIAS,DTYPE,TYPEDESC,FIELDDESC,NAME2,NAME3,NAME4,TENANT_ID) values ('102',2,'부서명',130,null,null,null,null,'단위업무 사용 부서','부서명','DEPTNAME','部署名','部门名',0);
INSERT INTO TBL_LISTOPTION (LISTTYPE,SN,NAME,WIDTH,TABLENAME,COLNAME,COLALIAS,DTYPE,TYPEDESC,FIELDDESC,NAME2,NAME3,NAME4,TENANT_ID) values ('103',1,'버전',30,null,null,null,null,'기록물 변경이력정보','버전','Ver.','Ver.','版本',0);
INSERT INTO TBL_LISTOPTION (LISTTYPE,SN,NAME,WIDTH,TABLENAME,COLNAME,COLALIAS,DTYPE,TYPEDESC,FIELDDESC,NAME2,NAME3,NAME4,TENANT_ID) values ('103',2,'제목',170,null,null,null,null,'기록물 변경이력정보','제목','Title','見出し','标题',0);
INSERT INTO TBL_LISTOPTION (LISTTYPE,SN,NAME,WIDTH,TABLENAME,COLNAME,COLALIAS,DTYPE,TYPEDESC,FIELDDESC,NAME2,NAME3,NAME4,TENANT_ID) values ('103',3,'등록일자',100,null,null,null,null,'기록물 변경이력정보','등록일자','Regdate','登録日時','注册日期',0);
INSERT INTO TBL_LISTOPTION (LISTTYPE,SN,NAME,WIDTH,TABLENAME,COLNAME,COLALIAS,DTYPE,TYPEDESC,FIELDDESC,NAME2,NAME3,NAME4,TENANT_ID) values ('103',4,'쪽수',35,null,null,null,null,'기록물 변경이력정보','쪽수','Page','ページ数','頁數',0);
INSERT INTO TBL_LISTOPTION (LISTTYPE,SN,NAME,WIDTH,TABLENAME,COLNAME,COLALIAS,DTYPE,TYPEDESC,FIELDDESC,NAME2,NAME3,NAME4,TENANT_ID) values ('103',5,'결재권자',80,null,null,null,null,'기록물 변경이력정보','결재권자','Approval person','決裁権者','审批',0);
INSERT INTO TBL_LISTOPTION (LISTTYPE,SN,NAME,WIDTH,TABLENAME,COLNAME,COLALIAS,DTYPE,TYPEDESC,FIELDDESC,NAME2,NAME3,NAME4,TENANT_ID) values ('103',6,'기안자',80,null,null,null,null,'기록물 변경이력정보','기안자','Drafter','起案者','起草人',0);
INSERT INTO TBL_LISTOPTION (LISTTYPE,SN,NAME,WIDTH,TABLENAME,COLNAME,COLALIAS,DTYPE,TYPEDESC,FIELDDESC,NAME2,NAME3,NAME4,TENANT_ID) values ('103',7,'시행일자',70,null,null,null,null,'기록물 변경이력정보','시행일자','Enforce date.','施行日','生效日期',0);
INSERT INTO TBL_LISTOPTION (LISTTYPE,SN,NAME,WIDTH,TABLENAME,COLNAME,COLALIAS,DTYPE,TYPEDESC,FIELDDESC,NAME2,NAME3,NAME4,TENANT_ID) values ('103',8,'수신자(발신자)',90,null,null,null,null,'기록물 변경이력정보','수신자(발신자)','Recipient(Sender)','受信者（起案者）','受信者(送信者)',0);
INSERT INTO TBL_LISTOPTION (LISTTYPE,SN,NAME,WIDTH,TABLENAME,COLNAME,COLALIAS,DTYPE,TYPEDESC,FIELDDESC,NAME2,NAME3,NAME4,TENANT_ID) values ('103',9,'변경영역',80,null,null,null,null,'기록물 변경이력정보','변경영역','Modifyarea','変更領域','变化领域版本',0);
INSERT INTO TBL_LISTOPTION (LISTTYPE,SN,NAME,WIDTH,TABLENAME,COLNAME,COLALIAS,DTYPE,TYPEDESC,FIELDDESC,NAME2,NAME3,NAME4,TENANT_ID) values ('103',10,'변경자',60,null,null,null,null,'기록물 변경이력정보','변경자','Modifier','変更者','変更者',0);
INSERT INTO TBL_LISTOPTION (LISTTYPE,SN,NAME,WIDTH,TABLENAME,COLNAME,COLALIAS,DTYPE,TYPEDESC,FIELDDESC,NAME2,NAME3,NAME4,TENANT_ID) values ('103',11,'변경일자',70,null,null,null,null,'기록물 변경이력정보','변경일자','Modified date','変更日時','变更日',0);
INSERT INTO TBL_LISTOPTION (LISTTYPE,SN,NAME,WIDTH,TABLENAME,COLNAME,COLALIAS,DTYPE,TYPEDESC,FIELDDESC,NAME2,NAME3,NAME4,TENANT_ID) values ('104',1,'열람시간',150,null,null,null,null,'기록물 열람이력정보','열람시간','ReadingTime','閲覧時間','时间',0);
INSERT INTO TBL_LISTOPTION (LISTTYPE,SN,NAME,WIDTH,TABLENAME,COLNAME,COLALIAS,DTYPE,TYPEDESC,FIELDDESC,NAME2,NAME3,NAME4,TENANT_ID) values ('104',2,'열람자',100,null,null,null,null,'기록물 열람이력정보','열람자','Reader','閲覧者','观众',0);
INSERT INTO TBL_LISTOPTION (LISTTYPE,SN,NAME,WIDTH,TABLENAME,COLNAME,COLALIAS,DTYPE,TYPEDESC,FIELDDESC,NAME2,NAME3,NAME4,TENANT_ID) values ('104',3,'부서명',120,null,null,null,null,'기록물 열람이력정보','부서명','DeptName','部署名','部门名',0);
INSERT INTO TBL_LISTOPTION (LISTTYPE,SN,NAME,WIDTH,TABLENAME,COLNAME,COLALIAS,DTYPE,TYPEDESC,FIELDDESC,NAME2,NAME3,NAME4,TENANT_ID) values ('104',4,'직위',120,null,null,null,null,'기록물 열람이력정보','직위','Position','役職','职位',0);
INSERT INTO TBL_LISTOPTION (LISTTYPE,SN,NAME,WIDTH,TABLENAME,COLNAME,COLALIAS,DTYPE,TYPEDESC,FIELDDESC,NAME2,NAME3,NAME4,TENANT_ID) values ('105',1,'수 신 자',200,null,null,null,null,'수신처 템플릿 상세 리스트','수 신 자','Receiver','受信先','收 件 人',0);
INSERT INTO TBL_LISTOPTION (LISTTYPE,SN,NAME,WIDTH,TABLENAME,COLNAME,COLALIAS,DTYPE,TYPEDESC,FIELDDESC,NAME2,NAME3,NAME4,TENANT_ID) values ('106',1,'문서함리스트',250,null,null,null,null,'부서 문서함리스트','문서함리스트','DocFormList','文書フォルダリスト','一提到文件清单',0);
INSERT INTO TBL_LISTOPTION (LISTTYPE,SN,NAME,WIDTH,TABLENAME,COLNAME,COLALIAS,DTYPE,TYPEDESC,FIELDDESC,NAME2,NAME3,NAME4,TENANT_ID) values ('107',1,'부서명',100,null,null,null,null,'사용자별 문서 결재 건수','부서명','APRMEMBERDEPTNAME','部署名','部门名',0);
INSERT INTO TBL_LISTOPTION (LISTTYPE,SN,NAME,WIDTH,TABLENAME,COLNAME,COLALIAS,DTYPE,TYPEDESC,FIELDDESC,NAME2,NAME3,NAME4,TENANT_ID) values ('107',2,'직위',80,null,null,null,null,'사용자별 문서 결재 건수','직위','APRMEMBERJOBTITLE','役職','职位',0);
INSERT INTO TBL_LISTOPTION (LISTTYPE,SN,NAME,WIDTH,TABLENAME,COLNAME,COLALIAS,DTYPE,TYPEDESC,FIELDDESC,NAME2,NAME3,NAME4,TENANT_ID) values ('107',3,'기안자',80,null,null,null,null,'사용자별 문서 결재 건수','기안자','Drafter','起案者','起草人',0);
INSERT INTO TBL_LISTOPTION (LISTTYPE,SN,NAME,WIDTH,TABLENAME,COLNAME,COLALIAS,DTYPE,TYPEDESC,FIELDDESC,NAME2,NAME3,NAME4,TENANT_ID) values ('107',4,'결재건수',60,null,null,null,null,'사용자별 문서 결재 건수','결재건수','APRCOUNT','決栽件数','批准件数',0);
INSERT INTO TBL_LISTOPTION (LISTTYPE,SN,NAME,WIDTH,TABLENAME,COLNAME,COLALIAS,DTYPE,TYPEDESC,FIELDDESC,NAME2,NAME3,NAME4,TENANT_ID) values ('108',1,'발신부서',150,null,null,null,null,'부서별 발송/수신건수','발신부서','SENTDEPTNAME','発信部署','发送部门',0);
INSERT INTO TBL_LISTOPTION (LISTTYPE,SN,NAME,WIDTH,TABLENAME,COLNAME,COLALIAS,DTYPE,TYPEDESC,FIELDDESC,NAME2,NAME3,NAME4,TENANT_ID) values ('108',2,'수신부서',150,null,null,null,null,'부서별 발송/수신건수','수신부서','RECEVDEPTNAME','発信部署','发送部门',0);
INSERT INTO TBL_LISTOPTION (LISTTYPE,SN,NAME,WIDTH,TABLENAME,COLNAME,COLALIAS,DTYPE,TYPEDESC,FIELDDESC,NAME2,NAME3,NAME4,TENANT_ID) values ('108',3,'건수',40,null,null,null,null,'부서별 발송/수신건수','건수','APRCOUNT','件数','件数',0);
INSERT INTO TBL_LISTOPTION (LISTTYPE,SN,NAME,WIDTH,TABLENAME,COLNAME,COLALIAS,DTYPE,TYPEDESC,FIELDDESC,NAME2,NAME3,NAME4,TENANT_ID) values ('109',1,'양식리스트',215,'TBL_FORMINFO','FormName','FormName',null,'양식리스트','양식명','Form list','様式リスト','样式列表',0);
INSERT INTO TBL_LISTOPTION (LISTTYPE,SN,NAME,WIDTH,TABLENAME,COLNAME,COLALIAS,DTYPE,TYPEDESC,FIELDDESC,NAME2,NAME3,NAME4,TENANT_ID) values ('110',1,'성명',100,null,null,null,null,'업무담당자지정','성명','Name','綴じ名','名稱',0);
INSERT INTO TBL_LISTOPTION (LISTTYPE,SN,NAME,WIDTH,TABLENAME,COLNAME,COLALIAS,DTYPE,TYPEDESC,FIELDDESC,NAME2,NAME3,NAME4,TENANT_ID) values ('111',1,'문서상태',100,null,null,null,null,'문서함 문서상태 등록','문서상태','Doc. status','文書区分','文件状态',0);
INSERT INTO TBL_LISTOPTION (LISTTYPE,SN,NAME,WIDTH,TABLENAME,COLNAME,COLALIAS,DTYPE,TYPEDESC,FIELDDESC,NAME2,NAME3,NAME4,TENANT_ID) values ('111',2,'문서함명',100,null,null,null,null,'문서함 문서상태 등록','문서함명','Dept. doc. folder','文書フォルダ名','Dept. doc. folder',0);
INSERT INTO TBL_LISTOPTION (LISTTYPE,SN,NAME,WIDTH,TABLENAME,COLNAME,COLALIAS,DTYPE,TYPEDESC,FIELDDESC,NAME2,NAME3,NAME4,TENANT_ID) values ('001',1,'제목',300,'VAPRDOINGDOCLIST','DocTitle',null,null,'결재할 문서','제목','Title','見出し','标题',0);
INSERT INTO TBL_LISTOPTION (LISTTYPE,SN,NAME,WIDTH,TABLENAME,COLNAME,COLALIAS,DTYPE,TYPEDESC,FIELDDESC,NAME2,NAME3,NAME4,TENANT_ID) values ('001',2,'기안부서',135,'VAPRDOINGDOCLIST','WriterDeptName',null,null,'결재할 문서','기안부서','Dept.(draft)','起案部署','起草部门',0);
INSERT INTO TBL_LISTOPTION (LISTTYPE,SN,NAME,WIDTH,TABLENAME,COLNAME,COLALIAS,DTYPE,TYPEDESC,FIELDDESC,NAME2,NAME3,NAME4,TENANT_ID) values ('001',3,'기안자',70,'VAPRDOINGDOCLIST','WriterName',null,null,'결재할 문서','기안자','Drafter','起案者','起草人',0);
INSERT INTO TBL_LISTOPTION (LISTTYPE,SN,NAME,WIDTH,TABLENAME,COLNAME,COLALIAS,DTYPE,TYPEDESC,FIELDDESC,NAME2,NAME3,NAME4,TENANT_ID) values ('001',4,'기안일시',160,'VAPRDOINGDOCLIST','StartDate',null,null,'결재할 문서','기안일시','Date(draft)','起案日時','起草日期',0);
INSERT INTO TBL_LISTOPTION (LISTTYPE,SN,NAME,WIDTH,TABLENAME,COLNAME,COLALIAS,DTYPE,TYPEDESC,FIELDDESC,NAME2,NAME3,NAME4,TENANT_ID) values ('001',5,'상태',50,'VAPRDOINGDOCLIST','FunctionType',null,null,'결재할 문서','상태','Status','進行状況','状态',0);
INSERT INTO TBL_LISTOPTION (LISTTYPE,SN,NAME,WIDTH,TABLENAME,COLNAME,COLALIAS,DTYPE,TYPEDESC,FIELDDESC,NAME2,NAME3,NAME4,TENANT_ID) values ('001',6,'문서명',100,'VAPRDOINGDOCLIST','FormName',null,null,'결재할 문서','양식명','Form title','文書名','文件名',0);
INSERT INTO TBL_LISTOPTION (LISTTYPE,SN,NAME,WIDTH,TABLENAME,COLNAME,COLALIAS,DTYPE,TYPEDESC,FIELDDESC,NAME2,NAME3,NAME4,TENANT_ID) values ('001',7,'첨부',30,'VAPRDOINGDOCLIST','HASATTACHYN',null,null,'결재할 문서','첨부','Attach','添付','附件',0);
INSERT INTO TBL_LISTOPTION (LISTTYPE,SN,NAME,WIDTH,TABLENAME,COLNAME,COLALIAS,DTYPE,TYPEDESC,FIELDDESC,NAME2,NAME3,NAME4,TENANT_ID) values ('001',8,'공개',30,'VAPRDOINGDOCLIST','ISPUBLIC',null,null,'결재할 문서','공개','Public','公開','公开',0);
INSERT INTO TBL_LISTOPTION (LISTTYPE,SN,NAME,WIDTH,TABLENAME,COLNAME,COLALIAS,DTYPE,TYPEDESC,FIELDDESC,NAME2,NAME3,NAME4,TENANT_ID) values ('002',1,'제목',300,'VAPRWILLDOCLIST','DocTitle',null,null,'기안한 문서','제목','Title','見出し','标题',0);
INSERT INTO TBL_LISTOPTION (LISTTYPE,SN,NAME,WIDTH,TABLENAME,COLNAME,COLALIAS,DTYPE,TYPEDESC,FIELDDESC,NAME2,NAME3,NAME4,TENANT_ID) values ('002',2,'기안부서',135,'VAPRWILLDOCLIST','WriterDeptName',null,null,'기안한 문서','기안부서','Dept.(draft)','起案部署','起草部门',0);
INSERT INTO TBL_LISTOPTION (LISTTYPE,SN,NAME,WIDTH,TABLENAME,COLNAME,COLALIAS,DTYPE,TYPEDESC,FIELDDESC,NAME2,NAME3,NAME4,TENANT_ID) values ('002',3,'기안자',70,'VAPRWILLDOCLIST','WriterName',null,null,'기안한 문서','기안자','Drafter','起案者','起草人',0);
INSERT INTO TBL_LISTOPTION (LISTTYPE,SN,NAME,WIDTH,TABLENAME,COLNAME,COLALIAS,DTYPE,TYPEDESC,FIELDDESC,NAME2,NAME3,NAME4,TENANT_ID) values ('002',4,'기안일시',160,'VAPRWILLDOCLIST','StartDate',null,null,'기안한 문서','기안일시','Date(draft)','起案日時','起草日期',0);
INSERT INTO TBL_LISTOPTION (LISTTYPE,SN,NAME,WIDTH,TABLENAME,COLNAME,COLALIAS,DTYPE,TYPEDESC,FIELDDESC,NAME2,NAME3,NAME4,TENANT_ID) values ('002',5,'상태',50,'VAPRWILLDOCLIST','FunctionType',null,null,'기안한 문서','상태','Status','進行状況','状态',0);
INSERT INTO TBL_LISTOPTION (LISTTYPE,SN,NAME,WIDTH,TABLENAME,COLNAME,COLALIAS,DTYPE,TYPEDESC,FIELDDESC,NAME2,NAME3,NAME4,TENANT_ID) values ('002',6,'문서명',100,'VAPRWILLDOCLIST','FormName',null,null,'기안한 문서','양식명','Form title','文書名','文件名',0);
INSERT INTO TBL_LISTOPTION (LISTTYPE,SN,NAME,WIDTH,TABLENAME,COLNAME,COLALIAS,DTYPE,TYPEDESC,FIELDDESC,NAME2,NAME3,NAME4,TENANT_ID) values ('002',7,'첨부',30,'VAPRWILLDOCLIST','HASATTACHYN',null,null,'기안한 문서','첨부','Attach','添付','附件',0);
INSERT INTO TBL_LISTOPTION (LISTTYPE,SN,NAME,WIDTH,TABLENAME,COLNAME,COLALIAS,DTYPE,TYPEDESC,FIELDDESC,NAME2,NAME3,NAME4,TENANT_ID) values ('002',8,'공개',30,'VAPRWILLDOCLIST','ISPUBLIC',null,null,'기안한 문서','공개','Public','公開','公开',0);
INSERT INTO TBL_LISTOPTION (LISTTYPE,SN,NAME,WIDTH,TABLENAME,COLNAME,COLALIAS,DTYPE,TYPEDESC,FIELDDESC,NAME2,NAME3,NAME4,TENANT_ID) values ('003',1,'제목',300,'VAPRWILLDOCLIST','DocTitle',null,null,'결재진행문서','제목','Title','見出し','标题',0);
INSERT INTO TBL_LISTOPTION (LISTTYPE,SN,NAME,WIDTH,TABLENAME,COLNAME,COLALIAS,DTYPE,TYPEDESC,FIELDDESC,NAME2,NAME3,NAME4,TENANT_ID) values ('003',2,'기안부서',135,'VAPRWILLDOCLIST','WriterDeptName',null,null,'결재진행문서','기안부서','Dept.(draft)','起案部署','起草部门',0);
INSERT INTO TBL_LISTOPTION (LISTTYPE,SN,NAME,WIDTH,TABLENAME,COLNAME,COLALIAS,DTYPE,TYPEDESC,FIELDDESC,NAME2,NAME3,NAME4,TENANT_ID) values ('003',3,'기안자',70,'VAPRWILLDOCLIST','WriterName',null,null,'결재진행문서','기안자','Drafter','起案者','起草人',0);
INSERT INTO TBL_LISTOPTION (LISTTYPE,SN,NAME,WIDTH,TABLENAME,COLNAME,COLALIAS,DTYPE,TYPEDESC,FIELDDESC,NAME2,NAME3,NAME4,TENANT_ID) values ('003',4,'기안일시',160,'VAPRWILLDOCLIST','StartDate',null,null,'결재진행문서','기안일시','Dept.(draft)','起案日時','起草日期',0);
INSERT INTO TBL_LISTOPTION (LISTTYPE,SN,NAME,WIDTH,TABLENAME,COLNAME,COLALIAS,DTYPE,TYPEDESC,FIELDDESC,NAME2,NAME3,NAME4,TENANT_ID) values ('003',5,'상태',50,'VAPRWILLDOCLIST','FunctionType',null,null,'결재진행문서','상태','Status','進行状況','状态',0);
INSERT INTO TBL_LISTOPTION (LISTTYPE,SN,NAME,WIDTH,TABLENAME,COLNAME,COLALIAS,DTYPE,TYPEDESC,FIELDDESC,NAME2,NAME3,NAME4,TENANT_ID) values ('003',6,'문서명',100,'VAPRWILLDOCLIST','FormName',null,null,'결재진행문서','양식명','Form title','文書名','文件名',0);
INSERT INTO TBL_LISTOPTION (LISTTYPE,SN,NAME,WIDTH,TABLENAME,COLNAME,COLALIAS,DTYPE,TYPEDESC,FIELDDESC,NAME2,NAME3,NAME4,TENANT_ID) values ('003',7,'첨부',30,'VAPRWILLDOCLIST','HASATTACHYN',null,null,'결재진행문서','첨부','Attach','添付','附件',0);
INSERT INTO TBL_LISTOPTION (LISTTYPE,SN,NAME,WIDTH,TABLENAME,COLNAME,COLALIAS,DTYPE,TYPEDESC,FIELDDESC,NAME2,NAME3,NAME4,TENANT_ID) values ('003',8,'공개',30,'VAPRWILLDOCLIST','ISPUBLIC',null,null,'결재진행문서','공개','Public','公開','公开',0);
INSERT INTO TBL_LISTOPTION (LISTTYPE,SN,NAME,WIDTH,TABLENAME,COLNAME,COLALIAS,DTYPE,TYPEDESC,FIELDDESC,NAME2,NAME3,NAME4,TENANT_ID) values ('004',1,'제목',300,'TBL_APRDOCINFO','DocTitle',null,null,'수신문서처리기','제목','Title','見出し','标题',0);
INSERT INTO TBL_LISTOPTION (LISTTYPE,SN,NAME,WIDTH,TABLENAME,COLNAME,COLALIAS,DTYPE,TYPEDESC,FIELDDESC,NAME2,NAME3,NAME4,TENANT_ID) values ('004',2,'문서상태',80,'TBL_APRRECEIPTPROCESSINFO','DocState',null,null,'수신문서처리기','문서상태','Doc. status','文書区分','文件状态',0);
INSERT INTO TBL_LISTOPTION (LISTTYPE,SN,NAME,WIDTH,TABLENAME,COLNAME,COLALIAS,DTYPE,TYPEDESC,FIELDDESC,NAME2,NAME3,NAME4,TENANT_ID) values ('004',3,'결재상태',80,'TBL_APRRECEIPTPROCESSINFO','AprState',null,null,'수신문서처리기','결재상태','Approval status','進捗段階','批准状态',0);
INSERT INTO TBL_LISTOPTION (LISTTYPE,SN,NAME,WIDTH,TABLENAME,COLNAME,COLALIAS,DTYPE,TYPEDESC,FIELDDESC,NAME2,NAME3,NAME4,TENANT_ID) values ('004',4,'발신부서',100,'TBL_APRRECEIPTPROCESSINFO','SentDeptName',null,null,'수신문서처리기','발신부서','Dept. sent','発信部署','发送部门',0);
INSERT INTO TBL_LISTOPTION (LISTTYPE,SN,NAME,WIDTH,TABLENAME,COLNAME,COLALIAS,DTYPE,TYPEDESC,FIELDDESC,NAME2,NAME3,NAME4,TENANT_ID) values ('004',5,'수신부서',100,'TBL_APRRECEIPTPROCESSINFO','ReceivedDeptName',null,null,'수신문서처리기','도착부서','Date recevied','受信部署','收信部门',0);
INSERT INTO TBL_LISTOPTION (LISTTYPE,SN,NAME,WIDTH,TABLENAME,COLNAME,COLALIAS,DTYPE,TYPEDESC,FIELDDESC,NAME2,NAME3,NAME4,TENANT_ID) values ('004',6,'도착일자',150,'TBL_APRRECEIPTPROCESSINFO','ProcessDate',null,null,'수신문서처리기','도착일자','ProcessDate','到着日付','接收日',0);
INSERT INTO TBL_LISTOPTION (LISTTYPE,SN,NAME,WIDTH,TABLENAME,COLNAME,COLALIAS,DTYPE,TYPEDESC,FIELDDESC,NAME2,NAME3,NAME4,TENANT_ID) values ('004',7,'양식명',100,'TBL_APRDOCINFO','FormName',null,null,'수신문서처리기','양식명','Form Name','様式名','样式名',0);
INSERT INTO TBL_LISTOPTION (LISTTYPE,SN,NAME,WIDTH,TABLENAME,COLNAME,COLALIAS,DTYPE,TYPEDESC,FIELDDESC,NAME2,NAME3,NAME4,TENANT_ID) values ('004',8,'첨부',30,'TBL_APRDOCINFO','HASATTACHYN',null,null,'수신문서처리기','첨부','Attach','添付','附件',0);
INSERT INTO TBL_LISTOPTION (LISTTYPE,SN,NAME,WIDTH,TABLENAME,COLNAME,COLALIAS,DTYPE,TYPEDESC,FIELDDESC,NAME2,NAME3,NAME4,TENANT_ID) values ('004',9,'공개',30,'TBL_APRDOCINFO','ISPUBLIC',null,null,'수신문서처리기','공개','Public','公開','公开',0);
INSERT INTO TBL_LISTOPTION (LISTTYPE,SN,NAME,WIDTH,TABLENAME,COLNAME,COLALIAS,DTYPE,TYPEDESC,FIELDDESC,NAME2,NAME3,NAME4,TENANT_ID) values ('005',1,'제목',300,'TBL_APRDOCINFO','DocTitle',null,null,'심사진행기','제목','Title','見出し','标题',0);
INSERT INTO TBL_LISTOPTION (LISTTYPE,SN,NAME,WIDTH,TABLENAME,COLNAME,COLALIAS,DTYPE,TYPEDESC,FIELDDESC,NAME2,NAME3,NAME4,TENANT_ID) values ('005',2,'문서상태',80,'TBL_APRRECEIPTPROCESSINFO','DocState',null,null,'심사진행기','문서상태','Doc. status','文書区分','文件状态',0);
INSERT INTO TBL_LISTOPTION (LISTTYPE,SN,NAME,WIDTH,TABLENAME,COLNAME,COLALIAS,DTYPE,TYPEDESC,FIELDDESC,NAME2,NAME3,NAME4,TENANT_ID) values ('005',3,'결재상태',80,'TBL_APRRECEIPTPROCESSINFO','AprState',null,null,'심사진행기','결재상태','Approval status','進捗段階','批准状态',0);
INSERT INTO TBL_LISTOPTION (LISTTYPE,SN,NAME,WIDTH,TABLENAME,COLNAME,COLALIAS,DTYPE,TYPEDESC,FIELDDESC,NAME2,NAME3,NAME4,TENANT_ID) values ('005',4,'발신부서',100,'TBL_APRRECEIPTPROCESSINFO','SentDeptName',null,null,'심사진행기','발신부서','Dept. sent','発信部署','发送部门',0);
INSERT INTO TBL_LISTOPTION (LISTTYPE,SN,NAME,WIDTH,TABLENAME,COLNAME,COLALIAS,DTYPE,TYPEDESC,FIELDDESC,NAME2,NAME3,NAME4,TENANT_ID) values ('005',5,'도착일자',150,'TBL_APRRECEIPTPROCESSINFO','ProcessDate',null,null,'심사진행기','도착일자','Date recevied','到着日付','接收日',0);
INSERT INTO TBL_LISTOPTION (LISTTYPE,SN,NAME,WIDTH,TABLENAME,COLNAME,COLALIAS,DTYPE,TYPEDESC,FIELDDESC,NAME2,NAME3,NAME4,TENANT_ID) values ('005',6,'첨부',30,'TBL_APRRECEIPTPROCESSINFO','HASATTACHYN',null,null,'심사진행기','첨부','Attach','添付','附件',0);
INSERT INTO TBL_LISTOPTION (LISTTYPE,SN,NAME,WIDTH,TABLENAME,COLNAME,COLALIAS,DTYPE,TYPEDESC,FIELDDESC,NAME2,NAME3,NAME4,TENANT_ID) values ('005',7,'공개',30,'TBL_APRRECEIPTPROCESSINFO','ISPUBLIC',null,null,'심사진행기','공개','Public','公開','公开',0);
INSERT INTO TBL_LISTOPTION (LISTTYPE,SN,NAME,WIDTH,TABLENAME,COLNAME,COLALIAS,DTYPE,TYPEDESC,FIELDDESC,NAME2,NAME3,NAME4,TENANT_ID) values ('006',1,'문서번호',150,'TBL_ENDAPRDOCINFO','DocNo',null,null,'문서함문서','문서번호','Doc. No.','文書番号','文件号',0);
INSERT INTO TBL_LISTOPTION (LISTTYPE,SN,NAME,WIDTH,TABLENAME,COLNAME,COLALIAS,DTYPE,TYPEDESC,FIELDDESC,NAME2,NAME3,NAME4,TENANT_ID) values ('006',2,'제목',350,'TBL_ENDAPRDOCINFO','DocTitle',null,null,'문서함문서','제목','Title','見出し','标题',0);
INSERT INTO TBL_LISTOPTION (LISTTYPE,SN,NAME,WIDTH,TABLENAME,COLNAME,COLALIAS,DTYPE,TYPEDESC,FIELDDESC,NAME2,NAME3,NAME4,TENANT_ID) values ('006',3,'작성자',100,'TBL_ENDAPRDOCINFO','WriterName',null,null,'문서함문서','기안자','Drafter','作成者','郵政',0);
INSERT INTO TBL_LISTOPTION (LISTTYPE,SN,NAME,WIDTH,TABLENAME,COLNAME,COLALIAS,DTYPE,TYPEDESC,FIELDDESC,NAME2,NAME3,NAME4,TENANT_ID) values ('006',4,'기안부서',100,'TBL_ENDAPRDOCINFO','WriterDeptName',null,null,'문서함문서','기안부서명','Dept.(draft)','起案部署','起草部门',0);
INSERT INTO TBL_LISTOPTION (LISTTYPE,SN,NAME,WIDTH,TABLENAME,COLNAME,COLALIAS,DTYPE,TYPEDESC,FIELDDESC,NAME2,NAME3,NAME4,TENANT_ID) values ('006',5,'완료일시',160,'TBL_ENDAPRDOCINFO','EndDate',null,null,'문서함문서','완료일시','Date completed','完了日時','结束日期',0);
INSERT INTO TBL_LISTOPTION (LISTTYPE,SN,NAME,WIDTH,TABLENAME,COLNAME,COLALIAS,DTYPE,TYPEDESC,FIELDDESC,NAME2,NAME3,NAME4,TENANT_ID) values ('006',6,'문서명',150,'TBL_ENDAPRDOCINFO','FormName',null,null,'문서함문서','양식명','Form title','文書名','文件名',0);
INSERT INTO TBL_LISTOPTION (LISTTYPE,SN,NAME,WIDTH,TABLENAME,COLNAME,COLALIAS,DTYPE,TYPEDESC,FIELDDESC,NAME2,NAME3,NAME4,TENANT_ID) values ('006',7,'이관',30,'TBL_EXPENDAPRDOCINFO','EDMSYN',null,'NoUse','문서함문서','EDMS이관여부','Transfer','移管','移交',0);
INSERT INTO TBL_LISTOPTION (LISTTYPE,SN,NAME,WIDTH,TABLENAME,COLNAME,COLALIAS,DTYPE,TYPEDESC,FIELDDESC,NAME2,NAME3,NAME4,TENANT_ID) values ('006',8,'첨부',30,'TBL_EXPENDAPRDOCINFO','HASATTACHYN',null,null,'문서함문서','첨부','Attach','添付','附件',0);
INSERT INTO TBL_LISTOPTION (LISTTYPE,SN,NAME,WIDTH,TABLENAME,COLNAME,COLALIAS,DTYPE,TYPEDESC,FIELDDESC,NAME2,NAME3,NAME4,TENANT_ID) values ('006',9,'공개',30,'TBL_EXPENDAPRDOCINFO','ISPUBLIC',null,null,'문서함문서','공개','Public','公開','公开',0);
INSERT INTO TBL_LISTOPTION (LISTTYPE,SN,NAME,WIDTH,TABLENAME,COLNAME,COLALIAS,DTYPE,TYPEDESC,FIELDDESC,NAME2,NAME3,NAME4,TENANT_ID) values ('007',1,'제목',300,'TBL_ENDAPRDOCINFO','DocTitle',null,null,'발송대기문서','제목','Title','見出し','标题',0);
INSERT INTO TBL_LISTOPTION (LISTTYPE,SN,NAME,WIDTH,TABLENAME,COLNAME,COLALIAS,DTYPE,TYPEDESC,FIELDDESC,NAME2,NAME3,NAME4,TENANT_ID) values ('007',2,'발신의뢰부서',150,'TBL_ENDAPRDOCINFO','WriterDeptName',null,null,'발송대기문서','기안부서','Dept.(draft)','発信依頼部門','傳出部門委託',0);
INSERT INTO TBL_LISTOPTION (LISTTYPE,SN,NAME,WIDTH,TABLENAME,COLNAME,COLALIAS,DTYPE,TYPEDESC,FIELDDESC,NAME2,NAME3,NAME4,TENANT_ID) values ('007',3,'발신의뢰자',150,'TBL_ENDAPRDOCINFO','WriterName',null,null,'발송대기문서','기안자','Drafter','発信依頼者','傳出贊助商',0);
INSERT INTO TBL_LISTOPTION (LISTTYPE,SN,NAME,WIDTH,TABLENAME,COLNAME,COLALIAS,DTYPE,TYPEDESC,FIELDDESC,NAME2,NAME3,NAME4,TENANT_ID) values ('007',4,'발신의뢰일자',150,'TBL_ENDAPRDOCINFO','EndDate',null,null,'발송대기문서','완료일자','Date(draft)','発信依頼日','日期的傳出請求',0);
INSERT INTO TBL_LISTOPTION (LISTTYPE,SN,NAME,WIDTH,TABLENAME,COLNAME,COLALIAS,DTYPE,TYPEDESC,FIELDDESC,NAME2,NAME3,NAME4,TENANT_ID) values ('007',5,'상태',100,'TBL_ENDRECEIPTPOINTINFO','ProcessYN',null,null,'발송대기문서','발송대기상태','Status','進行状況','状态',0);
INSERT INTO TBL_LISTOPTION (LISTTYPE,SN,NAME,WIDTH,TABLENAME,COLNAME,COLALIAS,DTYPE,TYPEDESC,FIELDDESC,NAME2,NAME3,NAME4,TENANT_ID) values ('007',6,'양식명',150,'TBL_ENDAPRDOCINFO','FormName',null,null,'발송대기문서','양식명','Form title','様式名','样式名',0);
INSERT INTO TBL_LISTOPTION (LISTTYPE,SN,NAME,WIDTH,TABLENAME,COLNAME,COLALIAS,DTYPE,TYPEDESC,FIELDDESC,NAME2,NAME3,NAME4,TENANT_ID) values ('009',1,'제목',300,null,'DocTitle',null,null,'서버저장문서','제목','Title','見出し','标题',0);

INSERT INTO TBL_LISTINFO (LISTTYPE,SN,NAME,WIDTH,TABLENAME,COLNAME,COLALIAS,DTYPE,TYPEDESC,FIELDDESC,NAME2,NAME3,NAME4,TENANT_ID) values ('005',1,'순번',40,null,null,'dtSerialNum','dtSerialNum','기록물 이관목록',null,'No.','順番','序号',0);
INSERT INTO TBL_LISTINFO (LISTTYPE,SN,NAME,WIDTH,TABLENAME,COLNAME,COLALIAS,DTYPE,TYPEDESC,FIELDDESC,NAME2,NAME3,NAME4,TENANT_ID) values ('005',2,'문서번호',80,null,'CONCAT(CONCAT(TBL_RECORD.ProcessDeptName,''-''),TRIM(LEADING''0'' FROM TBL_RECORD.RegisterNo))','DispRegisterNo','Default','기록물 이관목록',null,'Doc. No.','登録番号','註冊號',0);
INSERT INTO TBL_LISTINFO (LISTTYPE,SN,NAME,WIDTH,TABLENAME,COLNAME,COLALIAS,DTYPE,TYPEDESC,FIELDDESC,NAME2,NAME3,NAME4,TENANT_ID) values ('005',3,'제목',220,'TBL_SEPERATEATTACH','TBL_SEPERATEATTACH.Title','RecTitle','Default','기록물 이관목록',null,'Title','見出し','标题',0);
INSERT INTO TBL_LISTINFO (LISTTYPE,SN,NAME,WIDTH,TABLENAME,COLNAME,COLALIAS,DTYPE,TYPEDESC,FIELDDESC,NAME2,NAME3,NAME4,TENANT_ID) values ('005',4,'기록물 형태',110,'TBL_SEPERATEATTACH','TBL_SEPERATEATTACH.RegisterType','RegisterType','dtRegisterType','기록물 이관목록',null,'DocForm','記録物の形態','纪录片的形式',0);
INSERT INTO TBL_LISTINFO (LISTTYPE,SN,NAME,WIDTH,TABLENAME,COLNAME,COLALIAS,DTYPE,TYPEDESC,FIELDDESC,NAME2,NAME3,NAME4,TENANT_ID) values ('005',5,'쪽수',40,'TBL_SEPERATEATTACH','TBL_SEPERATEATTACH.NumOfPage','NumOfPage','Default','기록물 이관목록',null,'PageNum','ページ数','頁數',0);
INSERT INTO TBL_LISTINFO (LISTTYPE,SN,NAME,WIDTH,TABLENAME,COLNAME,COLALIAS,DTYPE,TYPEDESC,FIELDDESC,NAME2,NAME3,NAME4,TENANT_ID) values ('005',6,'분류번호',180,null,'CONCAT(CONCAT(CONCAT(CONCAT(CONCAT(CONCAT(CONCAT(CONCAT(CONCAT(TRIM(TBL_CABINET.ProcessDeptCode),''-''),TBL_CABINET.TaskCode),''-''),ProductionYear),''-''),TRIM(LEADING''0'' FROM RegSerialNo)),''(''),TRIM(LEADING''0'' FROM VolumeNo)),'')'')','DispClassNo','Default','기록물 이관목록',null,'DispClassNo','分類番号','分类编号',0);
INSERT INTO TBL_LISTINFO (LISTTYPE,SN,NAME,WIDTH,TABLENAME,COLNAME,COLALIAS,DTYPE,TYPEDESC,FIELDDESC,NAME2,NAME3,NAME4,TENANT_ID) values ('005',7,'공개구분',95,'TBL_RECORD','TBL_RECORD.PublicityCode','PublicityCode','dtPubCode','기록물 이관목록',null,'PublicityCode','公開区分','公共区分',0);
INSERT INTO TBL_LISTINFO (LISTTYPE,SN,NAME,WIDTH,TABLENAME,COLNAME,COLALIAS,DTYPE,TYPEDESC,FIELDDESC,NAME2,NAME3,NAME4,TENANT_ID) values ('005',8,'공개제한부분',90,'TBL_RECORD','TBL_RECORD.LimitRange','LimitRange','Default','기록물 이관목록',null,'LimitRange','公開制限の部分','部分公众有限公司',0);
INSERT INTO TBL_LISTINFO (LISTTYPE,SN,NAME,WIDTH,TABLENAME,COLNAME,COLALIAS,DTYPE,TYPEDESC,FIELDDESC,NAME2,NAME3,NAME4,TENANT_ID) values ('006',1,'순번',65,null,null,'dtSerialNum','dtSerialNum','기록물철 이관목록',null,'No.','順番','序号',0);
INSERT INTO TBL_LISTINFO (LISTTYPE,SN,NAME,WIDTH,TABLENAME,COLNAME,COLALIAS,DTYPE,TYPEDESC,FIELDDESC,NAME2,NAME3,NAME4,TENANT_ID) values ('006',2,'분류번호',200,null,'CONCAT(CONCAT(CONCAT(CONCAT(CONCAT(CONCAT(CONCAT(CONCAT(CONCAT(TRIM(ProcessDeptCode),''-''),TaskCode),''-''),ProductionYear),''-''),TRIM(LEADING''0'' FROM RegSerialNo)),''(''),TRIM(LEADING''0'' FROM VolumeNo)),'')'')','DispClassNo','Default','기록물철 이관목록',null,'DispClassNo','分類番号','分类编号',0);
INSERT INTO TBL_LISTINFO (LISTTYPE,SN,NAME,WIDTH,TABLENAME,COLNAME,COLALIAS,DTYPE,TYPEDESC,FIELDDESC,NAME2,NAME3,NAME4,TENANT_ID) values ('006',3,'제목',260,'TBL_CABINETCLASS','TBL_CABINETCLASS.Title','Title','Default','기록물철 이관목록',null,'Title','見出し','标题',0);
INSERT INTO TBL_LISTINFO (LISTTYPE,SN,NAME,WIDTH,TABLENAME,COLNAME,COLALIAS,DTYPE,TYPEDESC,FIELDDESC,NAME2,NAME3,NAME4,TENANT_ID) values ('006',4,'건수',80,'GetCabPageStaTbl2','NVL(GetNumOfRec(TBL_CABINET.CabinetID),0)','NumOfRec','Default','기록물철 이관목록',null,'APRCOUNT','件数','件数',0);
INSERT INTO TBL_LISTINFO (LISTTYPE,SN,NAME,WIDTH,TABLENAME,COLNAME,COLALIAS,DTYPE,TYPEDESC,FIELDDESC,NAME2,NAME3,NAME4,TENANT_ID) values ('006',5,'쪽수',80,'GetCabPageStaTbl2','NVL(GetNumOfPage(TBL_CABINET.CabinetID),0)','PageOfRec','Default','기록물철 이관목록',null,'PageNum','ページ数','頁數',0);
INSERT INTO TBL_LISTINFO (LISTTYPE,SN,NAME,WIDTH,TABLENAME,COLNAME,COLALIAS,DTYPE,TYPEDESC,FIELDDESC,NAME2,NAME3,NAME4,TENANT_ID) values ('006',6,'기록물 형태',110,'TBL_CABINETCLASS','TBL_CABINETCLASS.RecTypeCode','RecTypeCode','dtRecTypeCode','기록물철 이관목록',null,'DocForm','記録物の形態','纪录片的形式',0);
INSERT INTO TBL_LISTINFO (LISTTYPE,SN,NAME,WIDTH,TABLENAME,COLNAME,COLALIAS,DTYPE,TYPEDESC,FIELDDESC,NAME2,NAME3,NAME4,TENANT_ID) values ('007',1,'일련번호',55,null,null,'dtSerialNum','dtSerialNum','기록물 이관연기 목록',null,'SerialNum','シリアル番号','序列号',0);
INSERT INTO TBL_LISTINFO (LISTTYPE,SN,NAME,WIDTH,TABLENAME,COLNAME,COLALIAS,DTYPE,TYPEDESC,FIELDDESC,NAME2,NAME3,NAME4,TENANT_ID) values ('007',2,'문서번호',100,null,'CONCAT(CONCAT(TBL_RECORD.ProcessDeptName, ''-''), TRIM(LEADING''0'' FROM TBL_RECORD.RegisterNo))','DispRegisterNo','Default','기록물 이관연기 목록',null,'Doc. No.','登録番号','註冊號',0);
INSERT INTO TBL_LISTINFO (LISTTYPE,SN,NAME,WIDTH,TABLENAME,COLNAME,COLALIAS,DTYPE,TYPEDESC,FIELDDESC,NAME2,NAME3,NAME4,TENANT_ID) values ('007',3,'제목',220,'TBL_SEPERATEATTACH','TBL_SEPERATEATTACH.Title','Title','Default','기록물 이관연기 목록',null,'Title','見出し','标题',0);
INSERT INTO TBL_LISTINFO (LISTTYPE,SN,NAME,WIDTH,TABLENAME,COLNAME,COLALIAS,DTYPE,TYPEDESC,FIELDDESC,NAME2,NAME3,NAME4,TENANT_ID) values ('007',4,'생산연도',80,'TBL_RECORD','TBL_RECORD.RegisterYear','RegisterYear','Default','기록물 이관연기 목록',null,'RegisterYear','生産年度','生产年份',0);
INSERT INTO TBL_LISTINFO (LISTTYPE,SN,NAME,WIDTH,TABLENAME,COLNAME,COLALIAS,DTYPE,TYPEDESC,FIELDDESC,NAME2,NAME3,NAME4,TENANT_ID) values ('007',5,'이관연도',80,'TBL_CABINETCLASS','Case TBL_CABINET.DisplayRecFlag When ''1'' Then Year(TBL_CABINET.DisplayEndDate)||1 Else TBL_CABINET.ExTransYear End','TransYear','Default','기록물 이관연기 목록',null,'TransYear','移管年度','移民一年',0);
INSERT INTO TBL_LISTINFO (LISTTYPE,SN,NAME,WIDTH,TABLENAME,COLNAME,COLALIAS,DTYPE,TYPEDESC,FIELDDESC,NAME2,NAME3,NAME4,TENANT_ID) values ('007',6,'연기사유',250,'TBL_CABINETCLASS','Case TBL_CABINET.DisplayRecFlag When ''1'' Then TBL_CABINET.DisplayReason Else TBL_CABINET.TransDelayReason End','DisplayReason','Default','기록물 이관연기 목록',null,'DisplayReason','延期の理由','吸烟的原因',0);
INSERT INTO TBL_LISTINFO (LISTTYPE,SN,NAME,WIDTH,TABLENAME,COLNAME,COLALIAS,DTYPE,TYPEDESC,FIELDDESC,NAME2,NAME3,NAME4,TENANT_ID) values ('008',1,'일련번호',55,null,null,'dtSerialNum','dtSerialNum','기록물철 이관연기 목록',null,'SerialNum','シリアル番号','序列号',0);
INSERT INTO TBL_LISTINFO (LISTTYPE,SN,NAME,WIDTH,TABLENAME,COLNAME,COLALIAS,DTYPE,TYPEDESC,FIELDDESC,NAME2,NAME3,NAME4,TENANT_ID) values ('008',2,'분류번호',180,null,'CONCAT(CONCAT(CONCAT(CONCAT(CONCAT(CONCAT(CONCAT(CONCAT(CONCAT(TRIM(ProcessDeptCode),''-''),TaskCode),''-''),ProductionYear),''-''),TRIM(LEADING''0'' FROM RegSerialNo)),''(''),TRIM(LEADING''0'' FROM VolumeNo)),'')'')','DispClassNo','Default','기록물철 이관연기 목록',null,'DispClassNo','分類番号','分类编号',0);
INSERT INTO TBL_LISTINFO (LISTTYPE,SN,NAME,WIDTH,TABLENAME,COLNAME,COLALIAS,DTYPE,TYPEDESC,FIELDDESC,NAME2,NAME3,NAME4,TENANT_ID) values ('008',3,'제목',200,'TBL_CABINETCLASS','TBL_CABINETCLASS.Title','Title','Default','기록물철 이관연기 목록',null,'Title','見出し','标题',0);
INSERT INTO TBL_LISTINFO (LISTTYPE,SN,NAME,WIDTH,TABLENAME,COLNAME,COLALIAS,DTYPE,TYPEDESC,FIELDDESC,NAME2,NAME3,NAME4,TENANT_ID) values ('008',4,'생산연도',60,'TBL_CABINETCLASS','TBL_CABINETCLASS.ProductionYear','ProductionYear','ProductionYear','기록물철 이관연기 목록',null,'RegisterYear','生産年度','生产年份',0);
INSERT INTO TBL_LISTINFO (LISTTYPE,SN,NAME,WIDTH,TABLENAME,COLNAME,COLALIAS,DTYPE,TYPEDESC,FIELDDESC,NAME2,NAME3,NAME4,TENANT_ID) values ('008',5,'이관연도',60,'TBL_CABINETCLASS','Case DisplayRecFlag When ''1'' Then Year(TBL_CABINETCLASS.DisplayEndDate)||1 Else TBL_CABINETCLASS.ExTransYear End','TransYear','Default','기록물철 이관연기 목록',null,'TransYear','移管年度','移民一年',0);
INSERT INTO TBL_LISTINFO (LISTTYPE,SN,NAME,WIDTH,TABLENAME,COLNAME,COLALIAS,DTYPE,TYPEDESC,FIELDDESC,NAME2,NAME3,NAME4,TENANT_ID) values ('008',6,'연기사유',235,'TBL_CABINETCLASS','Case DisplayRecFlag When ''1'' Then TBL_CABINETCLASS.DisplayReason Else TBL_CABINETCLASS.TransDelayReason End','DisplayReason','Default','기록물철 이관연기 목록',null,'DisplayReason','延期の理由','吸烟的原因',0);
INSERT INTO TBL_LISTINFO (LISTTYPE,SN,NAME,WIDTH,TABLENAME,COLNAME,COLALIAS,DTYPE,TYPEDESC,FIELDDESC,NAME2,NAME3,NAME4,TENANT_ID) values ('009',1,'순번',40,null,null,'dtSerialNum','dtSerialNum','정리대상기록물철',null,'No.','順番','序号',0);
INSERT INTO TBL_LISTINFO (LISTTYPE,SN,NAME,WIDTH,TABLENAME,COLNAME,COLALIAS,DTYPE,TYPEDESC,FIELDDESC,NAME2,NAME3,NAME4,TENANT_ID) values ('009',2,'분류번호',180,null,'CONCAT(CONCAT(CONCAT(CONCAT(CONCAT(CONCAT(CONCAT(CONCAT(CONCAT(TRIM(ProcessDeptCode),''-''),TaskCode),''-''),ProductionYear),''-''),TRIM(LEADING''0'' FROM RegSerialNo)),''(''),TRIM(LEADING''0'' FROM VolumeNo)),'')'')','DispClassNo','Default','정리대상기록물철','기록물철 분류번호','DispClassNo','分類番号','分类编号',0);
INSERT INTO TBL_LISTINFO (LISTTYPE,SN,NAME,WIDTH,TABLENAME,COLNAME,COLALIAS,DTYPE,TYPEDESC,FIELDDESC,NAME2,NAME3,NAME4,TENANT_ID) values ('009',3,'제목',200,'TBL_CABINETCLASS','TBL_CABINETCLASS.Title','Title','Default','정리대상기록물철','제목','Title','見出し','标题',0);
INSERT INTO TBL_LISTINFO (LISTTYPE,SN,NAME,WIDTH,TABLENAME,COLNAME,COLALIAS,DTYPE,TYPEDESC,FIELDDESC,NAME2,NAME3,NAME4,TENANT_ID) values ('009',4,'기록물형태',85,'TBL_CABINETCLASS','TBL_CABINETCLASS.RecTypeCode','RecTypeCode','dtRecTypeCode','정리대상기록물철',null,'RecTypeCode','記録物の類型','纪录片的形式',0);
INSERT INTO TBL_LISTINFO (LISTTYPE,SN,NAME,WIDTH,TABLENAME,COLNAME,COLALIAS,DTYPE,TYPEDESC,FIELDDESC,NAME2,NAME3,NAME4,TENANT_ID) values ('009',5,'종료연도',55,'TBL_CABINETCLASS','TBL_CABINETCLASS.ExpirationYear','EndYear','Default','정리대상기록물철',null,'EndYear','終了年度','年退出',0);
INSERT INTO TBL_LISTINFO (LISTTYPE,SN,NAME,WIDTH,TABLENAME,COLNAME,COLALIAS,DTYPE,TYPEDESC,FIELDDESC,NAME2,NAME3,NAME4,TENANT_ID) values ('009',6,'편철확인',55,'TBL_CABINETCLASS','TBL_CABINETCLASS.TerminateFlag','TerminateFlag','dtBool','정리대상기록물철',null,'TerminateFlag','編綴','编辑拼写',0);
INSERT INTO TBL_LISTINFO (LISTTYPE,SN,NAME,WIDTH,TABLENAME,COLNAME,COLALIAS,DTYPE,TYPEDESC,FIELDDESC,NAME2,NAME3,NAME4,TENANT_ID) values ('009',7,'비치',40,'TBL_CABINETCLASS','TBL_CABINETCLASS.DisplayRecFlag','DisplayRecFlag','dtBool','정리대상기록물철',null,'STOCKED','備付','備付',0);
INSERT INTO TBL_LISTINFO (LISTTYPE,SN,NAME,WIDTH,TABLENAME,COLNAME,COLALIAS,DTYPE,TYPEDESC,FIELDDESC,NAME2,NAME3,NAME4,TENANT_ID) values ('009',8,'보존기간',55,'TBL_CABINETCLASS','TBL_CABINETCLASS.KeepingPeriod','KeepingPeriod','dtKeepPeriod','정리대상기록물철',null,'KEEPING PERIOD','保存期間','年龄',0);
INSERT INTO TBL_LISTINFO (LISTTYPE,SN,NAME,WIDTH,TABLENAME,COLNAME,COLALIAS,DTYPE,TYPEDESC,FIELDDESC,NAME2,NAME3,NAME4,TENANT_ID) values ('009',9,'보존방법',160,'TBL_CABINETCLASS','TBL_CABINETCLASS.KeepingMethod','KeepingMethod','dtKeepMethod','정리대상기록물철',null,'CONSERVATION METHOD','保存方法','如何保存',0);
INSERT INTO TBL_LISTINFO (LISTTYPE,SN,NAME,WIDTH,TABLENAME,COLNAME,COLALIAS,DTYPE,TYPEDESC,FIELDDESC,NAME2,NAME3,NAME4,TENANT_ID) values ('009',10,'보존장소',80,'TBL_CABINETCLASS','TBL_CABINETCLASS.KeepingPlace','KeepingPlace','dtKeepPlace','정리대상기록물철',null,'보존장소E','保存場所','保护区',0);
INSERT INTO TBL_LISTINFO (LISTTYPE,SN,NAME,WIDTH,TABLENAME,COLNAME,COLALIAS,DTYPE,TYPEDESC,FIELDDESC,NAME2,NAME3,NAME4,TENANT_ID) values ('009',11,'등록일',70,'TBL_CABINET','TBL_CABINET.CreateDate','CreateDate','dtDate','정리대상기록물철',null,'RegisterDate','登録日','注册',0);
INSERT INTO TBL_LISTINFO (LISTTYPE,SN,NAME,WIDTH,TABLENAME,COLNAME,COLALIAS,DTYPE,TYPEDESC,FIELDDESC,NAME2,NAME3,NAME4,TENANT_ID) values ('010',1,'순번',40,null,null,'dtSerialNum','dtSerialNum','종료연기의뢰기록물철',null,'No.','順番','序号',0);
INSERT INTO TBL_LISTINFO (LISTTYPE,SN,NAME,WIDTH,TABLENAME,COLNAME,COLALIAS,DTYPE,TYPEDESC,FIELDDESC,NAME2,NAME3,NAME4,TENANT_ID) values ('010',2,'분류번호',180,null,'CONCAT(CONCAT(CONCAT(CONCAT(CONCAT(CONCAT(CONCAT(CONCAT(CONCAT(TRIM(ProcessDeptCode),''-''),TaskCode),''-''),ProductionYear),''-''),TRIM(LEADING''0'' FROM RegSerialNo)),''(''),TRIM(LEADING''0'' FROM VolumeNo)),'')'')','DispClassNo','Default','종료연기의뢰기록물철','기록물철 분류번호','DispClassNo','分類番号','分类编号',0);
INSERT INTO TBL_LISTINFO (LISTTYPE,SN,NAME,WIDTH,TABLENAME,COLNAME,COLALIAS,DTYPE,TYPEDESC,FIELDDESC,NAME2,NAME3,NAME4,TENANT_ID) values ('010',3,'제목',200,'TBL_CABINETCLASS','TBL_CABINETCLASS.Title','Title','Default','종료연기의뢰기록물철','제목','Title','見出し','标题',0);
INSERT INTO TBL_LISTINFO (LISTTYPE,SN,NAME,WIDTH,TABLENAME,COLNAME,COLALIAS,DTYPE,TYPEDESC,FIELDDESC,NAME2,NAME3,NAME4,TENANT_ID) values ('010',4,'기록물형태',85,'TBL_CABINETCLASS','TBL_CABINETCLASS.RecTypeCode','RecTypeCode','dtRecTypeCode','종료연기의뢰기록물철',null,'RecTypeCode','記録物の類型','纪录片的形式',0);
INSERT INTO TBL_LISTINFO (LISTTYPE,SN,NAME,WIDTH,TABLENAME,COLNAME,COLALIAS,DTYPE,TYPEDESC,FIELDDESC,NAME2,NAME3,NAME4,TENANT_ID) values ('010',5,'연기신청',55,'TBL_CABINETCLASS','TBL_CABINETCLASS.DelayEndYFlag','DelayEndYFlag','Default','종료연기의뢰기록물철',null,'DelayFlag','延期申請','延期请求',0);
INSERT INTO TBL_LISTINFO (LISTTYPE,SN,NAME,WIDTH,TABLENAME,COLNAME,COLALIAS,DTYPE,TYPEDESC,FIELDDESC,NAME2,NAME3,NAME4,TENANT_ID) values ('010',6,'비치',40,'TBL_CABINETCLASS','TBL_CABINETCLASS.DisplayRecFlag','DisplayRecFlag','dtBool','종료연기의뢰기록물철',null,'STOCKED','備付','備付',0);
INSERT INTO TBL_LISTINFO (LISTTYPE,SN,NAME,WIDTH,TABLENAME,COLNAME,COLALIAS,DTYPE,TYPEDESC,FIELDDESC,NAME2,NAME3,NAME4,TENANT_ID) values ('010',7,'보존기간',55,'TBL_CABINETCLASS','TBL_CABINETCLASS.KeepingPeriod','KeepingPeriod','dtKeepPeriod','종료연기의뢰기록물철',null,'KEEPING PERIOD','保存期間','年龄',0);
INSERT INTO TBL_LISTINFO (LISTTYPE,SN,NAME,WIDTH,TABLENAME,COLNAME,COLALIAS,DTYPE,TYPEDESC,FIELDDESC,NAME2,NAME3,NAME4,TENANT_ID) values ('010',8,'보존방법',160,'TBL_CABINETCLASS','TBL_CABINETCLASS.KeepingMethod','KeepingMethod','dtKeepMethod','종료연기의뢰기록물철',null,'CONSERVATION METHOD','保存方法','如何保存',0);
INSERT INTO TBL_LISTINFO (LISTTYPE,SN,NAME,WIDTH,TABLENAME,COLNAME,COLALIAS,DTYPE,TYPEDESC,FIELDDESC,NAME2,NAME3,NAME4,TENANT_ID) values ('010',9,'보존장소',80,'TBL_CABINETCLASS','TBL_CABINETCLASS.KeepingPlace','KeepingPlace','dtKeepPlace','종료연기의뢰기록물철',null,'보존장소E','保存場所','保护区',0);
INSERT INTO TBL_LISTINFO (LISTTYPE,SN,NAME,WIDTH,TABLENAME,COLNAME,COLALIAS,DTYPE,TYPEDESC,FIELDDESC,NAME2,NAME3,NAME4,TENANT_ID) values ('010',10,'등록일',70,'TBL_CABINET','TBL_CABINET.CreateDate','CreateDate','dtDate','종료연기의뢰기록물철',null,'RegisterDate','登録日','注册',0);
INSERT INTO TBL_LISTINFO (LISTTYPE,SN,NAME,WIDTH,TABLENAME,COLNAME,COLALIAS,DTYPE,TYPEDESC,FIELDDESC,NAME2,NAME3,NAME4,TENANT_ID) values ('P01',1,'순번',40,null,null,'dtSerialNum','dtSerialNum','기록물철 생상현황보고',null,'No.','順番','序号',0);
INSERT INTO TBL_LISTINFO (LISTTYPE,SN,NAME,WIDTH,TABLENAME,COLNAME,COLALIAS,DTYPE,TYPEDESC,FIELDDESC,NAME2,NAME3,NAME4,TENANT_ID) values ('P01',2,'분류번호',180,null,null,'dtCabClassNo','dtCabClassNo','기록물철 생상현황보고','기록물철 분류번호','DispClassNo','分類番号','分类编号',0);
INSERT INTO TBL_LISTINFO (LISTTYPE,SN,NAME,WIDTH,TABLENAME,COLNAME,COLALIAS,DTYPE,TYPEDESC,FIELDDESC,NAME2,NAME3,NAME4,TENANT_ID) values ('P01',3,'제목',200,'TBL_CABINETCLASS','TBL_CABINETCLASS.Title','Title','Default','기록물철 생상현황보고','제목','Title','見出し','标题',0);
INSERT INTO TBL_LISTINFO (LISTTYPE,SN,NAME,WIDTH,TABLENAME,COLNAME,COLALIAS,DTYPE,TYPEDESC,FIELDDESC,NAME2,NAME3,NAME4,TENANT_ID) values ('P01',4,'상태',80,null,null,'TransStatus','Default',null,null,'Status','進行状況','状态',0);
INSERT INTO TBL_LISTINFO (LISTTYPE,SN,NAME,WIDTH,TABLENAME,COLNAME,COLALIAS,DTYPE,TYPEDESC,FIELDDESC,NAME2,NAME3,NAME4,TENANT_ID) values ('P01',5,'기록물형태',85,'TBL_CABINETCLASS','TBL_CABINETCLASS.RecTypeCode','RecTypeCode','dtRecTypeCode','기록물철 생상현황보고',null,'RecTypeCode','記録物の類型','纪录片的形式',0);
INSERT INTO TBL_LISTINFO (LISTTYPE,SN,NAME,WIDTH,TABLENAME,COLNAME,COLALIAS,DTYPE,TYPEDESC,FIELDDESC,NAME2,NAME3,NAME4,TENANT_ID) values ('P01',6,'종료연도',55,'TBL_CABINETCLASS','TBL_CABINETCLASS.ExpirationYear','ExpirationYear','Default','기록물철 생상현황보고',null,'EndYear','終了年度','年退出',0);
INSERT INTO TBL_LISTINFO (LISTTYPE,SN,NAME,WIDTH,TABLENAME,COLNAME,COLALIAS,DTYPE,TYPEDESC,FIELDDESC,NAME2,NAME3,NAME4,TENANT_ID) values ('P01',7,'비치',40,'TBL_CABINETCLASS','TBL_CABINETCLASS.DisplayRecFlag','DisplayRecFlag','dtBool','기록물철 생상현황보고',null,'STOCKED','備付','備付',0);
INSERT INTO TBL_LISTINFO (LISTTYPE,SN,NAME,WIDTH,TABLENAME,COLNAME,COLALIAS,DTYPE,TYPEDESC,FIELDDESC,NAME2,NAME3,NAME4,TENANT_ID) values ('P01',8,'보존기간',55,'TBL_CABINETCLASS','TBL_CABINETCLASS.KeepingPeriod','KeepingPeriod','dtKeepPeriod','기록물철 생상현황보고',null,'KEEPING PERIOD','保存期間','年龄',0);
INSERT INTO TBL_LISTINFO (LISTTYPE,SN,NAME,WIDTH,TABLENAME,COLNAME,COLALIAS,DTYPE,TYPEDESC,FIELDDESC,NAME2,NAME3,NAME4,TENANT_ID) values ('P01',9,'보존방법',160,'TBL_CABINETCLASS','TBL_CABINETCLASS.KeepingMethod','KeepingMethod','dtKeepMethod','기록물철 생상현황보고',null,'CONSERVATION METHOD','保存方法','如何保存',0);
INSERT INTO TBL_LISTINFO (LISTTYPE,SN,NAME,WIDTH,TABLENAME,COLNAME,COLALIAS,DTYPE,TYPEDESC,FIELDDESC,NAME2,NAME3,NAME4,TENANT_ID) values ('P01',10,'보존장소',80,'TBL_CABINETCLASS','TBL_CABINETCLASS.KeepingPlace','KeepingPlace','dtKeepPlace','기록물철 생상현황보고',null,'보존장소E','保存場所','保护区',0);
INSERT INTO TBL_LISTINFO (LISTTYPE,SN,NAME,WIDTH,TABLENAME,COLNAME,COLALIAS,DTYPE,TYPEDESC,FIELDDESC,NAME2,NAME3,NAME4,TENANT_ID) values ('P01',11,'등록일',70,'TBL_CABINET','TBL_CABINET.CreateDate','CreateDate','dtDate','기록물철 생상현황보고',null,'RegisterDate','登録日','注册',0);
INSERT INTO TBL_LISTINFO (LISTTYPE,SN,NAME,WIDTH,TABLENAME,COLNAME,COLALIAS,DTYPE,TYPEDESC,FIELDDESC,NAME2,NAME3,NAME4,TENANT_ID) values ('P02',1,'순번',30,null,null,'dtSerialNum','dtSerialNum','기록물 생상현황보고',null,'No.','順番','序号',0);
INSERT INTO TBL_LISTINFO (LISTTYPE,SN,NAME,WIDTH,TABLENAME,COLNAME,COLALIAS,DTYPE,TYPEDESC,FIELDDESC,NAME2,NAME3,NAME4,TENANT_ID) values ('P02',2,'등록구분',120,'TBL_SEPERATEATTACH','TBL_SEPERATEATTACH.RegisterType','RegisterType','dtRegisterType','기록물 생상현황보고',null,'RegisterType','登録区分','招生区分',0);
INSERT INTO TBL_LISTINFO (LISTTYPE,SN,NAME,WIDTH,TABLENAME,COLNAME,COLALIAS,DTYPE,TYPEDESC,FIELDDESC,NAME2,NAME3,NAME4,TENANT_ID) values ('P02',3,'등록일',100,'TBL_RECORD','TBL_RECORD.RegisterDate','RegisterDate','RegisterDate','기록물 생상현황보고',null,'RegisterDate','登録日','注册',0);
INSERT INTO TBL_LISTINFO (LISTTYPE,SN,NAME,WIDTH,TABLENAME,COLNAME,COLALIAS,DTYPE,TYPEDESC,FIELDDESC,NAME2,NAME3,NAME4,TENANT_ID) values ('P02',4,'문서번호',100,null,null,'RegisterNo','RegisterNo','기록물 생상현황보고',null,'Doc. No.','登録番号','註冊號',0);
INSERT INTO TBL_LISTINFO (LISTTYPE,SN,NAME,WIDTH,TABLENAME,COLNAME,COLALIAS,DTYPE,TYPEDESC,FIELDDESC,NAME2,NAME3,NAME4,TENANT_ID) values ('P02',5,'첨부번호',55,'TBL_SEPERATEATTACH','TBL_SEPERATEATTACH.SeperateAttachNo','SeperateAttachNo','Default','기록물 생상현황보고',null,'SepAttachNo','添付番号','附件编号',0);
INSERT INTO TBL_LISTINFO (LISTTYPE,SN,NAME,WIDTH,TABLENAME,COLNAME,COLALIAS,DTYPE,TYPEDESC,FIELDDESC,NAME2,NAME3,NAME4,TENANT_ID) values ('P02',6,'제목',200,'TBL_SEPERATEATTACH','TBL_SEPERATEATTACH.Title','Title','Default','기록물 생상현황보고',null,'Title','見出し','标题',0);
INSERT INTO TBL_LISTINFO (LISTTYPE,SN,NAME,WIDTH,TABLENAME,COLNAME,COLALIAS,DTYPE,TYPEDESC,FIELDDESC,NAME2,NAME3,NAME4,TENANT_ID) values ('P02',7,'분류번호',180,null,'CONCAT(CONCAT(CONCAT(CONCAT(CONCAT(CONCAT(CONCAT(CONCAT(CONCAT(TRIM(TBL_CABINET.ProcessDeptCode),''-''),TBL_CABINET.TaskCode),''-''),ProductionYear),''-''),TRIM(LEADING''0'' FROM RegSerialNo)),''(''),TRIM(LEADING''0'' FROM VolumeNo)),'')'')','dtCabClassNo','dtCabClassNo','기록물 생상현황보고','기록물철 분류번호','DispClassNo','分類番号','分类编号',0);
INSERT INTO TBL_LISTINFO (LISTTYPE,SN,NAME,WIDTH,TABLENAME,COLNAME,COLALIAS,DTYPE,TYPEDESC,FIELDDESC,NAME2,NAME3,NAME4,TENANT_ID) values ('P02',8,'결재권자',80,'TBL_RECORD','TBL_RECORD.AprMemberTitle','AprMemberTitle','Default','기록물 생상현황보고',null,'Approval person','決裁権者','审批',0);
INSERT INTO TBL_LISTINFO (LISTTYPE,SN,NAME,WIDTH,TABLENAME,COLNAME,COLALIAS,DTYPE,TYPEDESC,FIELDDESC,NAME2,NAME3,NAME4,TENANT_ID) values ('P02',9,'기안자',80,'TBL_RECORD','TBL_RECORD.DrafterName','DrafterName','Default','기록물 생상현황보고',null,'Drafter','起案者','起草人',0);
INSERT INTO TBL_LISTINFO (LISTTYPE,SN,NAME,WIDTH,TABLENAME,COLNAME,COLALIAS,DTYPE,TYPEDESC,FIELDDESC,NAME2,NAME3,NAME4,TENANT_ID) values ('P02',10,'첨부',40,'TBL_RECORD','TBL_RECORD.AttachFlag','AttachFlag','dtBool','기록물 생상현황보고','첨부여부','AttachFlag','添付','附件',0);
INSERT INTO TBL_LISTINFO (LISTTYPE,SN,NAME,WIDTH,TABLENAME,COLNAME,COLALIAS,DTYPE,TYPEDESC,FIELDDESC,NAME2,NAME3,NAME4,TENANT_ID) values ('P03',1,'처리과코드',80,null,null,'ProcessDeptCode','Default','기록물철 등록부 변경이력','처리과기관코드','ProcessDeptCode','処理とコード','处理和代码',0);
INSERT INTO TBL_LISTINFO (LISTTYPE,SN,NAME,WIDTH,TABLENAME,COLNAME,COLALIAS,DTYPE,TYPEDESC,FIELDDESC,NAME2,NAME3,NAME4,TENANT_ID) values ('P03',2,'단위업무코드',80,null,null,'TaskCode','Default',null,null,'UNITWORKING CODE','単位業務コード','工作单位代码',0);
INSERT INTO TBL_LISTINFO (LISTTYPE,SN,NAME,WIDTH,TABLENAME,COLNAME,COLALIAS,DTYPE,TYPEDESC,FIELDDESC,NAME2,NAME3,NAME4,TENANT_ID) values ('P03',3,'생산년도',60,null,null,'ProductionYear','Default',null,null,'ProductionYear','生産年度','生产年份',0);
INSERT INTO TBL_LISTINFO (LISTTYPE,SN,NAME,WIDTH,TABLENAME,COLNAME,COLALIAS,DTYPE,TYPEDESC,FIELDDESC,NAME2,NAME3,NAME4,TENANT_ID) values ('P03',4,'등록일련번호',80,null,null,'RegSerialNo','Default',null,null,'RegSerialNo','登録のシリアル番号','注册序列号',0);
INSERT INTO TBL_LISTINFO (LISTTYPE,SN,NAME,WIDTH,TABLENAME,COLNAME,COLALIAS,DTYPE,TYPEDESC,FIELDDESC,NAME2,NAME3,NAME4,TENANT_ID) values ('P03',5,'권호수',60,null,null,'VolumeNo','Default',null,null,'VOL.','巻号数','卷湖',0);
INSERT INTO TBL_LISTINFO (LISTTYPE,SN,NAME,WIDTH,TABLENAME,COLNAME,COLALIAS,DTYPE,TYPEDESC,FIELDDESC,NAME2,NAME3,NAME4,TENANT_ID) values ('P03',6,'변경전 기록물철제목',200,null,null,'oTitle','Default',null,null,'BeforeTitle','変更前の見出し','前更改名称',0);
INSERT INTO TBL_LISTINFO (LISTTYPE,SN,NAME,WIDTH,TABLENAME,COLNAME,COLALIAS,DTYPE,TYPEDESC,FIELDDESC,NAME2,NAME3,NAME4,TENANT_ID) values ('P03',7,'변경후 기록물철제목',200,null,null,'nTitle','Default',null,null,'AfterTitle','変更後の見出し','变更后的标题',0);
INSERT INTO TBL_LISTINFO (LISTTYPE,SN,NAME,WIDTH,TABLENAME,COLNAME,COLALIAS,DTYPE,TYPEDESC,FIELDDESC,NAME2,NAME3,NAME4,TENANT_ID) values ('P03',8,'변경전 기록물형태',120,null,null,'oRecTypeCode','Default',null,null,'BeforeRecTypeCode','変更前の形式','表前的变化。',0);
INSERT INTO TBL_LISTINFO (LISTTYPE,SN,NAME,WIDTH,TABLENAME,COLNAME,COLALIAS,DTYPE,TYPEDESC,FIELDDESC,NAME2,NAME3,NAME4,TENANT_ID) values ('P03',9,'변경후 기록물형태',120,null,null,'nRecTypeCode','Default',null,null,'AfterRecTypeCode','変更後の形','表变更后',0);
INSERT INTO TBL_LISTINFO (LISTTYPE,SN,NAME,WIDTH,TABLENAME,COLNAME,COLALIAS,DTYPE,TYPEDESC,FIELDDESC,NAME2,NAME3,NAME4,TENANT_ID) values ('P03',10,'변경일자',120,null,null,'ModifyDate','Default',null,null,'Modified date','変更日時','变更日',0);
INSERT INTO TBL_LISTINFO (LISTTYPE,SN,NAME,WIDTH,TABLENAME,COLNAME,COLALIAS,DTYPE,TYPEDESC,FIELDDESC,NAME2,NAME3,NAME4,TENANT_ID) values ('P03',11,'변경사유',250,null,null,'ModifyReason','Default',null,null,'ModifyReason','変更の理由','更改原因',0);
INSERT INTO TBL_LISTINFO (LISTTYPE,SN,NAME,WIDTH,TABLENAME,COLNAME,COLALIAS,DTYPE,TYPEDESC,FIELDDESC,NAME2,NAME3,NAME4,TENANT_ID) values ('P03',12,'변경자',120,null,null,'ModifierName','Default','기록물등록대장 변경이력',null,'User','変更者','変更者',0);
INSERT INTO TBL_LISTINFO (LISTTYPE,SN,NAME,WIDTH,TABLENAME,COLNAME,COLALIAS,DTYPE,TYPEDESC,FIELDDESC,NAME2,NAME3,NAME4,TENANT_ID) values ('P04',1,'처리과코드',80,null,null,'ProcessDeptCode','Default',null,null,'ProcessDeptCode','処理とコード','处理和代码',0);
INSERT INTO TBL_LISTINFO (LISTTYPE,SN,NAME,WIDTH,TABLENAME,COLNAME,COLALIAS,DTYPE,TYPEDESC,FIELDDESC,NAME2,NAME3,NAME4,TENANT_ID) values ('P04',2,'생산년도',60,null,null,'RegisterYear','Default',null,null,'ProductionYear','生産年度','生产年份',0);
INSERT INTO TBL_LISTINFO (LISTTYPE,SN,NAME,WIDTH,TABLENAME,COLNAME,COLALIAS,DTYPE,TYPEDESC,FIELDDESC,NAME2,NAME3,NAME4,TENANT_ID) values ('P04',3,'문서번호',120,null,null,'RegisterNo','Default',null,null,'Doc. No.','登録番号','註冊號',0);
INSERT INTO TBL_LISTINFO (LISTTYPE,SN,NAME,WIDTH,TABLENAME,COLNAME,COLALIAS,DTYPE,TYPEDESC,FIELDDESC,NAME2,NAME3,NAME4,TENANT_ID) values ('P04',4,'분리번호',60,null,null,'SeperateAttachNo','Default',null,null,'SeperateAttachNo','分割番号','卸下数',0);
INSERT INTO TBL_LISTINFO (LISTTYPE,SN,NAME,WIDTH,TABLENAME,COLNAME,COLALIAS,DTYPE,TYPEDESC,FIELDDESC,NAME2,NAME3,NAME4,TENANT_ID) values ('P04',5,'변경전 등록일자',120,null,null,'oRegisterDate','Default',null,null,'BeforeDate','変更前の登録日','日期前更改。',0);
INSERT INTO TBL_LISTINFO (LISTTYPE,SN,NAME,WIDTH,TABLENAME,COLNAME,COLALIAS,DTYPE,TYPEDESC,FIELDDESC,NAME2,NAME3,NAME4,TENANT_ID) values ('P04',6,'변경후 등록일자',120,null,null,'nRegisterDate','Default',null,null,'AfterDate','変更後の登録日','日期的变更登记后。',0);
INSERT INTO TBL_LISTINFO (LISTTYPE,SN,NAME,WIDTH,TABLENAME,COLNAME,COLALIAS,DTYPE,TYPEDESC,FIELDDESC,NAME2,NAME3,NAME4,TENANT_ID) values ('P04',7,'변경전 제목',200,null,null,'oTitle','Default',null,null,'BeforeTitle','変更前の見出し','前更改名称',0);
INSERT INTO TBL_LISTINFO (LISTTYPE,SN,NAME,WIDTH,TABLENAME,COLNAME,COLALIAS,DTYPE,TYPEDESC,FIELDDESC,NAME2,NAME3,NAME4,TENANT_ID) values ('P04',8,'변경후 제목',200,null,null,'nTitle','Default',null,null,'AfterTitle','変更後の見出し','变更后的标题',0);
INSERT INTO TBL_LISTINFO (LISTTYPE,SN,NAME,WIDTH,TABLENAME,COLNAME,COLALIAS,DTYPE,TYPEDESC,FIELDDESC,NAME2,NAME3,NAME4,TENANT_ID) values ('P04',9,'변경전쪽수',70,null,null,'oNumOfPage','Default',null,null,'BeforePage','変更前の改','表前的网页。',0);
INSERT INTO TBL_LISTINFO (LISTTYPE,SN,NAME,WIDTH,TABLENAME,COLNAME,COLALIAS,DTYPE,TYPEDESC,FIELDDESC,NAME2,NAME3,NAME4,TENANT_ID) values ('P04',10,'변경후쪽수',70,null,null,'nNumOfPage','Default',null,null,'AfterPage','変更後の改','变更后网页',0);
INSERT INTO TBL_LISTINFO (LISTTYPE,SN,NAME,WIDTH,TABLENAME,COLNAME,COLALIAS,DTYPE,TYPEDESC,FIELDDESC,NAME2,NAME3,NAME4,TENANT_ID) values ('P04',11,'변경전 결재권자',120,null,null,'oAprMemTitle','Default',null,null,'BeforeApprover','変更前の決裁権者','审批前更改。',0);
INSERT INTO TBL_LISTINFO (LISTTYPE,SN,NAME,WIDTH,TABLENAME,COLNAME,COLALIAS,DTYPE,TYPEDESC,FIELDDESC,NAME2,NAME3,NAME4,TENANT_ID) values ('P04',12,'변경후 결재권자',120,null,null,'nAprMemTitle','Default',null,null,'AfterApprover','変更後決裁権者','审批后的变化',0);
INSERT INTO TBL_LISTINFO (LISTTYPE,SN,NAME,WIDTH,TABLENAME,COLNAME,COLALIAS,DTYPE,TYPEDESC,FIELDDESC,NAME2,NAME3,NAME4,TENANT_ID) values ('P04',13,'변경전 기안자',120,null,null,'oDrafter','Default',null,null,'BeforeDrafter','変更前の首謀者','策划前的变化。',0);
INSERT INTO TBL_LISTINFO (LISTTYPE,SN,NAME,WIDTH,TABLENAME,COLNAME,COLALIAS,DTYPE,TYPEDESC,FIELDDESC,NAME2,NAME3,NAME4,TENANT_ID) values ('P04',14,'변경후 기안자',120,null,null,'nDrafter','Default',null,null,'AfterDrafter','変更後首謀者','策划变更后',0);
INSERT INTO TBL_LISTINFO (LISTTYPE,SN,NAME,WIDTH,TABLENAME,COLNAME,COLALIAS,DTYPE,TYPEDESC,FIELDDESC,NAME2,NAME3,NAME4,TENANT_ID) values ('P04',15,'변경전 시행일자',100,null,null,'oExecuteDate','Default',null,null,'BeforeExecuteDate','変更前の施行日','生效日期前更改。',0);
INSERT INTO TBL_LISTINFO (LISTTYPE,SN,NAME,WIDTH,TABLENAME,COLNAME,COLALIAS,DTYPE,TYPEDESC,FIELDDESC,NAME2,NAME3,NAME4,TENANT_ID) values ('P04',16,'변경후 시행일자',100,null,null,'nExecuteDate','Default',null,null,'AfterExecuteDate','変更後の施行日','变更后的生效日期',0);
INSERT INTO TBL_LISTINFO (LISTTYPE,SN,NAME,WIDTH,TABLENAME,COLNAME,COLALIAS,DTYPE,TYPEDESC,FIELDDESC,NAME2,NAME3,NAME4,TENANT_ID) values ('P04',17,'변경전 수신자',120,null,null,'oRMemName','Default',null,null,'BeforeRecevName','変更前の受信者','接收机前更改。',0);
INSERT INTO TBL_LISTINFO (LISTTYPE,SN,NAME,WIDTH,TABLENAME,COLNAME,COLALIAS,DTYPE,TYPEDESC,FIELDDESC,NAME2,NAME3,NAME4,TENANT_ID) values ('P04',18,'변경후 수신자',120,null,null,'nRMemName','Default',null,null,'AfterRecevName','変更後の受信者','收件人变更后',0);
INSERT INTO TBL_LISTINFO (LISTTYPE,SN,NAME,WIDTH,TABLENAME,COLNAME,COLALIAS,DTYPE,TYPEDESC,FIELDDESC,NAME2,NAME3,NAME4,TENANT_ID) values ('P04',19,'변경일자',100,null,null,'ModifyDate','Default',null,null,'Modified date','変更日時','变更日',0);
INSERT INTO TBL_LISTINFO (LISTTYPE,SN,NAME,WIDTH,TABLENAME,COLNAME,COLALIAS,DTYPE,TYPEDESC,FIELDDESC,NAME2,NAME3,NAME4,TENANT_ID) values ('P04',20,'변경사유',200,null,null,'ModifyReason','Default',null,null,'ModifyReason','変更の理由','更改原因',0);
INSERT INTO TBL_LISTINFO (LISTTYPE,SN,NAME,WIDTH,TABLENAME,COLNAME,COLALIAS,DTYPE,TYPEDESC,FIELDDESC,NAME2,NAME3,NAME4,TENANT_ID) values ('P04',21,'변경자',120,null,null,'ModifierName','Default',null,null,'User','変更者','変更者',0);
INSERT INTO TBL_LISTINFO (LISTTYPE,SN,NAME,WIDTH,TABLENAME,COLNAME,COLALIAS,DTYPE,TYPEDESC,FIELDDESC,NAME2,NAME3,NAME4,TENANT_ID) values ('P05',1,'특수목록위치',100,null,null,'SCLocation','Default',null,null,'특수목록위치E','특수목록위치J','특수목록위치C',0);
INSERT INTO TBL_LISTINFO (LISTTYPE,SN,NAME,WIDTH,TABLENAME,COLNAME,COLALIAS,DTYPE,TYPEDESC,FIELDDESC,NAME2,NAME3,NAME4,TENANT_ID) values ('P05',2,'기록물철분류번호',150,null,null,'ClassifyNo_Cab','Default',null,null,'ClassifyNo_Cab','ドキュメンタリー鉄の分類番号','铁的记录数分类',0);
INSERT INTO TBL_LISTINFO (LISTTYPE,SN,NAME,WIDTH,TABLENAME,COLNAME,COLALIAS,DTYPE,TYPEDESC,FIELDDESC,NAME2,NAME3,NAME4,TENANT_ID) values ('P05',3,'기록물등록번호',150,null,null,'ClassifyNo_Rec','Default',null,null,'ClassifyNo_Rec','ドキュメンタリーの登録番号','记录登记号码',0);
INSERT INTO TBL_LISTINFO (LISTTYPE,SN,NAME,WIDTH,TABLENAME,COLNAME,COLALIAS,DTYPE,TYPEDESC,FIELDDESC,NAME2,NAME3,NAME4,TENANT_ID) values ('P05',4,'일련번호',80,null,null,'SerialNo','Default',null,null,'SerialNum','シリアル番号','序列号',0);
INSERT INTO TBL_LISTINFO (LISTTYPE,SN,NAME,WIDTH,TABLENAME,COLNAME,COLALIAS,DTYPE,TYPEDESC,FIELDDESC,NAME2,NAME3,NAME4,TENANT_ID) values ('P05',5,'특수목록#1',150,null,null,'SC1','Default',null,null,'Special List # 1','特殊なリスト＃1','特别名单＃1',0);
INSERT INTO TBL_LISTINFO (LISTTYPE,SN,NAME,WIDTH,TABLENAME,COLNAME,COLALIAS,DTYPE,TYPEDESC,FIELDDESC,NAME2,NAME3,NAME4,TENANT_ID) values ('P05',6,'특수목록#2',150,null,null,'SC2','Default',null,null,'Special List # 2','特殊なリスト＃2','特别名单＃2',0);
INSERT INTO TBL_LISTINFO (LISTTYPE,SN,NAME,WIDTH,TABLENAME,COLNAME,COLALIAS,DTYPE,TYPEDESC,FIELDDESC,NAME2,NAME3,NAME4,TENANT_ID) values ('P05',7,'특수목록#3',150,null,null,'SC3','Default',null,null,'Special List # 3','特殊なリスト＃3','特别名单＃3',0);
INSERT INTO TBL_LISTINFO (LISTTYPE,SN,NAME,WIDTH,TABLENAME,COLNAME,COLALIAS,DTYPE,TYPEDESC,FIELDDESC,NAME2,NAME3,NAME4,TENANT_ID) values ('P06',1,'처리과기관코드',120,null,null,'ProcessDeptCode','Default',null,null,'ProcessDeptCode','処理の機関コード','处理和机构法规',0);
INSERT INTO TBL_LISTINFO (LISTTYPE,SN,NAME,WIDTH,TABLENAME,COLNAME,COLALIAS,DTYPE,TYPEDESC,FIELDDESC,NAME2,NAME3,NAME4,TENANT_ID) values ('P06',2,'생산년도',80,null,null,'RegisterYear','Default',null,null,'ProductionYear','生産年度','生产年份',0);
INSERT INTO TBL_LISTINFO (LISTTYPE,SN,NAME,WIDTH,TABLENAME,COLNAME,COLALIAS,DTYPE,TYPEDESC,FIELDDESC,NAME2,NAME3,NAME4,TENANT_ID) values ('P06',3,'문서번호',150,null,null,'RegisterNo','Default',null,null,'Doc. No.','登録番号','註冊號',0);
INSERT INTO TBL_LISTINFO (LISTTYPE,SN,NAME,WIDTH,TABLENAME,COLNAME,COLALIAS,DTYPE,TYPEDESC,FIELDDESC,NAME2,NAME3,NAME4,TENANT_ID) values ('P06',4,'첨부일련번호',100,null,null,'AttFileSN','Default',null,null,'AttFileSN','添付のシリアル番号','附加的序列号',0);
INSERT INTO TBL_LISTINFO (LISTTYPE,SN,NAME,WIDTH,TABLENAME,COLNAME,COLALIAS,DTYPE,TYPEDESC,FIELDDESC,NAME2,NAME3,NAME4,TENANT_ID) values ('P06',5,'쪽수',80,null,null,'NumOfPage','Default',null,null,'PageNum','ページ数','頁數',0);
INSERT INTO TBL_LISTINFO (LISTTYPE,SN,NAME,WIDTH,TABLENAME,COLNAME,COLALIAS,DTYPE,TYPEDESC,FIELDDESC,NAME2,NAME3,NAME4,TENANT_ID) values ('P07',1,'기관코드',120,null,null,'OrganCode','dtOrganCode',null,null,'OrganCode','機関コード','机构代码',0);
INSERT INTO TBL_LISTINFO (LISTTYPE,SN,NAME,WIDTH,TABLENAME,COLNAME,COLALIAS,DTYPE,TYPEDESC,FIELDDESC,NAME2,NAME3,NAME4,TENANT_ID) values ('P07',2,'접수년도',80,null,null,'ReceiptY','Default',null,null,'ReceiptYear','受付年','新年招待会',0);
INSERT INTO TBL_LISTINFO (LISTTYPE,SN,NAME,WIDTH,TABLENAME,COLNAME,COLALIAS,DTYPE,TYPEDESC,FIELDDESC,NAME2,NAME3,NAME4,TENANT_ID) values ('P07',3,'배부일련번호',80,null,null,'SN','Default',null,null,'AllocationSN','分配のシリアル番号','序列号的分配',0);
INSERT INTO TBL_LISTINFO (LISTTYPE,SN,NAME,WIDTH,TABLENAME,COLNAME,COLALIAS,DTYPE,TYPEDESC,FIELDDESC,NAME2,NAME3,NAME4,TENANT_ID) values ('P07',4,'접수일자',120,null,null,'ReceiptD','Default',null,null,'ReceptionDate','受付日','日期的收据',0);
INSERT INTO TBL_LISTINFO (LISTTYPE,SN,NAME,WIDTH,TABLENAME,COLNAME,COLALIAS,DTYPE,TYPEDESC,FIELDDESC,NAME2,NAME3,NAME4,TENANT_ID) values ('P07',5,'생산기관등록번호',150,null,null,'OrgDocNumCode','Default',null,null,'OrgDocNumCode','生産機関登録番号','生产管理局注册号',0);
INSERT INTO TBL_LISTINFO (LISTTYPE,SN,NAME,WIDTH,TABLENAME,COLNAME,COLALIAS,DTYPE,TYPEDESC,FIELDDESC,NAME2,NAME3,NAME4,TENANT_ID) values ('P07',6,'제목',200,null,null,'DocTitle','Default',null,null,'Title','見出し','标题',0);
INSERT INTO TBL_LISTINFO (LISTTYPE,SN,NAME,WIDTH,TABLENAME,COLNAME,COLALIAS,DTYPE,TYPEDESC,FIELDDESC,NAME2,NAME3,NAME4,TENANT_ID) values ('P07',7,'받은 처리과코드',120,null,null,'ManageDeptID','Default',null,null,'ManageDeptID','された処理とコード','接受治疗和代码',0);
INSERT INTO TBL_LISTINFO (LISTTYPE,SN,NAME,WIDTH,TABLENAME,COLNAME,COLALIAS,DTYPE,TYPEDESC,FIELDDESC,NAME2,NAME3,NAME4,TENANT_ID) values ('P07',8,'받은 처리과명',150,null,null,'ManageDept','Default',null,null,'ManageDept','された処理科名','而接受治疗名',0);
INSERT INTO TBL_LISTINFO (LISTTYPE,SN,NAME,WIDTH,TABLENAME,COLNAME,COLALIAS,DTYPE,TYPEDESC,FIELDDESC,NAME2,NAME3,NAME4,TENANT_ID) values ('P07',9,'배부일자',120,null,null,'DeliveryD','Default',null,null,'ReceiptDate','配付日時','分派日期',0);
INSERT INTO TBL_LISTINFO (LISTTYPE,SN,NAME,WIDTH,TABLENAME,COLNAME,COLALIAS,DTYPE,TYPEDESC,FIELDDESC,NAME2,NAME3,NAME4,TENANT_ID) values ('P07',10,'인수자',120,null,null,'ChargeName','Default',null,null,'Charge Name','引受者','引受者',0);
INSERT INTO TBL_LISTINFO (LISTTYPE,SN,NAME,WIDTH,TABLENAME,COLNAME,COLALIAS,DTYPE,TYPEDESC,FIELDDESC,NAME2,NAME3,NAME4,TENANT_ID) values ('001',1,'순번',40,null,null,'dtSerialNum','dtSerialNum','기록물 대장',null,'No.','順番','序号',0);
INSERT INTO TBL_LISTINFO (LISTTYPE,SN,NAME,WIDTH,TABLENAME,COLNAME,COLALIAS,DTYPE,TYPEDESC,FIELDDESC,NAME2,NAME3,NAME4,TENANT_ID) values ('001',2,'등록구분',120,'TBL_SEPERATEATTACH','TBL_SEPERATEATTACH.RegisterType','RegisterType','dtRegisterType','기록물 대장',null,'RegisterType','登録区分','招生区分',0);
INSERT INTO TBL_LISTINFO (LISTTYPE,SN,NAME,WIDTH,TABLENAME,COLNAME,COLALIAS,DTYPE,TYPEDESC,FIELDDESC,NAME2,NAME3,NAME4,TENANT_ID) values ('001',3,'등록일',100,'TBL_RECORD','TBL_RECORD.RegisterDate','RegisterDate','dtDateTime','기록물 대장',null,'RegisterDate','登録日','注册',0);
INSERT INTO TBL_LISTINFO (LISTTYPE,SN,NAME,WIDTH,TABLENAME,COLNAME,COLALIAS,DTYPE,TYPEDESC,FIELDDESC,NAME2,NAME3,NAME4,TENANT_ID) values ('001',4,'문서번호',80,null,'CONCAT(CONCAT(TBL_RECORD.ProcessDeptName, ''-''), TRIM(LEADING''0'' FROM TBL_RECORD.RegisterNo))','DispRegisterNo','Default','기록물 대장',null,'Doc. No.','登録番号','註冊號',0);
INSERT INTO TBL_LISTINFO (LISTTYPE,SN,NAME,WIDTH,TABLENAME,COLNAME,COLALIAS,DTYPE,TYPEDESC,FIELDDESC,NAME2,NAME3,NAME4,TENANT_ID) values ('001',5,'첨부번호',55,'TBL_SEPERATEATTACH','TBL_SEPERATEATTACH.SeperateAttachNo','SeperateAttachNo','Default','기록물 대장',null,'SepAttachNo','添付番号','附件编号',0);
INSERT INTO TBL_LISTINFO (LISTTYPE,SN,NAME,WIDTH,TABLENAME,COLNAME,COLALIAS,DTYPE,TYPEDESC,FIELDDESC,NAME2,NAME3,NAME4,TENANT_ID) values ('001',6,'제목',200,'TBL_SEPERATEATTACH','TBL_SEPERATEATTACH.Title','RecTitle','Default','기록물 대장',null,'Title','見出し','标题',0);
INSERT INTO TBL_LISTINFO (LISTTYPE,SN,NAME,WIDTH,TABLENAME,COLNAME,COLALIAS,DTYPE,TYPEDESC,FIELDDESC,NAME2,NAME3,NAME4,TENANT_ID) values ('001',7,'분류번호',180,null,'CONCAT(CONCAT(CONCAT(CONCAT(CONCAT(CONCAT(CONCAT(CONCAT(CONCAT(TRIM(TBL_CABINET.ProcessDeptCode),''-''),TBL_CABINET.TaskCode),''-''),ProductionYear),''-''),TRIM(LEADING''0'' FROM RegSerialNo)),''(''),TRIM(LEADING''0'' FROM VolumeNo)),'')'')','DispClassNo','Default','기록물 대장','기록물철 분류번호','DispClassNo','分類番号','分类编号',0);
INSERT INTO TBL_LISTINFO (LISTTYPE,SN,NAME,WIDTH,TABLENAME,COLNAME,COLALIAS,DTYPE,TYPEDESC,FIELDDESC,NAME2,NAME3,NAME4,TENANT_ID) values ('001',8,'결재권자',80,'TBL_RECORD','TBL_RECORD.AprMemberTitle','AprMemberTitle','Default','기록물 대장',null,'Approval person','決裁権者','审批',0);
INSERT INTO TBL_LISTINFO (LISTTYPE,SN,NAME,WIDTH,TABLENAME,COLNAME,COLALIAS,DTYPE,TYPEDESC,FIELDDESC,NAME2,NAME3,NAME4,TENANT_ID) values ('001',9,'기안자',80,'TBL_RECORD','TBL_RECORD.DrafterName','DrafterName','Default','기록물 대장',null,'Drafter','起案者','起草人',0);
INSERT INTO TBL_LISTINFO (LISTTYPE,SN,NAME,WIDTH,TABLENAME,COLNAME,COLALIAS,DTYPE,TYPEDESC,FIELDDESC,NAME2,NAME3,NAME4,TENANT_ID) values ('001',10,'수신자(발신자)',90,'TBL_RECORD','TBL_RECORD.ReceiptMemberName','ReceiptName','Default','기록물 대장',null,'Recipient(Sender)','受信者（起案者）','受信者(送信者)',0);
INSERT INTO TBL_LISTINFO (LISTTYPE,SN,NAME,WIDTH,TABLENAME,COLNAME,COLALIAS,DTYPE,TYPEDESC,FIELDDESC,NAME2,NAME3,NAME4,TENANT_ID) values ('001',11,'첨부',40,'TBL_RECORD','TBL_RECORD.AttachFlag','AttachFlag','dtBool','기록물 대장','첨부여부','AttachFlag','添付','附件',0);
INSERT INTO TBL_LISTINFO (LISTTYPE,SN,NAME,WIDTH,TABLENAME,COLNAME,COLALIAS,DTYPE,TYPEDESC,FIELDDESC,NAME2,NAME3,NAME4,TENANT_ID) values ('001',12,'반려',40,'TBL_RECORD','TBL_RECORD.RejectFlag','RejectFlag','dtBool','기록물 대장','반려여부','RejectFlag','返送','伴侣区分',0);
INSERT INTO TBL_LISTINFO (LISTTYPE,SN,NAME,WIDTH,TABLENAME,COLNAME,COLALIAS,DTYPE,TYPEDESC,FIELDDESC,NAME2,NAME3,NAME4,TENANT_ID) values ('001',13,'수신',40,'TBL_RECORD','CASE WHEN TBL_ENDAPRDOCINFO.DocType = ''003'' AND TBL_SEPERATEATTACH.RegisterType = ''1'' THEN ''발송'' ELSE ''없음'' END','ReSendFlag','Default','기록물 대장','수신문 발송여부','ReSendFlag','受信','接待区分',0);
INSERT INTO TBL_LISTINFO (LISTTYPE,SN,NAME,WIDTH,TABLENAME,COLNAME,COLALIAS,DTYPE,TYPEDESC,FIELDDESC,NAME2,NAME3,NAME4,TENANT_ID) values ('002',1,'순번',40,null,null,'dtSerialNum','dtSerialNum','기록물철 대장',null,'No.','順番','序号',0);
INSERT INTO TBL_LISTINFO (LISTTYPE,SN,NAME,WIDTH,TABLENAME,COLNAME,COLALIAS,DTYPE,TYPEDESC,FIELDDESC,NAME2,NAME3,NAME4,TENANT_ID) values ('002',2,'분류번호',180,null,'CONCAT(CONCAT(CONCAT(CONCAT(CONCAT(CONCAT(CONCAT(CONCAT(CONCAT(TRIM(ProcessDeptCode),''-''),TaskCode),''-''),ProductionYear),''-''),TRIM(LEADING''0'' FROM RegSerialNo)),''(''),TRIM(LEADING''0'' FROM VolumeNo)),'')'')','DispClassNo','Default','기록물철 대장','기록물철 분류번호','DispClassNo','分類番号','分类编号',0);
INSERT INTO TBL_LISTINFO (LISTTYPE,SN,NAME,WIDTH,TABLENAME,COLNAME,COLALIAS,DTYPE,TYPEDESC,FIELDDESC,NAME2,NAME3,NAME4,TENANT_ID) values ('002',3,'제목',200,'TBL_CABINETCLASS','TBL_CABINETCLASS.Title','Title','Default','기록물철 대장','제목','Title','見出し','标题',0);
INSERT INTO TBL_LISTINFO (LISTTYPE,SN,NAME,WIDTH,TABLENAME,COLNAME,COLALIAS,DTYPE,TYPEDESC,FIELDDESC,NAME2,NAME3,NAME4,TENANT_ID) values ('002',4,'기록물형태',85,'TBL_CABINETCLASS','TBL_CABINETCLASS.RecTypeCode','RecTypeCode','dtRecTypeCode','기록물철 대장',null,'RecTypeCode','記録物の類型','纪录片的形式',0);
INSERT INTO TBL_LISTINFO (LISTTYPE,SN,NAME,WIDTH,TABLENAME,COLNAME,COLALIAS,DTYPE,TYPEDESC,FIELDDESC,NAME2,NAME3,NAME4,TENANT_ID) values ('002',5,'종료연도',55,'TBL_CABINETCLASS','TBL_CABINETCLASS.ExpirationYear','EndYear','Default','기록물철 대장',null,'EndYear','終了年度','年退出',0);
INSERT INTO TBL_LISTINFO (LISTTYPE,SN,NAME,WIDTH,TABLENAME,COLNAME,COLALIAS,DTYPE,TYPEDESC,FIELDDESC,NAME2,NAME3,NAME4,TENANT_ID) values ('002',6,'비치',40,'TBL_CABINETCLASS','TBL_CABINETCLASS.DisplayRecFlag','DisplayRecFlag','dtBool','기록물철 대장',null,'STOCKED','備付','備付',0);
INSERT INTO TBL_LISTINFO (LISTTYPE,SN,NAME,WIDTH,TABLENAME,COLNAME,COLALIAS,DTYPE,TYPEDESC,FIELDDESC,NAME2,NAME3,NAME4,TENANT_ID) values ('002',7,'보존기간',55,'TBL_CABINETCLASS','TBL_CABINETCLASS.KeepingPeriod','KeepingPeriod','dtKeepPeriod','기록물철 대장',null,'KEEPING PERIOD','保存期間','年龄',0);
INSERT INTO TBL_LISTINFO (LISTTYPE,SN,NAME,WIDTH,TABLENAME,COLNAME,COLALIAS,DTYPE,TYPEDESC,FIELDDESC,NAME2,NAME3,NAME4,TENANT_ID) values ('002',8,'보존방법',160,'TBL_CABINETCLASS','TBL_CABINETCLASS.KeepingMethod','KeepingMethod','dtKeepMethod','기록물철 대장',null,'CONSERVATION METHOD','保存方法','如何保存',0);
INSERT INTO TBL_LISTINFO (LISTTYPE,SN,NAME,WIDTH,TABLENAME,COLNAME,COLALIAS,DTYPE,TYPEDESC,FIELDDESC,NAME2,NAME3,NAME4,TENANT_ID) values ('002',9,'보존장소',80,'TBL_CABINETCLASS','TBL_CABINETCLASS.KeepingPlace','KeepingPlace','dtKeepPlace','기록물철 대장',null,'보존장소E','保存場所','保护区',0);
INSERT INTO TBL_LISTINFO (LISTTYPE,SN,NAME,WIDTH,TABLENAME,COLNAME,COLALIAS,DTYPE,TYPEDESC,FIELDDESC,NAME2,NAME3,NAME4,TENANT_ID) values ('002',10,'등록일',70,'TBL_CABINET','TBL_CABINET.CreateDate','CreateDate','dtDate','기록물철 대장',null,'RegisterDate','登録日','注册',0);
-- INSERT INTO TBL_LISTINFO (LISTTYPE,SN,NAME,WIDTH,TABLENAME,COLNAME,COLALIAS,DTYPE,TYPEDESC,FIELDDESC,NAME2,NAME3,NAME4,TENANT_ID) values ('002',11,'이관여부',60,null,'fGetCabTransStatus(TBL_CABINET.TransferFlag, 1) ','TransferFlag','Default','기록물철 대장','이관여부','TransferFlag','移管有無','无论是转移',0);
INSERT INTO TBL_LISTINFO (LISTTYPE,SN,NAME,WIDTH,TABLENAME,COLNAME,COLALIAS,DTYPE,TYPEDESC,FIELDDESC,NAME2,NAME3,NAME4,TENANT_ID) values ('002',11,'이관여부',60,null,'미전송','TransferFlag','Default','기록물철 대장','이관여부','TransferFlag','移管有無','无论是转移',0);
INSERT INTO TBL_LISTINFO (LISTTYPE,SN,NAME,WIDTH,TABLENAME,COLNAME,COLALIAS,DTYPE,TYPEDESC,FIELDDESC,NAME2,NAME3,NAME4,TENANT_ID) values ('002',12,'연기신청',60,null,'Case TransDelayFlag When ''1'' Then ''Y'' Else ''N'' End','DelayFlag','Default','기록물철 대장','이관연기여부','DelayFlag','延期申請','延期请求',0);
INSERT INTO TBL_LISTINFO (LISTTYPE,SN,NAME,WIDTH,TABLENAME,COLNAME,COLALIAS,DTYPE,TYPEDESC,FIELDDESC,NAME2,NAME3,NAME4,TENANT_ID) values ('003',1,'순번',30,null,null,'dtSerialNum','dtSerialNum','기록물 생상현황보고',null,'No.','順番','序号',0);
INSERT INTO TBL_LISTINFO (LISTTYPE,SN,NAME,WIDTH,TABLENAME,COLNAME,COLALIAS,DTYPE,TYPEDESC,FIELDDESC,NAME2,NAME3,NAME4,TENANT_ID) values ('003',2,'등록구분',110,'TBL_SEPERATEATTACH','TBL_SEPERATEATTACH.RegisterType','RegisterType','dtRegisterType','기록물 생상현황보고',null,'RegisterType','登録区分','招生区分',0);
INSERT INTO TBL_LISTINFO (LISTTYPE,SN,NAME,WIDTH,TABLENAME,COLNAME,COLALIAS,DTYPE,TYPEDESC,FIELDDESC,NAME2,NAME3,NAME4,TENANT_ID) values ('003',3,'등록일',100,'TBL_RECORD','TBL_RECORD.RegisterDate','RegisterDate','dtDateTime','기록물 생상현황보고',null,'RegisterDate','登録日','注册',0);
INSERT INTO TBL_LISTINFO (LISTTYPE,SN,NAME,WIDTH,TABLENAME,COLNAME,COLALIAS,DTYPE,TYPEDESC,FIELDDESC,NAME2,NAME3,NAME4,TENANT_ID) values ('003',4,'문서번호',80,null,'CONCAT(CONCAT(TBL_RECORD.ProcessDeptName, ''-''), TRIM(LEADING''0'' FROM TBL_RECORD.RegisterNo))','DispRegisterNo','Default','기록물 생상현황보고',null,'Doc. No.','登録番号','註冊號',0);
INSERT INTO TBL_LISTINFO (LISTTYPE,SN,NAME,WIDTH,TABLENAME,COLNAME,COLALIAS,DTYPE,TYPEDESC,FIELDDESC,NAME2,NAME3,NAME4,TENANT_ID) values ('003',5,'첨부번호',55,'TBL_SEPERATEATTACH','TBL_SEPERATEATTACH.SeperateAttachNo','SeperateAttachNo','Default','기록물 생상현황보고',null,'SepAttachNo','添付番号','附件编号',0);
INSERT INTO TBL_LISTINFO (LISTTYPE,SN,NAME,WIDTH,TABLENAME,COLNAME,COLALIAS,DTYPE,TYPEDESC,FIELDDESC,NAME2,NAME3,NAME4,TENANT_ID) values ('003',6,'제목',200,'TBL_SEPERATEATTACH','TBL_SEPERATEATTACH.Title','RecTitle','Default','기록물 생상현황보고',null,'Title','見出し','标题',0);
INSERT INTO TBL_LISTINFO (LISTTYPE,SN,NAME,WIDTH,TABLENAME,COLNAME,COLALIAS,DTYPE,TYPEDESC,FIELDDESC,NAME2,NAME3,NAME4,TENANT_ID) values ('003',7,'분류번호',180,null,'CONCAT(CONCAT(CONCAT(CONCAT(CONCAT(CONCAT(CONCAT(CONCAT(CONCAT(TRIM(TBL_CABINET.ProcessDeptCode),''-''),TBL_CABINET.TaskCode),''-''),ProductionYear),''-''),TRIM(LEADING''0'' FROM RegSerialNo)),''(''),TRIM(LEADING''0'' FROM VolumeNo)),'')'')','DispClassNo','Default','기록물 생상현황보고','기록물철 분류번호','DispClassNo','分類番号','分类编号',0);
INSERT INTO TBL_LISTINFO (LISTTYPE,SN,NAME,WIDTH,TABLENAME,COLNAME,COLALIAS,DTYPE,TYPEDESC,FIELDDESC,NAME2,NAME3,NAME4,TENANT_ID) values ('003',8,'결재권자',80,'TBL_RECORD','TBL_RECORD.AprMemberTitle','AprMemberTitle','Default','기록물 생상현황보고',null,'Approval person','決裁権者','审批',0);
INSERT INTO TBL_LISTINFO (LISTTYPE,SN,NAME,WIDTH,TABLENAME,COLNAME,COLALIAS,DTYPE,TYPEDESC,FIELDDESC,NAME2,NAME3,NAME4,TENANT_ID) values ('003',9,'기안자',80,'TBL_RECORD','TBL_RECORD.DrafterName','DrafterName','Default','기록물 생상현황보고',null,'Drafter','起案者','起草人',0);
INSERT INTO TBL_LISTINFO (LISTTYPE,SN,NAME,WIDTH,TABLENAME,COLNAME,COLALIAS,DTYPE,TYPEDESC,FIELDDESC,NAME2,NAME3,NAME4,TENANT_ID) values ('003',10,'수신자(발신자)',90,'TBL_RECORD','TBL_RECORD.ReceiptMemberName','ReceiptName','Default','기록물 생상현황보고',null,'Recipient(Sender)','受信者（起案者）','受信者(送信者)',0);
INSERT INTO TBL_LISTINFO (LISTTYPE,SN,NAME,WIDTH,TABLENAME,COLNAME,COLALIAS,DTYPE,TYPEDESC,FIELDDESC,NAME2,NAME3,NAME4,TENANT_ID) values ('003',11,'첨부',40,'TBL_RECORD','TBL_RECORD.AttachFlag','AttachFlag','dtBool','기록물 생상현황보고','첨부여부','AttachFlag','添付','附件',0);
INSERT INTO TBL_LISTINFO (LISTTYPE,SN,NAME,WIDTH,TABLENAME,COLNAME,COLALIAS,DTYPE,TYPEDESC,FIELDDESC,NAME2,NAME3,NAME4,TENANT_ID) values ('004',1,'순번',40,null,null,'dtSerialNum','dtSerialNum','기록물철 생상현황보고',null,'No.','順番','序号',0);
INSERT INTO TBL_LISTINFO (LISTTYPE,SN,NAME,WIDTH,TABLENAME,COLNAME,COLALIAS,DTYPE,TYPEDESC,FIELDDESC,NAME2,NAME3,NAME4,TENANT_ID) values ('004',2,'분류번호',180,null,'CONCAT(CONCAT(CONCAT(CONCAT(CONCAT(CONCAT(CONCAT(CONCAT(CONCAT(TRIM(ProcessDeptCode),''-''),TaskCode),''-''),ProductionYear),''-''),TRIM(LEADING''0'' FROM RegSerialNo)),''(''),TRIM(LEADING''0'' FROM VolumeNo)),'')'')','DispClassNo','Default','기록물철 생상현황보고','기록물철 분류번호','DispClassNo','分類番号','分类编号',0);
INSERT INTO TBL_LISTINFO (LISTTYPE,SN,NAME,WIDTH,TABLENAME,COLNAME,COLALIAS,DTYPE,TYPEDESC,FIELDDESC,NAME2,NAME3,NAME4,TENANT_ID) values ('004',3,'제목',200,'TBL_CABINETCLASS','TBL_CABINETCLASS.Title','Title','Default','기록물철 생상현황보고','제목','Title','見出し','标题',0);
INSERT INTO TBL_LISTINFO (LISTTYPE,SN,NAME,WIDTH,TABLENAME,COLNAME,COLALIAS,DTYPE,TYPEDESC,FIELDDESC,NAME2,NAME3,NAME4,TENANT_ID) values ('004',4,'기록물형태',85,'TBL_CABINETCLASS','TBL_CABINETCLASS.RecTypeCode','RecTypeCode','dtRecTypeCode','기록물철 생상현황보고',null,'RecTypeCode','記録物の類型','纪录片的形式',0);
INSERT INTO TBL_LISTINFO (LISTTYPE,SN,NAME,WIDTH,TABLENAME,COLNAME,COLALIAS,DTYPE,TYPEDESC,FIELDDESC,NAME2,NAME3,NAME4,TENANT_ID) values ('004',5,'종료연도',55,'TBL_CABINETCLASS','TBL_CABINETCLASS.ExpirationYear','EndYear','Default','기록물철 생상현황보고',null,'EndYear','終了年度','年退出',0);
INSERT INTO TBL_LISTINFO (LISTTYPE,SN,NAME,WIDTH,TABLENAME,COLNAME,COLALIAS,DTYPE,TYPEDESC,FIELDDESC,NAME2,NAME3,NAME4,TENANT_ID) values ('004',6,'비치',40,'TBL_CABINETCLASS','TBL_CABINETCLASS.DisplayRecFlag','DisplayRecFlag','dtBool','기록물철 생상현황보고',null,'STOCKED','備付','備付',0);
INSERT INTO TBL_LISTINFO (LISTTYPE,SN,NAME,WIDTH,TABLENAME,COLNAME,COLALIAS,DTYPE,TYPEDESC,FIELDDESC,NAME2,NAME3,NAME4,TENANT_ID) values ('004',7,'보존기간',55,'TBL_CABINETCLASS','TBL_CABINETCLASS.KeepingPeriod','KeepingPeriod','dtKeepPeriod','기록물철 생상현황보고',null,'KEEPING PERIOD','保存期間','年龄',0);
INSERT INTO TBL_LISTINFO (LISTTYPE,SN,NAME,WIDTH,TABLENAME,COLNAME,COLALIAS,DTYPE,TYPEDESC,FIELDDESC,NAME2,NAME3,NAME4,TENANT_ID) values ('004',8,'보존방법',160,'TBL_CABINETCLASS','TBL_CABINETCLASS.KeepingMethod','KeepingMethod','dtKeepMethod','기록물철 생상현황보고',null,'CONSERVATION METHOD','保存方法','如何保存',0);
INSERT INTO TBL_LISTINFO (LISTTYPE,SN,NAME,WIDTH,TABLENAME,COLNAME,COLALIAS,DTYPE,TYPEDESC,FIELDDESC,NAME2,NAME3,NAME4,TENANT_ID) values ('004',9,'보존장소',80,'TBL_CABINETCLASS','TBL_CABINETCLASS.KeepingPlace','KeepingPlace','dtKeepPlace','기록물철 생상현황보고',null,'보존장소E','保存場所','保护区',0);
INSERT INTO TBL_LISTINFO (LISTTYPE,SN,NAME,WIDTH,TABLENAME,COLNAME,COLALIAS,DTYPE,TYPEDESC,FIELDDESC,NAME2,NAME3,NAME4,TENANT_ID) values ('004',10,'등록일',70,'TBL_CABINET','TBL_CABINET.CreateDate','CreateDate','dtDate','기록물철 생상현황보고',null,'RegisterDate','登録日','注册',0);

INSERT INTO TBL_CABINETCODELIST (CODETYPE,CODE,NAME,ISUSED,CODEDESCRIPTION,TYPEDESCRIPTION,NAME2,TENANT_ID) values ('000','1','일반문서',1,'일반문서','기록물형태 코드(기록물철)','General Documents',0);
INSERT INTO TBL_CABINETCODELIST (CODETYPE,CODE,NAME,ISUSED,CODEDESCRIPTION,TYPEDESCRIPTION,NAME2,TENANT_ID) values ('000','2','도면류',1,'도면류',null,'Drawings kinds',0);
INSERT INTO TBL_CABINETCODELIST (CODETYPE,CODE,NAME,ISUSED,CODEDESCRIPTION,TYPEDESCRIPTION,NAME2,TENANT_ID) values ('000','3','사진/필름류',1,'사진/필름류',null,'Photo/Film kinds',0);
INSERT INTO TBL_CABINETCODELIST (CODETYPE,CODE,NAME,ISUSED,CODEDESCRIPTION,TYPEDESCRIPTION,NAME2,TENANT_ID) values ('000','4','녹음/동영상류',1,'녹음/동영상류',null,'Recording/Video kinds',0);
INSERT INTO TBL_CABINETCODELIST (CODETYPE,CODE,NAME,ISUSED,CODEDESCRIPTION,TYPEDESCRIPTION,NAME2,TENANT_ID) values ('000','5','카드류',1,'카드류',null,'Card kinds',0);
INSERT INTO TBL_CABINETCODELIST (CODETYPE,CODE,NAME,ISUSED,CODEDESCRIPTION,TYPEDESCRIPTION,NAME2,TENANT_ID) values ('001','1','원본과 보존매체 함께 보존',1,'원본과 보존매체 함께 보존','보존방법(기록물철)','Conservation and preservation of the original with the media',0);
INSERT INTO TBL_CABINETCODELIST (CODETYPE,CODE,NAME,ISUSED,CODEDESCRIPTION,TYPEDESCRIPTION,NAME2,TENANT_ID) values ('001','2','원본 폐기, 보존매체만 보존',1,'원본 폐기, 보존매체만 보존',null,'The original disposal, preservation bojonmaecheman',0);
INSERT INTO TBL_CABINETCODELIST (CODETYPE,CODE,NAME,ISUSED,CODEDESCRIPTION,TYPEDESCRIPTION,NAME2,TENANT_ID) values ('001','3','원본을 그대로 보존',1,'원본을 그대로 보존',null,'Preserving the original',0);
INSERT INTO TBL_CABINETCODELIST (CODETYPE,CODE,NAME,ISUSED,CODEDESCRIPTION,TYPEDESCRIPTION,NAME2,TENANT_ID) values ('002','1','자료관',1,'자료관','보존장소(기록물철)','Archives',0);
INSERT INTO TBL_CABINETCODELIST (CODETYPE,CODE,NAME,ISUSED,CODEDESCRIPTION,TYPEDESCRIPTION,NAME2,TENANT_ID) values ('002','2','전문관리기관',1,'전문관리기관',null,'Management agency specializing in',0);
INSERT INTO TBL_CABINETCODELIST (CODETYPE,CODE,NAME,ISUSED,CODEDESCRIPTION,TYPEDESCRIPTION,NAME2,TENANT_ID) values ('003','1','일반문서 생산/발송',1,'일반문서 생산/발송','등록구분(기록물)','General document production/shipment',0);
INSERT INTO TBL_CABINETCODELIST (CODETYPE,CODE,NAME,ISUSED,CODEDESCRIPTION,TYPEDESCRIPTION,NAME2,TENANT_ID) values ('003','2','일반문서 접수',1,'일반문서 접수',null,'General Documents received',0);
INSERT INTO TBL_CABINETCODELIST (CODETYPE,CODE,NAME,ISUSED,CODEDESCRIPTION,TYPEDESCRIPTION,NAME2,TENANT_ID) values ('003','3','도면류 생산/발송',1,'도면류 생산/발송',null,'Drawings kinds production/shipment',0);
INSERT INTO TBL_CABINETCODELIST (CODETYPE,CODE,NAME,ISUSED,CODEDESCRIPTION,TYPEDESCRIPTION,NAME2,TENANT_ID) values ('003','4','도면류 접수',1,'도면류 접수',null,'Drawings received',0);
INSERT INTO TBL_CABINETCODELIST (CODETYPE,CODE,NAME,ISUSED,CODEDESCRIPTION,TYPEDESCRIPTION,NAME2,TENANT_ID) values ('003','5','사진/필름류',1,'사진/필름류',null,'Photo/Film kinds',0);
INSERT INTO TBL_CABINETCODELIST (CODETYPE,CODE,NAME,ISUSED,CODEDESCRIPTION,TYPEDESCRIPTION,NAME2,TENANT_ID) values ('003','6','녹음/동영상류',1,'녹음/동영상류',null,'Recording/Video kinds',0);
INSERT INTO TBL_CABINETCODELIST (CODETYPE,CODE,NAME,ISUSED,CODEDESCRIPTION,TYPEDESCRIPTION,NAME2,TENANT_ID) values ('003','7','카드류 생산/접수',1,'카드류 생산/접수',null,'Card Kinds Production/Reception',0);
INSERT INTO TBL_CABINETCODELIST (CODETYPE,CODE,NAME,ISUSED,CODEDESCRIPTION,TYPEDESCRIPTION,NAME2,TENANT_ID) values ('003','8','카드류 이첩발송',1,'카드류 이첩발송',null,'Cards sent yicheop',0);
INSERT INTO TBL_CABINETCODELIST (CODETYPE,CODE,NAME,ISUSED,CODEDESCRIPTION,TYPEDESCRIPTION,NAME2,TENANT_ID) values ('004','01','1년',1,'1년','보존년한','1 year',0);
INSERT INTO TBL_CABINETCODELIST (CODETYPE,CODE,NAME,ISUSED,CODEDESCRIPTION,TYPEDESCRIPTION,NAME2,TENANT_ID) values ('004','03','3년',1,'3년',null,'3 years',0);
INSERT INTO TBL_CABINETCODELIST (CODETYPE,CODE,NAME,ISUSED,CODEDESCRIPTION,TYPEDESCRIPTION,NAME2,TENANT_ID) values ('004','05','5년',1,'5년',null,'5 years',0);
INSERT INTO TBL_CABINETCODELIST (CODETYPE,CODE,NAME,ISUSED,CODEDESCRIPTION,TYPEDESCRIPTION,NAME2,TENANT_ID) values ('004','10','10년',1,'10년',null,'10 years',0);
INSERT INTO TBL_CABINETCODELIST (CODETYPE,CODE,NAME,ISUSED,CODEDESCRIPTION,TYPEDESCRIPTION,NAME2,TENANT_ID) values ('004','20','30년',1,'30년',null,'30 years',0);
INSERT INTO TBL_CABINETCODELIST (CODETYPE,CODE,NAME,ISUSED,CODEDESCRIPTION,TYPEDESCRIPTION,NAME2,TENANT_ID) values ('004','30','준영구',1,'준영구',null,'Semi-permanence',0);
INSERT INTO TBL_CABINETCODELIST (CODETYPE,CODE,NAME,ISUSED,CODEDESCRIPTION,TYPEDESCRIPTION,NAME2,TENANT_ID) values ('004','40','영구',1,'영구',null,'Permanence',0);
INSERT INTO TBL_CABINETCODELIST (CODETYPE,CODE,NAME,ISUSED,CODEDESCRIPTION,TYPEDESCRIPTION,NAME2,TENANT_ID) values ('005','1','대통령관련 기록물',1,'대통령관련 기록물','특수기록물(기록물)','President Related Records',0);
INSERT INTO TBL_CABINETCODELIST (CODETYPE,CODE,NAME,ISUSED,CODEDESCRIPTION,TYPEDESCRIPTION,NAME2,TENANT_ID) values ('005','2','비밀기록물',1,'비밀기록물',null,'Confidential Records',0);
INSERT INTO TBL_CABINETCODELIST (CODETYPE,CODE,NAME,ISUSED,CODEDESCRIPTION,TYPEDESCRIPTION,NAME2,TENANT_ID) values ('005','3','개별관리 기록물',1,'개별관리 기록물',null,'Individual Management Records',0);
INSERT INTO TBL_CABINETCODELIST (CODETYPE,CODE,NAME,ISUSED,CODEDESCRIPTION,TYPEDESCRIPTION,NAME2,TENANT_ID) values ('005','4','저작권보호 기록물',1,'저작권보호 기록물',null,'Copyright Records',0);
INSERT INTO TBL_CABINETCODELIST (CODETYPE,CODE,NAME,ISUSED,CODEDESCRIPTION,TYPEDESCRIPTION,NAME2,TENANT_ID) values ('005','5','특수규격기록물',1,'특수규격기록물',null,'Documentary special specifications',0);
INSERT INTO TBL_CABINETCODELIST (CODETYPE,CODE,NAME,ISUSED,CODEDESCRIPTION,TYPEDESCRIPTION,NAME2,TENANT_ID) values ('006','1','1등급',1,'1등급','공개등급','1 Level',0);
INSERT INTO TBL_CABINETCODELIST (CODETYPE,CODE,NAME,ISUSED,CODEDESCRIPTION,TYPEDESCRIPTION,NAME2,TENANT_ID) values ('006','2','2등급',1,'2등급',null,'2 Level',0);
INSERT INTO TBL_CABINETCODELIST (CODETYPE,CODE,NAME,ISUSED,CODEDESCRIPTION,TYPEDESCRIPTION,NAME2,TENANT_ID) values ('006','3','3등급',1,'3등급',null,'3 Level',0);
INSERT INTO TBL_CABINETCODELIST (CODETYPE,CODE,NAME,ISUSED,CODEDESCRIPTION,TYPEDESCRIPTION,NAME2,TENANT_ID) values ('006','4','4등급',1,'4등급',null,'4 Level',0);
INSERT INTO TBL_CABINETCODELIST (CODETYPE,CODE,NAME,ISUSED,CODEDESCRIPTION,TYPEDESCRIPTION,NAME2,TENANT_ID) values ('006','5','5등급',1,'5등급',null,'5 Level',0);
INSERT INTO TBL_CABINETCODELIST (CODETYPE,CODE,NAME,ISUSED,CODEDESCRIPTION,TYPEDESCRIPTION,NAME2,TENANT_ID) values ('006','6','6등급',1,'6등급',null,'6 Level',0);
INSERT INTO TBL_CABINETCODELIST (CODETYPE,CODE,NAME,ISUSED,CODEDESCRIPTION,TYPEDESCRIPTION,NAME2,TENANT_ID) values ('006','7','7등급',1,'7등급',null,'7 Level',0);
INSERT INTO TBL_CABINETCODELIST (CODETYPE,CODE,NAME,ISUSED,CODEDESCRIPTION,TYPEDESCRIPTION,NAME2,TENANT_ID) values ('006','8','8등급',1,'8등급',null,'8 Level',0);
INSERT INTO TBL_CABINETCODELIST (CODETYPE,CODE,NAME,ISUSED,CODEDESCRIPTION,TYPEDESCRIPTION,NAME2,TENANT_ID) values ('007','1','채번 구분필드1',1,'채번 구분필드1 이용여부','채번 플래그','채번 구분필드1',0);
INSERT INTO TBL_CABINETCODELIST (CODETYPE,CODE,NAME,ISUSED,CODEDESCRIPTION,TYPEDESCRIPTION,NAME2,TENANT_ID) values ('007','2','채번 구분필드2',1,'채번 구분필드2 이용여부',null,'채번 구분필드2',0);
INSERT INTO TBL_CABINETCODELIST (CODETYPE,CODE,NAME,ISUSED,CODEDESCRIPTION,TYPEDESCRIPTION,NAME2,TENANT_ID) values ('007','3','채번 구분필드3',0,'채번 구분필드3 이용여부',null,'채번 구분필드3',0);
INSERT INTO TBL_CABINETCODELIST (CODETYPE,CODE,NAME,ISUSED,CODEDESCRIPTION,TYPEDESCRIPTION,NAME2,TENANT_ID) values ('007','4','채번 구분시간',1,'0: 이용하지 않음, 1:연도별 구분, 2: 월별 구분',null,'채번 구분시간',0);
INSERT INTO TBL_CABINETCODELIST (CODETYPE,CODE,NAME,ISUSED,CODEDESCRIPTION,TYPEDESCRIPTION,NAME2,TENANT_ID) values ('008','DA','녹음테이프 카세트',1,'녹음테이프 카세트','녹음/동영상류 시청각 기록물 코드','Cassette tape recording of',0);
INSERT INTO TBL_CABINETCODELIST (CODETYPE,CODE,NAME,ISUSED,CODEDESCRIPTION,TYPEDESCRIPTION,NAME2,TENANT_ID) values ('008','DB','녹음테이프 릴',1,'녹음테이프 릴',null,'Reel tape recording',0);
INSERT INTO TBL_CABINETCODELIST (CODETYPE,CODE,NAME,ISUSED,CODEDESCRIPTION,TYPEDESCRIPTION,NAME2,TENANT_ID) values ('008','DC','녹음테이프 카트리지',1,'녹음테이프 카트리지',null,'Cartridge tape recording',0);
INSERT INTO TBL_CABINETCODELIST (CODETYPE,CODE,NAME,ISUSED,CODEDESCRIPTION,TYPEDESCRIPTION,NAME2,TENANT_ID) values ('008','DD','DVD',1,'DVD',null,'DVD',0);
INSERT INTO TBL_CABINETCODELIST (CODETYPE,CODE,NAME,ISUSED,CODEDESCRIPTION,TYPEDESCRIPTION,NAME2,TENANT_ID) values ('008','DF','음반 SP',1,'음반 SP',null,'Music SP',0);
INSERT INTO TBL_CABINETCODELIST (CODETYPE,CODE,NAME,ISUSED,CODEDESCRIPTION,TYPEDESCRIPTION,NAME2,TENANT_ID) values ('008','DG','음반 LP',1,'음반 LP',null,'Music LP',0);
INSERT INTO TBL_CABINETCODELIST (CODETYPE,CODE,NAME,ISUSED,CODEDESCRIPTION,TYPEDESCRIPTION,NAME2,TENANT_ID) values ('008','DH','음반 CD',1,'음반 CD',null,'Music CD',0);
INSERT INTO TBL_CABINETCODELIST (CODETYPE,CODE,NAME,ISUSED,CODEDESCRIPTION,TYPEDESCRIPTION,NAME2,TENANT_ID) values ('008','DJ','음반 LD',1,'음반 LD',null,'Music LD',0);
INSERT INTO TBL_CABINETCODELIST (CODETYPE,CODE,NAME,ISUSED,CODEDESCRIPTION,TYPEDESCRIPTION,NAME2,TENANT_ID) values ('008','DK','음반 DAT',1,'음반 DAT',null,'Music DAT',0);
INSERT INTO TBL_CABINETCODELIST (CODETYPE,CODE,NAME,ISUSED,CODEDESCRIPTION,TYPEDESCRIPTION,NAME2,TENANT_ID) values ('008','DN','영화필름',1,'영화필름',null,'Movie Film',0);
INSERT INTO TBL_CABINETCODELIST (CODETYPE,CODE,NAME,ISUSED,CODEDESCRIPTION,TYPEDESCRIPTION,NAME2,TENANT_ID) values ('008','DO','비디오 CD',1,'비디오 CD',null,'Video CD',0);
INSERT INTO TBL_CABINETCODELIST (CODETYPE,CODE,NAME,ISUSED,CODEDESCRIPTION,TYPEDESCRIPTION,NAME2,TENANT_ID) values ('008','DP','비디오 LD',1,'비디오 LD',null,'Video LD',0);
INSERT INTO TBL_CABINETCODELIST (CODETYPE,CODE,NAME,ISUSED,CODEDESCRIPTION,TYPEDESCRIPTION,NAME2,TENANT_ID) values ('008','DQ','비디오 테이프',1,'비디오 테이프',null,'Video tape',0);
INSERT INTO TBL_CABINETCODELIST (CODETYPE,CODE,NAME,ISUSED,CODEDESCRIPTION,TYPEDESCRIPTION,NAME2,TENANT_ID) values ('009','CR','슬라이드 필름세트(영상)',1,'슬라이드 필름세트(영상)','사진/필름류 시청각 기록물 코드','A set of slides (pictures)',0);
INSERT INTO TBL_CABINETCODELIST (CODETYPE,CODE,NAME,ISUSED,CODEDESCRIPTION,TYPEDESCRIPTION,NAME2,TENANT_ID) values ('009','CS','사진 CD',1,'사진 CD',null,'Photo CD',0);
INSERT INTO TBL_CABINETCODELIST (CODETYPE,CODE,NAME,ISUSED,CODEDESCRIPTION,TYPEDESCRIPTION,NAME2,TENANT_ID) values ('009','CT','사진/필름',1,'사진/필름',null,'Photo / Film',0);
INSERT INTO TBL_CABINETCODELIST (CODETYPE,CODE,NAME,ISUSED,CODEDESCRIPTION,TYPEDESCRIPTION,NAME2,TENANT_ID) values ('009','CU','인화된 사진',1,'인화된 사진',null,'Printed Photo',0);
INSERT INTO TBL_CABINETCODELIST (CODETYPE,CODE,NAME,ISUSED,CODEDESCRIPTION,TYPEDESCRIPTION,NAME2,TENANT_ID) values ('009','CV','슬라이드사진(비영상)',1,'슬라이드사진(비영상)',null,'Slide photos (Non-imaging)',0);
INSERT INTO TBL_CABINETCODELIST (CODETYPE,CODE,NAME,ISUSED,CODEDESCRIPTION,TYPEDESCRIPTION,NAME2,TENANT_ID) values ('009','CY','그림',1,'그림',null,'Picture',0);

--resource insert

Insert into TBL_RS_BRD (BRD_ID,BRD_COMPANY,BRD_NM,BRD_NM2,BRD_GROUP,BRD_GB,BRD_REF,BRD_LEVEL,BRD_STEP,BRD_POSTTERM,BRD_EXPLAIN,BRD_ACCESS,BRD_UPPER,BRD_COUNT,BRD_URL,ATTACH_SIZE,REPLY_MAIL_FG,OWNDEPTID,OWNDEPTNM,OWNDEPTNM2,OWNERID,OWNERNM,OWNERNM2,OWNERPOSITION,OWNERPOSITION2,OWNERCALL,MAKEDATE,RESLOCATION,BRD_UPPER2,APPROVEFLAG,TENANT_ID) values (1,'S907000','(주)가온아이','kaoni','A00','1',0,0,1,365,'가온아이입니다.',null,0,0,' ',20,null,null,null,null,null,null,null,null,null,null,null,null,null,'0',0);

--portal insert

Insert into TBL_BUILTIN_PARAMETERS (PARAMTYPE,PARAMINFO,DESCRIPTION,SHORTNAME,TENANT_ID) values (0,'HardCoding','지정된 값을 넘겨줍니다','t4086',0);
Insert into TBL_BUILTIN_PARAMETERS (PARAMTYPE,PARAMINFO,DESCRIPTION,SHORTNAME,TENANT_ID) values (1,'USERID','자동으로 사용자 아이디를 넘긴다','t4087',0);
Insert into TBL_BUILTIN_PARAMETERS (PARAMTYPE,PARAMINFO,DESCRIPTION,SHORTNAME,TENANT_ID) values (2,'BASICAUTH','암호화된 기본인증 헤더를 넘긴다','t4088',0);
Insert into TBL_BUILTIN_PARAMETERS (PARAMTYPE,PARAMINFO,DESCRIPTION,SHORTNAME,TENANT_ID) values (3,'DEPTID','자동으로 사용자 부서코드를 넘긴다','t4089',0);
Insert into TBL_BUILTIN_PARAMETERS (PARAMTYPE,PARAMINFO,DESCRIPTION,SHORTNAME,TENANT_ID) values (4,'COMPANYID','자동으로 사용자 회사코드를 넘긴다','t4090',0);
Insert into TBL_BUILTIN_PARAMETERS (PARAMTYPE,PARAMINFO,DESCRIPTION,SHORTNAME,TENANT_ID) values (5,'TITLE','자동으로 사용자 직급을 넘긴다','t4091',0);
Insert into TBL_BUILTIN_PARAMETERS (PARAMTYPE,PARAMINFO,DESCRIPTION,SHORTNAME,TENANT_ID) values (6,'ROLLINFO','자동으로 사용자 권한정보를 넘긴다','t4092',0);

Insert into TBL_MENUITEM_GENERAL (UID_,DISPLAYNAME,TYPE,URL,TENANT_ID) values ('201','t4079',1,null,0);
Insert into TBL_MENUITEM_GENERAL (UID_,DISPLAYNAME,TYPE,URL,TENANT_ID) values ('202','t4080',2,null,0);
Insert into TBL_MENUITEM_GENERAL (UID_,DISPLAYNAME,TYPE,URL,TENANT_ID) values ('203','t4081',3,null,0);
Insert into TBL_MENUITEM_GENERAL (UID_,DISPLAYNAME,TYPE,URL,TENANT_ID) values ('204','t4082',4,null,0);
Insert into TBL_MENUITEM_GENERAL (UID_,DISPLAYNAME,TYPE,URL,TENANT_ID) values ('205','t4083',5,null,0);
Insert into TBL_MENUITEM_GENERAL (UID_,DISPLAYNAME,TYPE,URL,TENANT_ID) values ('206','t4084',6,null,0);
Insert into TBL_MENUITEM_GENERAL (UID_,DISPLAYNAME,TYPE,URL,TENANT_ID) values ('207','t4085',7,null,0);

Insert into TBL_MENUITEM_ITEMS_IMAGE (UID_,OWNERPAGEID,SKINNUM,DISPLAYNAME,DISPLAYNAME2,IMAGETYPE,NORMALIMAGEPATH,OVERIMAGEPATH,IMAGEWIDTH,IMAGEHEIGHT,LINKURL,LINKLOCATION,WINDOWOPTION,TENANT_ID) values ('586258b4-f2ac-4416-b9ec-328132df65d0','d4dcceee-01f5-42da-9093-a243d3056204',1,'메일',null,'2','/files/upload_portal/S907000/Menu/top_menu02(5).gif','/files/upload_portal/S907000/Menu/top_menu02o(3).gif',99,33,'/ezEmail/mailMain.do','main',' ',0);
Insert into TBL_MENUITEM_ITEMS_IMAGE (UID_,OWNERPAGEID,SKINNUM,DISPLAYNAME,DISPLAYNAME2,IMAGETYPE,NORMALIMAGEPATH,OVERIMAGEPATH,IMAGEWIDTH,IMAGEHEIGHT,LINKURL,LINKLOCATION,WINDOWOPTION,TENANT_ID) values ('2d13f9fc-51c1-4dfe-bfa3-d0bed6a22918','d4dcceee-01f5-42da-9093-a243d3056204',1,'게시판',null,'2','/files/upload_portal/S907000/Menu/top_menu05(4).gif','/files/upload_portal/S907000/Menu/top_menu05o(4).gif',101,33,'/ezBoard/boardMain.do','main',' ',0);
Insert into TBL_MENUITEM_ITEMS_IMAGE (UID_,OWNERPAGEID,SKINNUM,DISPLAYNAME,DISPLAYNAME2,IMAGETYPE,NORMALIMAGEPATH,OVERIMAGEPATH,IMAGEWIDTH,IMAGEHEIGHT,LINKURL,LINKLOCATION,WINDOWOPTION,TENANT_ID) values ('388f0b77-9c53-42d5-b860-7eb1e74db215','b0a4e923-d270-4353-9e81-e86c14424262',1,'PIMS',null,'2','/files/upload_portal/S907000/Menu/top_menu03(5).gif','/files/upload_portal/S907000/Menu/top_menu03o(9).gif',118,33,'/ezSchedule/scheduleIndex.do?funCode=2','main',' ',0);
Insert into TBL_MENUITEM_ITEMS_IMAGE (UID_,OWNERPAGEID,SKINNUM,DISPLAYNAME,DISPLAYNAME2,IMAGETYPE,NORMALIMAGEPATH,OVERIMAGEPATH,IMAGEWIDTH,IMAGEHEIGHT,LINKURL,LINKLOCATION,WINDOWOPTION,TENANT_ID) values ('46418adc-1f61-4e30-b8f8-53faebaf83b4','b0a4e923-d270-4353-9e81-e86c14424262',1,'메일',null,'2','/files/upload_portal/S907000/Menu/top_menu02(3).gif','/files/upload_portal/S907000/Menu/top_menu02o(1).gif',102,33,'/ezEmail/mailMain.do','main',' ',0);
Insert into TBL_MENUITEM_ITEMS_IMAGE (UID_,OWNERPAGEID,SKINNUM,DISPLAYNAME,DISPLAYNAME2,IMAGETYPE,NORMALIMAGEPATH,OVERIMAGEPATH,IMAGEWIDTH,IMAGEHEIGHT,LINKURL,LINKLOCATION,WINDOWOPTION,TENANT_ID) values ('1ab34e97-4c6b-4249-a80a-4c4214486b95','b0a4e923-d270-4353-9e81-e86c14424262',1,'전자결재G',null,'2','/files/upload_portal/S907000/Menu/top_menu04(3).gif','/files/upload_portal/S907000/Menu/top_menu04o(2).gif',120,33,'/ezApprovalG/apprGMain.do','main',' ',0);
Insert into TBL_MENUITEM_ITEMS_IMAGE (UID_,OWNERPAGEID,SKINNUM,DISPLAYNAME,DISPLAYNAME2,IMAGETYPE,NORMALIMAGEPATH,OVERIMAGEPATH,IMAGEWIDTH,IMAGEHEIGHT,LINKURL,LINKLOCATION,WINDOWOPTION,TENANT_ID) values ('1db3cf2c-742e-4958-8f9f-557bb08aec75','F3633607-8E8B-42A1-B777-6E2969072E58',1,'로고아이템','LogoItem',null,'/files/upload_portal/S907000/Logo/logo.gif',null,106,45,' ',' ',' ',0);
Insert into TBL_MENUITEM_ITEMS_IMAGE (UID_,OWNERPAGEID,SKINNUM,DISPLAYNAME,DISPLAYNAME2,IMAGETYPE,NORMALIMAGEPATH,OVERIMAGEPATH,IMAGEWIDTH,IMAGEHEIGHT,LINKURL,LINKLOCATION,WINDOWOPTION,TENANT_ID) values ('4d8d47b5-7257-4f4e-b70b-d63e09e32299','d4dcceee-01f5-42da-9093-a243d3056204',1,'전자결재',null,'2','/files/upload_portal/S907000/Menu/top_menu04(7).gif','/files/upload_portal/S907000/Menu/top_menu04o(6).gif',115,33,'/ezApproval/apprMain.do','main',' ',0);
Insert into TBL_MENUITEM_ITEMS_IMAGE (UID_,OWNERPAGEID,SKINNUM,DISPLAYNAME,DISPLAYNAME2,IMAGETYPE,NORMALIMAGEPATH,OVERIMAGEPATH,IMAGEWIDTH,IMAGEHEIGHT,LINKURL,LINKLOCATION,WINDOWOPTION,TENANT_ID) values ('55500da7-0de3-4e2c-8acc-e52cbd8bbee8','F3633607-8E8B-42A1-B777-6E2969072E58',1,'자원관리',null,'2','/files/upload_portal/S907000/Menu/top_menu06.gif','/files/upload_portal/S907000/Menu/top_menu06o.gif',121,33,'/ezResource/resMain.do','main',' ',0);
Insert into TBL_MENUITEM_ITEMS_IMAGE (UID_,OWNERPAGEID,SKINNUM,DISPLAYNAME,DISPLAYNAME2,IMAGETYPE,NORMALIMAGEPATH,OVERIMAGEPATH,IMAGEWIDTH,IMAGEHEIGHT,LINKURL,LINKLOCATION,WINDOWOPTION,TENANT_ID) values ('d351b126-4e3a-486c-ab85-ef78738abead','d4dcceee-01f5-42da-9093-a243d3056204',1,'자원관리',null,'2','/files/upload_portal/S907000/Menu/top_menu06(2).gif','/files/upload_portal/S907000/Menu/top_menu06o(2).gif',114,33,'/ezResource/resMain.do','main',' ',0);
Insert into TBL_MENUITEM_ITEMS_IMAGE (UID_,OWNERPAGEID,SKINNUM,DISPLAYNAME,DISPLAYNAME2,IMAGETYPE,NORMALIMAGEPATH,OVERIMAGEPATH,IMAGEWIDTH,IMAGEHEIGHT,LINKURL,LINKLOCATION,WINDOWOPTION,TENANT_ID) values ('d6237135-c331-4fff-92c0-2cd0584347a4','d4dcceee-01f5-42da-9093-a243d3056204',1,'홈',null,'2','/files/upload_portal/S907000/Menu/top_menu01(3).gif','/files/upload_portal/S907000/Menu/top_menu01o(4).gif',95,33,'/ezPortal/myPortal.do','main',' ',0);
Insert into TBL_MENUITEM_ITEMS_IMAGE (UID_,OWNERPAGEID,SKINNUM,DISPLAYNAME,DISPLAYNAME2,IMAGETYPE,NORMALIMAGEPATH,OVERIMAGEPATH,IMAGEWIDTH,IMAGEHEIGHT,LINKURL,LINKLOCATION,WINDOWOPTION,TENANT_ID) values ('d7e86d24-137e-4934-bf70-87fed28f5530','F3633607-8E8B-42A1-B777-6E2969072E58',1,'홈',null,'2','/files/upload_portal/S907000/Menu/top_menu01.gif','/files/upload_portal/S907000/Menu/top_menu01o.gif',86,33,'/ezPortal/myPortal.do','main',' ',0);
Insert into TBL_MENUITEM_ITEMS_IMAGE (UID_,OWNERPAGEID,SKINNUM,DISPLAYNAME,DISPLAYNAME2,IMAGETYPE,NORMALIMAGEPATH,OVERIMAGEPATH,IMAGEWIDTH,IMAGEHEIGHT,LINKURL,LINKLOCATION,WINDOWOPTION,TENANT_ID) values ('e45ac7ba-496d-47fa-a711-db8bb16fd95a','F3633607-8E8B-42A1-B777-6E2969072E58',1,'게시판',null,'2','/files/upload_portal/S907000/Menu/top_menu05.gif','/files/upload_portal/S907000/Menu/top_menu05o.gif',110,33,'/ezBoard/boardMain.do','main',' ',0);
Insert into TBL_MENUITEM_ITEMS_IMAGE (UID_,OWNERPAGEID,SKINNUM,DISPLAYNAME,DISPLAYNAME2,IMAGETYPE,NORMALIMAGEPATH,OVERIMAGEPATH,IMAGEWIDTH,IMAGEHEIGHT,LINKURL,LINKLOCATION,WINDOWOPTION,TENANT_ID) values ('e58fec85-1180-43dc-bbcf-002d86019057','d4dcceee-01f5-42da-9093-a243d3056204',1,'전자결재G',null,'2','/files/upload_portal/S907000/Menu/top_menu04(8).gif','/files/upload_portal/S907000/Menu/top_menu04o(7).gif',115,33,'/ezApprovalG/apprGMain.do','main',' ',0);
Insert into TBL_MENUITEM_ITEMS_IMAGE (UID_,OWNERPAGEID,SKINNUM,DISPLAYNAME,DISPLAYNAME2,IMAGETYPE,NORMALIMAGEPATH,OVERIMAGEPATH,IMAGEWIDTH,IMAGEHEIGHT,LINKURL,LINKLOCATION,WINDOWOPTION,TENANT_ID) values ('e6f32470-e5ea-4e38-9d3d-337d41fedccd','b0a4e923-d270-4353-9e81-e86c14424262',1,'게시판',null,'2','/files/upload_portal/S907000/Menu/top_menu05(3).gif','/files/upload_portal/S907000/Menu/top_menu05o(3).gif',108,33,'/ezBoard/boardMain.do','main',' ',0);
Insert into TBL_MENUITEM_ITEMS_IMAGE (UID_,OWNERPAGEID,SKINNUM,DISPLAYNAME,DISPLAYNAME2,IMAGETYPE,NORMALIMAGEPATH,OVERIMAGEPATH,IMAGEWIDTH,IMAGEHEIGHT,LINKURL,LINKLOCATION,WINDOWOPTION,TENANT_ID) values ('ecb5c796-bfce-46a0-9c42-801eca04b31b','d4dcceee-01f5-42da-9093-a243d3056204',1,'PIMS',null,'2','/files/upload_portal/S907000/Menu/top_menu03(7).gif','/files/upload_portal/S907000/Menu/top_menu03o(11).gif',114,33,'/ezSchedule/scheduleIndex.do?funCode=2','main',' ',0);
Insert into TBL_MENUITEM_ITEMS_IMAGE (UID_,OWNERPAGEID,SKINNUM,DISPLAYNAME,DISPLAYNAME2,IMAGETYPE,NORMALIMAGEPATH,OVERIMAGEPATH,IMAGEWIDTH,IMAGEHEIGHT,LINKURL,LINKLOCATION,WINDOWOPTION,TENANT_ID) values ('9da456ad-190e-4ebe-9411-05fd19514278','F3633607-8E8B-42A1-B777-6E2969072E58',1,'전자결재',null,'2','/files/upload_portal/S907000/Menu/top_menu04.gif','/files/upload_portal/S907000/Menu/top_menu04o.gif',123,33,'/ezApproval/apprMain.do','main',' ',0);
Insert into TBL_MENUITEM_ITEMS_IMAGE (UID_,OWNERPAGEID,SKINNUM,DISPLAYNAME,DISPLAYNAME2,IMAGETYPE,NORMALIMAGEPATH,OVERIMAGEPATH,IMAGEWIDTH,IMAGEHEIGHT,LINKURL,LINKLOCATION,WINDOWOPTION,TENANT_ID) values ('9dcb873f-4254-45b2-87f2-1e326a63db78','d4dcceee-01f5-42da-9093-a243d3056204',1,'커뮤니티',null,'2','/files/upload_portal/S907000/Menu/top_menu09(18).gif','/files/upload_portal/S907000/Menu/top_menu09o(23).gif',127,33,'/ezCommunity/communityMain.do','main',' ',0);
Insert into TBL_MENUITEM_ITEMS_IMAGE (UID_,OWNERPAGEID,SKINNUM,DISPLAYNAME,DISPLAYNAME2,IMAGETYPE,NORMALIMAGEPATH,OVERIMAGEPATH,IMAGEWIDTH,IMAGEHEIGHT,LINKURL,LINKLOCATION,WINDOWOPTION,TENANT_ID) values ('a2c52ee7-4e41-493d-8d58-bb26e00d52c1','F3633607-8E8B-42A1-B777-6E2969072E58',1,'전자결재G',null,'2','/files/upload_portal/S907000/Menu/top_menu04(1).gif','/files/upload_portal/S907000/Menu/top_menu04o(1).gif',123,33,'/ezApprovalG/apprGMain.do','main',' ',0);
Insert into TBL_MENUITEM_ITEMS_IMAGE (UID_,OWNERPAGEID,SKINNUM,DISPLAYNAME,DISPLAYNAME2,IMAGETYPE,NORMALIMAGEPATH,OVERIMAGEPATH,IMAGEWIDTH,IMAGEHEIGHT,LINKURL,LINKLOCATION,WINDOWOPTION,TENANT_ID) values ('80e37141-1c98-40b4-a7dc-8298e1abdce0','F3633607-8E8B-42A1-B777-6E2969072E58',1,'커뮤니티',null,'2','/files/upload_portal/S907000/Menu/top_menu09(16).gif','/files/upload_portal/S907000/Menu/top_menu09o(21).gif',105,33,'/ezCommunity/communityMain.do','main',' ',0);
Insert into TBL_MENUITEM_ITEMS_IMAGE (UID_,OWNERPAGEID,SKINNUM,DISPLAYNAME,DISPLAYNAME2,IMAGETYPE,NORMALIMAGEPATH,OVERIMAGEPATH,IMAGEWIDTH,IMAGEHEIGHT,LINKURL,LINKLOCATION,WINDOWOPTION,TENANT_ID) values ('856c0213-ae8a-40be-ade0-63ab865fa1fd','b0a4e923-d270-4353-9e81-e86c14424262',1,'로고아이템','LogoItem',null,'/files/upload_portal/S907000/Logo/logo(1).gif',null,106,45,' ',' ',' ',0);
Insert into TBL_MENUITEM_ITEMS_IMAGE (UID_,OWNERPAGEID,SKINNUM,DISPLAYNAME,DISPLAYNAME2,IMAGETYPE,NORMALIMAGEPATH,OVERIMAGEPATH,IMAGEWIDTH,IMAGEHEIGHT,LINKURL,LINKLOCATION,WINDOWOPTION,TENANT_ID) values ('8ac377c8-e8e6-463d-a44f-e6a47202b45f','b0a4e923-d270-4353-9e81-e86c14424262',1,'홈',null,'2','/files/upload_portal/S907000/Menu/top_menu01(1).gif','/files/upload_portal/S907000/Menu/top_menu01o(2).gif',105,33,'/ezPortal/myPortal.do','main',' ',0);
Insert into TBL_MENUITEM_ITEMS_IMAGE (UID_,OWNERPAGEID,SKINNUM,DISPLAYNAME,DISPLAYNAME2,IMAGETYPE,NORMALIMAGEPATH,OVERIMAGEPATH,IMAGEWIDTH,IMAGEHEIGHT,LINKURL,LINKLOCATION,WINDOWOPTION,TENANT_ID) values ('8f89f7ea-cc5b-43f6-a522-d57f584fe3f7','b0a4e923-d270-4353-9e81-e86c14424262',1,'전자결재',null,'2','/files/upload_portal/S907000/Menu/top_menu04(6).gif','/files/upload_portal/S907000/Menu/top_menu04o(5).gif',120,33,'/ezApproval/apprMain.do','main',' ',0);
Insert into TBL_MENUITEM_ITEMS_IMAGE (UID_,OWNERPAGEID,SKINNUM,DISPLAYNAME,DISPLAYNAME2,IMAGETYPE,NORMALIMAGEPATH,OVERIMAGEPATH,IMAGEWIDTH,IMAGEHEIGHT,LINKURL,LINKLOCATION,WINDOWOPTION,TENANT_ID) values ('ac5d2eca-a340-42dc-95ae-1a4c42ff7885','b0a4e923-d270-4353-9e81-e86c14424262',1,'커뮤니티',null,'2','/files/upload_portal/S907000/Menu/top_menu09(17).gif','/files/upload_portal/S907000/Menu/top_menu09o(22).gif',143,33,'/ezCommunity/communityMain.do','main',' ',0);
Insert into TBL_MENUITEM_ITEMS_IMAGE (UID_,OWNERPAGEID,SKINNUM,DISPLAYNAME,DISPLAYNAME2,IMAGETYPE,NORMALIMAGEPATH,OVERIMAGEPATH,IMAGEWIDTH,IMAGEHEIGHT,LINKURL,LINKLOCATION,WINDOWOPTION,TENANT_ID) values ('b56c7f48-99dc-4145-81ea-80e1d6f9db8d','F3633607-8E8B-42A1-B777-6E2969072E58',1,'메일',null,'2','/files/upload_portal/S907000/Menu/top_menu02.gif','/files/upload_portal/S907000/Menu/top_menu02o.gif',94,33,'/ezEmail/mailMain.do','main',' ',0);
Insert into TBL_MENUITEM_ITEMS_IMAGE (UID_,OWNERPAGEID,SKINNUM,DISPLAYNAME,DISPLAYNAME2,IMAGETYPE,NORMALIMAGEPATH,OVERIMAGEPATH,IMAGEWIDTH,IMAGEHEIGHT,LINKURL,LINKLOCATION,WINDOWOPTION,TENANT_ID) values ('bf71381c-4e0e-415a-82aa-dfcc1f0b4c7d','b0a4e923-d270-4353-9e81-e86c14424262',1,'자원관리',null,'2','/files/upload_portal/S907000/Menu/top_menu06(1).gif','/files/upload_portal/S907000/Menu/top_menu06o(1).gif',125,33,'/ezResource/resMain.do','main',' ',0);
Insert into TBL_MENUITEM_ITEMS_IMAGE (UID_,OWNERPAGEID,SKINNUM,DISPLAYNAME,DISPLAYNAME2,IMAGETYPE,NORMALIMAGEPATH,OVERIMAGEPATH,IMAGEWIDTH,IMAGEHEIGHT,LINKURL,LINKLOCATION,WINDOWOPTION,TENANT_ID) values ('c2f44b2e-41f0-48c2-a7ea-607a58a0dd80','d4dcceee-01f5-42da-9093-a243d3056204',1,'로고아이템','LogoItem',null,'/files/upload_portal/S907000/Logo/logo(5).gif',null,106,45,' ',' ',' ',0);
Insert into TBL_MENUITEM_ITEMS_IMAGE (UID_,OWNERPAGEID,SKINNUM,DISPLAYNAME,DISPLAYNAME2,IMAGETYPE,NORMALIMAGEPATH,OVERIMAGEPATH,IMAGEWIDTH,IMAGEHEIGHT,LINKURL,LINKLOCATION,WINDOWOPTION,TENANT_ID) values ('c76829c2-94a9-48e5-b281-c4a8df65afcb','F3633607-8E8B-42A1-B777-6E2969072E58',1,'일정관리',null,'2','/files/upload_portal/S907000/Menu/top_menu03(4).gif','/files/upload_portal/S907000/Menu/top_menu03o(8).gif',115,33,'/ezSchedule/scheduleIndex.do?funCode=2','main',' ',0);

Insert into TBL_MENUITEM_ITEMS_LOGOS (UID_,OWNERPAGEID,TENANT_ID) values ('1db3cf2c-742e-4958-8f9f-557bb08aec75','F3633607-8E8B-42A1-B777-6E2969072E58',0);
Insert into TBL_MENUITEM_ITEMS_LOGOS (UID_,OWNERPAGEID,TENANT_ID) values ('856c0213-ae8a-40be-ade0-63ab865fa1fd','b0a4e923-d270-4353-9e81-e86c14424262',0);
Insert into TBL_MENUITEM_ITEMS_LOGOS (UID_,OWNERPAGEID,TENANT_ID) values ('c2f44b2e-41f0-48c2-a7ea-607a58a0dd80','d4dcceee-01f5-42da-9093-a243d3056204',0);

Insert into TBL_MENUITEM_ITEMS_MENUITEMS (UID_,PARENTUID,PARENTMENUID,OWNERPAGEID,DISPLAYNAME,DISPLAYNAME2,SUBFLAG,COLUMNPOS,IMAGEUID,LINKURL,LINKLOCATION,LEFTMARGIN,WINDOWOPTION,TENANT_ID) values ('4c74feab-07b1-4234-aef0-52c82983547f','204','f932a0fe-a62b-4be0-bcfd-52e27c9c3ca5','b0a4e923-d270-4353-9e81-e86c14424262',null,null,null,null,null,null,null,null,null,0);
Insert into TBL_MENUITEM_ITEMS_MENUITEMS (UID_,PARENTUID,PARENTMENUID,OWNERPAGEID,DISPLAYNAME,DISPLAYNAME2,SUBFLAG,COLUMNPOS,IMAGEUID,LINKURL,LINKLOCATION,LEFTMARGIN,WINDOWOPTION,TENANT_ID) values ('4e9e1389-9e52-4896-8f40-1dd5a6bf59e9','202',null,'F3633607-8E8B-42A1-B777-6E2969072E58','환경설정','eng_환경설정',null,3,null,'/ezPortal/environmentMain.do','main',null,null,0);
Insert into TBL_MENUITEM_ITEMS_MENUITEMS (UID_,PARENTUID,PARENTMENUID,OWNERPAGEID,DISPLAYNAME,DISPLAYNAME2,SUBFLAG,COLUMNPOS,IMAGEUID,LINKURL,LINKLOCATION,LEFTMARGIN,WINDOWOPTION,TENANT_ID) values ('53e846f4-3946-4614-a146-2866c14940dc','203',null,'d4dcceee-01f5-42da-9093-a243d3056204','홈','HOME',null,1,'d6237135-c331-4fff-92c0-2cd0584347a4','/ezPortal/myPortal.do',null,null,null,0);
Insert into TBL_MENUITEM_ITEMS_MENUITEMS (UID_,PARENTUID,PARENTMENUID,OWNERPAGEID,DISPLAYNAME,DISPLAYNAME2,SUBFLAG,COLUMNPOS,IMAGEUID,LINKURL,LINKLOCATION,LEFTMARGIN,WINDOWOPTION,TENANT_ID) values ('55b6ee75-bdbd-4690-821e-9e41ee14603c','203',null,'d4dcceee-01f5-42da-9093-a243d3056204','전자결재G','전자결재G',null,10,'e58fec85-1180-43dc-bbcf-002d86019057','/ezApprovalG/apprGMain.do',null,null,null,0);
Insert into TBL_MENUITEM_ITEMS_MENUITEMS (UID_,PARENTUID,PARENTMENUID,OWNERPAGEID,DISPLAYNAME,DISPLAYNAME2,SUBFLAG,COLUMNPOS,IMAGEUID,LINKURL,LINKLOCATION,LEFTMARGIN,WINDOWOPTION,TENANT_ID) values ('5aa98062-f4be-4245-9659-94a0d526a9a3','204','cc9b12f3-85b5-40c2-8f90-5db1b543d9a1','b0a4e923-d270-4353-9e81-e86c14424262',null,null,null,null,null,null,null,null,null,0);
Insert into TBL_MENUITEM_ITEMS_MENUITEMS (UID_,PARENTUID,PARENTMENUID,OWNERPAGEID,DISPLAYNAME,DISPLAYNAME2,SUBFLAG,COLUMNPOS,IMAGEUID,LINKURL,LINKLOCATION,LEFTMARGIN,WINDOWOPTION,TENANT_ID) values ('5b61e8f2-f226-48d8-b94e-bc545a909c9e','204','53e846f4-3946-4614-a146-2866c14940dc','d4dcceee-01f5-42da-9093-a243d3056204',null,null,null,null,null,null,null,null,null,0);
Insert into TBL_MENUITEM_ITEMS_MENUITEMS (UID_,PARENTUID,PARENTMENUID,OWNERPAGEID,DISPLAYNAME,DISPLAYNAME2,SUBFLAG,COLUMNPOS,IMAGEUID,LINKURL,LINKLOCATION,LEFTMARGIN,WINDOWOPTION,TENANT_ID) values ('5b6e9111-4b55-473b-ac39-22acb6ff7d16','204','c509b9ce-a545-4bde-bc38-77786cd87c41','F3633607-8E8B-42A1-B777-6E2969072E58',null,null,null,null,null,null,null,null,null,0);
Insert into TBL_MENUITEM_ITEMS_MENUITEMS (UID_,PARENTUID,PARENTMENUID,OWNERPAGEID,DISPLAYNAME,DISPLAYNAME2,SUBFLAG,COLUMNPOS,IMAGEUID,LINKURL,LINKLOCATION,LEFTMARGIN,WINDOWOPTION,TENANT_ID) values ('5e665934-a497-4757-aed9-0502369b5ed1','204','7ad2f4ee-5fd8-4c72-bd39-40f889c07e37','b0a4e923-d270-4353-9e81-e86c14424262',null,null,null,null,null,null,null,null,null,0);
Insert into TBL_MENUITEM_ITEMS_MENUITEMS (UID_,PARENTUID,PARENTMENUID,OWNERPAGEID,DISPLAYNAME,DISPLAYNAME2,SUBFLAG,COLUMNPOS,IMAGEUID,LINKURL,LINKLOCATION,LEFTMARGIN,WINDOWOPTION,TENANT_ID) values ('5f2b7286-5a1e-4f7b-8dff-ddbe41fba8c7','204','c4736cf0-6cf0-42f1-979d-20678b68d171','d4dcceee-01f5-42da-9093-a243d3056204',null,null,null,null,null,null,null,null,null,0);
Insert into TBL_MENUITEM_ITEMS_MENUITEMS (UID_,PARENTUID,PARENTMENUID,OWNERPAGEID,DISPLAYNAME,DISPLAYNAME2,SUBFLAG,COLUMNPOS,IMAGEUID,LINKURL,LINKLOCATION,LEFTMARGIN,WINDOWOPTION,TENANT_ID) values ('654c49f3-ea51-4e09-a4f8-396d767733b3','204','4c66937f-83ee-45ea-9f0b-cada9d179280','b0a4e923-d270-4353-9e81-e86c14424262',null,null,null,null,null,null,null,null,null,0);
Insert into TBL_MENUITEM_ITEMS_MENUITEMS (UID_,PARENTUID,PARENTMENUID,OWNERPAGEID,DISPLAYNAME,DISPLAYNAME2,SUBFLAG,COLUMNPOS,IMAGEUID,LINKURL,LINKLOCATION,LEFTMARGIN,WINDOWOPTION,TENANT_ID) values ('68924dd0-5369-41ce-9a5c-c6a8ae9cb22a','204','0ad5cb7c-a4b9-46d5-a7c7-6ff05bd46d5b','b0a4e923-d270-4353-9e81-e86c14424262',null,null,null,null,null,null,null,null,null,0);
Insert into TBL_MENUITEM_ITEMS_MENUITEMS (UID_,PARENTUID,PARENTMENUID,OWNERPAGEID,DISPLAYNAME,DISPLAYNAME2,SUBFLAG,COLUMNPOS,IMAGEUID,LINKURL,LINKLOCATION,LEFTMARGIN,WINDOWOPTION,TENANT_ID) values ('284127a1-adb4-4ce5-be48-00ed37100d38','204','f5c278f0-b62d-4437-8b08-1a81c2410497','F3633607-8E8B-42A1-B777-6E2969072E58',null,null,null,null,null,null,null,null,null,0);
Insert into TBL_MENUITEM_ITEMS_MENUITEMS (UID_,PARENTUID,PARENTMENUID,OWNERPAGEID,DISPLAYNAME,DISPLAYNAME2,SUBFLAG,COLUMNPOS,IMAGEUID,LINKURL,LINKLOCATION,LEFTMARGIN,WINDOWOPTION,TENANT_ID) values ('28e8af74-de0c-4e3e-a392-0e63ff623981','202',null,'d4dcceee-01f5-42da-9093-a243d3056204','設定','設定',null,3,null,'/ezPortal/environmentMain.do','main',null,' ',0);
Insert into TBL_MENUITEM_ITEMS_MENUITEMS (UID_,PARENTUID,PARENTMENUID,OWNERPAGEID,DISPLAYNAME,DISPLAYNAME2,SUBFLAG,COLUMNPOS,IMAGEUID,LINKURL,LINKLOCATION,LEFTMARGIN,WINDOWOPTION,TENANT_ID) values ('2ceeaab8-3ec5-47fd-87ff-6e9b684b0594','204','4d0e8144-011d-4483-ac42-43c179b9dc87','F3633607-8E8B-42A1-B777-6E2969072E58',null,null,null,null,null,null,null,null,null,0);
Insert into TBL_MENUITEM_ITEMS_MENUITEMS (UID_,PARENTUID,PARENTMENUID,OWNERPAGEID,DISPLAYNAME,DISPLAYNAME2,SUBFLAG,COLUMNPOS,IMAGEUID,LINKURL,LINKLOCATION,LEFTMARGIN,WINDOWOPTION,TENANT_ID) values ('2e1803bc-9df3-412a-98ae-045fa345ed98','203',null,'b0a4e923-d270-4353-9e81-e86c14424262','메일','메일',null,2,'46418adc-1f61-4e30-b8f8-53faebaf83b4','/ezEmail/mailMain.do',null,null,null,0);
Insert into TBL_MENUITEM_ITEMS_MENUITEMS (UID_,PARENTUID,PARENTMENUID,OWNERPAGEID,DISPLAYNAME,DISPLAYNAME2,SUBFLAG,COLUMNPOS,IMAGEUID,LINKURL,LINKLOCATION,LEFTMARGIN,WINDOWOPTION,TENANT_ID) values ('2f9e65ff-b89b-4089-819c-8a1dd13561ae','202',null,'d4dcceee-01f5-42da-9093-a243d3056204','ヘルプ','ヘルプ',null,4,null,'/ezPortal/help/help.do','helpWindow',null,'height=700px,width=1000px, status = no, toolbar=no, menubar=no, location=no, resizable=0',0);
Insert into TBL_MENUITEM_ITEMS_MENUITEMS (UID_,PARENTUID,PARENTMENUID,OWNERPAGEID,DISPLAYNAME,DISPLAYNAME2,SUBFLAG,COLUMNPOS,IMAGEUID,LINKURL,LINKLOCATION,LEFTMARGIN,WINDOWOPTION,TENANT_ID) values ('30e786cb-d358-4335-b0b1-234eca27d56c','204','8a485e8a-9162-479d-a21a-fda9585e0e3e','F3633607-8E8B-42A1-B777-6E2969072E58',null,null,null,null,null,null,null,null,null,0);
Insert into TBL_MENUITEM_ITEMS_MENUITEMS (UID_,PARENTUID,PARENTMENUID,OWNERPAGEID,DISPLAYNAME,DISPLAYNAME2,SUBFLAG,COLUMNPOS,IMAGEUID,LINKURL,LINKLOCATION,LEFTMARGIN,WINDOWOPTION,TENANT_ID) values ('7acbc603-5383-4da4-ae14-523112a5c167','203',null,'b0a4e923-d270-4353-9e81-e86c14424262','전자결재','전자결재',null,4,'8f89f7ea-cc5b-43f6-a522-d57f584fe3f7','/ezApproval/apprMain.do',null,null,null,0);
Insert into TBL_MENUITEM_ITEMS_MENUITEMS (UID_,PARENTUID,PARENTMENUID,OWNERPAGEID,DISPLAYNAME,DISPLAYNAME2,SUBFLAG,COLUMNPOS,IMAGEUID,LINKURL,LINKLOCATION,LEFTMARGIN,WINDOWOPTION,TENANT_ID) values ('0258f59a-2478-48cd-8145-0323bedc2cb7','204','49e1b202-c2ae-4a4d-980a-29239b3e6e14','F3633607-8E8B-42A1-B777-6E2969072E58',null,null,null,null,null,null,null,null,null,0);
Insert into TBL_MENUITEM_ITEMS_MENUITEMS (UID_,PARENTUID,PARENTMENUID,OWNERPAGEID,DISPLAYNAME,DISPLAYNAME2,SUBFLAG,COLUMNPOS,IMAGEUID,LINKURL,LINKLOCATION,LEFTMARGIN,WINDOWOPTION,TENANT_ID) values ('0260dc48-e5b6-477b-9a15-3ad6a9b31dd0','202',null,'F3633607-8E8B-42A1-B777-6E2969072E58','로그아웃','eng_로그아웃',null,5,null,'/user/login/actionLogout.do','top',null,null,0);
Insert into TBL_MENUITEM_ITEMS_MENUITEMS (UID_,PARENTUID,PARENTMENUID,OWNERPAGEID,DISPLAYNAME,DISPLAYNAME2,SUBFLAG,COLUMNPOS,IMAGEUID,LINKURL,LINKLOCATION,LEFTMARGIN,WINDOWOPTION,TENANT_ID) values ('04bc1910-6e80-4904-9da2-e6c86eccc366','203',null,'d4dcceee-01f5-42da-9093-a243d3056204','메일','메일',null,2,'586258b4-f2ac-4416-b9ec-328132df65d0','/ezEmail/mailMain.do',null,null,null,0);
Insert into TBL_MENUITEM_ITEMS_MENUITEMS (UID_,PARENTUID,PARENTMENUID,OWNERPAGEID,DISPLAYNAME,DISPLAYNAME2,SUBFLAG,COLUMNPOS,IMAGEUID,LINKURL,LINKLOCATION,LEFTMARGIN,WINDOWOPTION,TENANT_ID) values ('07350485-7e46-4dc6-a8ec-1d6ca89ac7ed','202',null,'d4dcceee-01f5-42da-9093-a243d3056204','管理者','管理者',null,1,null,'/admin/main.do',null,null,' ',0);
Insert into TBL_MENUITEM_ITEMS_MENUITEMS (UID_,PARENTUID,PARENTMENUID,OWNERPAGEID,DISPLAYNAME,DISPLAYNAME2,SUBFLAG,COLUMNPOS,IMAGEUID,LINKURL,LINKLOCATION,LEFTMARGIN,WINDOWOPTION,TENANT_ID) values ('08eb7695-3b27-4003-b5c4-eea1a99bbd05','202',null,'b0a4e923-d270-4353-9e81-e86c14424262','Administrator','Administrator',null,1,null,'/admin/main.do',null,null,' ',0);
Insert into TBL_MENUITEM_ITEMS_MENUITEMS (UID_,PARENTUID,PARENTMENUID,OWNERPAGEID,DISPLAYNAME,DISPLAYNAME2,SUBFLAG,COLUMNPOS,IMAGEUID,LINKURL,LINKLOCATION,LEFTMARGIN,WINDOWOPTION,TENANT_ID) values ('09e1d12c-5ffd-4240-8791-020431a5c47b','203',null,'F3633607-8E8B-42A1-B777-6E2969072E58','메일','메일',null,2,'b56c7f48-99dc-4145-81ea-80e1d6f9db8d','/ezEmail/mailMain.do','main',null,' ',0);
Insert into TBL_MENUITEM_ITEMS_MENUITEMS (UID_,PARENTUID,PARENTMENUID,OWNERPAGEID,DISPLAYNAME,DISPLAYNAME2,SUBFLAG,COLUMNPOS,IMAGEUID,LINKURL,LINKLOCATION,LEFTMARGIN,WINDOWOPTION,TENANT_ID) values ('0e5a0f4a-9f85-4fe7-bb26-ee0dcceda821','204','7431401e-6b06-4363-ba5b-fc7026757d63','F3633607-8E8B-42A1-B777-6E2969072E58',null,null,null,null,null,null,null,null,null,0);
Insert into TBL_MENUITEM_ITEMS_MENUITEMS (UID_,PARENTUID,PARENTMENUID,OWNERPAGEID,DISPLAYNAME,DISPLAYNAME2,SUBFLAG,COLUMNPOS,IMAGEUID,LINKURL,LINKLOCATION,LEFTMARGIN,WINDOWOPTION,TENANT_ID) values ('0f3de424-a078-4165-87d5-4fd21534803c','202',null,'F3633607-8E8B-42A1-B777-6E2969072E58','관리자','eng_관리자',null,1,null,'/admin/main.do',null,null,null,0);
Insert into TBL_MENUITEM_ITEMS_MENUITEMS (UID_,PARENTUID,PARENTMENUID,OWNERPAGEID,DISPLAYNAME,DISPLAYNAME2,SUBFLAG,COLUMNPOS,IMAGEUID,LINKURL,LINKLOCATION,LEFTMARGIN,WINDOWOPTION,TENANT_ID) values ('0f75caac-ed19-47be-bab1-9240c09ccfcc','204','ef6672bd-e78e-4889-b7c0-edff98814f2c','b0a4e923-d270-4353-9e81-e86c14424262',null,null,null,null,null,null,null,null,null,0);
Insert into TBL_MENUITEM_ITEMS_MENUITEMS (UID_,PARENTUID,PARENTMENUID,OWNERPAGEID,DISPLAYNAME,DISPLAYNAME2,SUBFLAG,COLUMNPOS,IMAGEUID,LINKURL,LINKLOCATION,LEFTMARGIN,WINDOWOPTION,TENANT_ID) values ('11f6ac57-a9bf-4373-bb54-da94d71f957f','204','f31e5262-c633-4f0d-ac95-817843fc5f38','F3633607-8E8B-42A1-B777-6E2969072E58',null,null,null,null,null,null,null,null,null,0);
Insert into TBL_MENUITEM_ITEMS_MENUITEMS (UID_,PARENTUID,PARENTMENUID,OWNERPAGEID,DISPLAYNAME,DISPLAYNAME2,SUBFLAG,COLUMNPOS,IMAGEUID,LINKURL,LINKLOCATION,LEFTMARGIN,WINDOWOPTION,TENANT_ID) values ('134c1c56-02c1-4159-a067-b2a495d969e0','204','4100d63f-5203-49f3-bf0e-22a6a4e437d1','b0a4e923-d270-4353-9e81-e86c14424262',null,null,null,null,null,null,null,null,null,0);
Insert into TBL_MENUITEM_ITEMS_MENUITEMS (UID_,PARENTUID,PARENTMENUID,OWNERPAGEID,DISPLAYNAME,DISPLAYNAME2,SUBFLAG,COLUMNPOS,IMAGEUID,LINKURL,LINKLOCATION,LEFTMARGIN,WINDOWOPTION,TENANT_ID) values ('155f4e89-c405-4e5b-9391-97c7d3dc0dcd','204','62ef609e-ab67-4b30-bde9-0412c3378290','F3633607-8E8B-42A1-B777-6E2969072E58',null,null,null,null,null,null,null,null,null,0);
Insert into TBL_MENUITEM_ITEMS_MENUITEMS (UID_,PARENTUID,PARENTMENUID,OWNERPAGEID,DISPLAYNAME,DISPLAYNAME2,SUBFLAG,COLUMNPOS,IMAGEUID,LINKURL,LINKLOCATION,LEFTMARGIN,WINDOWOPTION,TENANT_ID) values ('1cd70cfa-44ad-4e43-98dd-ed07c659b4b7','204','03b0ee1d-8cd7-4e73-afe4-4696a6662922','b0a4e923-d270-4353-9e81-e86c14424262',null,null,null,null,null,null,null,null,null,0);
Insert into TBL_MENUITEM_ITEMS_MENUITEMS (UID_,PARENTUID,PARENTMENUID,OWNERPAGEID,DISPLAYNAME,DISPLAYNAME2,SUBFLAG,COLUMNPOS,IMAGEUID,LINKURL,LINKLOCATION,LEFTMARGIN,WINDOWOPTION,TENANT_ID) values ('1dc7d4e1-303f-4d13-a8b6-d5ebf8f3f32d','203',null,'F3633607-8E8B-42A1-B777-6E2969072E58','게시판','게시판',null,4,'e45ac7ba-496d-47fa-a711-db8bb16fd95a','/ezBoard/boardMain.do','main',null,' ',0);
Insert into TBL_MENUITEM_ITEMS_MENUITEMS (UID_,PARENTUID,PARENTMENUID,OWNERPAGEID,DISPLAYNAME,DISPLAYNAME2,SUBFLAG,COLUMNPOS,IMAGEUID,LINKURL,LINKLOCATION,LEFTMARGIN,WINDOWOPTION,TENANT_ID) values ('1f07c057-1fa1-4e35-a51f-2c3aa99f3c0c','204','1dc7d4e1-303f-4d13-a8b6-d5ebf8f3f32d','F3633607-8E8B-42A1-B777-6E2969072E58',null,null,null,null,null,null,null,null,null,0);
Insert into TBL_MENUITEM_ITEMS_MENUITEMS (UID_,PARENTUID,PARENTMENUID,OWNERPAGEID,DISPLAYNAME,DISPLAYNAME2,SUBFLAG,COLUMNPOS,IMAGEUID,LINKURL,LINKLOCATION,LEFTMARGIN,WINDOWOPTION,TENANT_ID) values ('1f3ab4e9-787e-41f5-a691-6b1e0e52380b','204','ac7b2e1b-71b2-4c46-b544-66468bfaf2f9','F3633607-8E8B-42A1-B777-6E2969072E58',null,null,null,null,null,null,null,null,null,0);
Insert into TBL_MENUITEM_ITEMS_MENUITEMS (UID_,PARENTUID,PARENTMENUID,OWNERPAGEID,DISPLAYNAME,DISPLAYNAME2,SUBFLAG,COLUMNPOS,IMAGEUID,LINKURL,LINKLOCATION,LEFTMARGIN,WINDOWOPTION,TENANT_ID) values ('1f613cb1-a2f6-4f73-8b89-f0511cd2f911','203',null,'b0a4e923-d270-4353-9e81-e86c14424262','게시판','게시판',null,5,'e6f32470-e5ea-4e38-9d3d-337d41fedccd','/ezBoard/boardMain.do',null,null,null,0);
Insert into TBL_MENUITEM_ITEMS_MENUITEMS (UID_,PARENTUID,PARENTMENUID,OWNERPAGEID,DISPLAYNAME,DISPLAYNAME2,SUBFLAG,COLUMNPOS,IMAGEUID,LINKURL,LINKLOCATION,LEFTMARGIN,WINDOWOPTION,TENANT_ID) values ('37e4a9c1-a923-4ba6-9f08-2757cf4d4693','202',null,'F3633607-8E8B-42A1-B777-6E2969072E58','직원조회','eng_직원조회',null,2,null,'/ezPersonal/personSearch.do',' ',null,'height=550px,width=750px, status = no, toolbar=no, menubar=no,location=no, resizable=0',0);
Insert into TBL_MENUITEM_ITEMS_MENUITEMS (UID_,PARENTUID,PARENTMENUID,OWNERPAGEID,DISPLAYNAME,DISPLAYNAME2,SUBFLAG,COLUMNPOS,IMAGEUID,LINKURL,LINKLOCATION,LEFTMARGIN,WINDOWOPTION,TENANT_ID) values ('404591f7-fae8-452b-bb20-31b78d189325','204','55b6ee75-bdbd-4690-821e-9e41ee14603c','d4dcceee-01f5-42da-9093-a243d3056204',null,null,null,null,null,null,null,null,null,0);
Insert into TBL_MENUITEM_ITEMS_MENUITEMS (UID_,PARENTUID,PARENTMENUID,OWNERPAGEID,DISPLAYNAME,DISPLAYNAME2,SUBFLAG,COLUMNPOS,IMAGEUID,LINKURL,LINKLOCATION,LEFTMARGIN,WINDOWOPTION,TENANT_ID) values ('4330099a-4889-497b-ac76-912fc6e10994','203',null,'b0a4e923-d270-4353-9e81-e86c14424262','커뮤니티','커뮤니티en',null,6,'ac5d2eca-a340-42dc-95ae-1a4c42ff7885','/ezCommunity/communityMain.do',null,null,null,0);
Insert into TBL_MENUITEM_ITEMS_MENUITEMS (UID_,PARENTUID,PARENTMENUID,OWNERPAGEID,DISPLAYNAME,DISPLAYNAME2,SUBFLAG,COLUMNPOS,IMAGEUID,LINKURL,LINKLOCATION,LEFTMARGIN,WINDOWOPTION,TENANT_ID) values ('43bd6bc5-808b-4a2f-b0a9-da4abf1bb7b2','202',null,'d4dcceee-01f5-42da-9093-a243d3056204','ログアウト','ログアウト',null,5,null,'/user/login/actionLogout.do','top',null,null,0);
Insert into TBL_MENUITEM_ITEMS_MENUITEMS (UID_,PARENTUID,PARENTMENUID,OWNERPAGEID,DISPLAYNAME,DISPLAYNAME2,SUBFLAG,COLUMNPOS,IMAGEUID,LINKURL,LINKLOCATION,LEFTMARGIN,WINDOWOPTION,TENANT_ID) values ('f17d98c7-6331-428d-9d4e-421312eec8ee','203',null,'d4dcceee-01f5-42da-9093-a243d3056204','자원관리','자원관리',null,9,'d351b126-4e3a-486c-ab85-ef78738abead','/ezResource/resMain.do',null,null,null,0);
Insert into TBL_MENUITEM_ITEMS_MENUITEMS (UID_,PARENTUID,PARENTMENUID,OWNERPAGEID,DISPLAYNAME,DISPLAYNAME2,SUBFLAG,COLUMNPOS,IMAGEUID,LINKURL,LINKLOCATION,LEFTMARGIN,WINDOWOPTION,TENANT_ID) values ('f5c278f0-b62d-4437-8b08-1a81c2410497','203',null,'F3633607-8E8B-42A1-B777-6E2969072E58','커뮤니티','커뮤니티en',null,6,'80e37141-1c98-40b4-a7dc-8298e1abdce0','/ezCommunity/communityMain.do','main',null,' ',0);
Insert into TBL_MENUITEM_ITEMS_MENUITEMS (UID_,PARENTUID,PARENTMENUID,OWNERPAGEID,DISPLAYNAME,DISPLAYNAME2,SUBFLAG,COLUMNPOS,IMAGEUID,LINKURL,LINKLOCATION,LEFTMARGIN,WINDOWOPTION,TENANT_ID) values ('f805822c-f0da-4911-89dc-c71aa2c3bb62','204','89c88f6b-b68e-45a8-9a2b-58817f6d6cab','b0a4e923-d270-4353-9e81-e86c14424262',null,null,null,null,null,null,null,null,null,0);
Insert into TBL_MENUITEM_ITEMS_MENUITEMS (UID_,PARENTUID,PARENTMENUID,OWNERPAGEID,DISPLAYNAME,DISPLAYNAME2,SUBFLAG,COLUMNPOS,IMAGEUID,LINKURL,LINKLOCATION,LEFTMARGIN,WINDOWOPTION,TENANT_ID) values ('6a1ea8aa-cceb-4928-bba1-076a73b62223','204','7acbc603-5383-4da4-ae14-523112a5c167','b0a4e923-d270-4353-9e81-e86c14424262',null,null,null,null,null,null,null,null,null,0);
Insert into TBL_MENUITEM_ITEMS_MENUITEMS (UID_,PARENTUID,PARENTMENUID,OWNERPAGEID,DISPLAYNAME,DISPLAYNAME2,SUBFLAG,COLUMNPOS,IMAGEUID,LINKURL,LINKLOCATION,LEFTMARGIN,WINDOWOPTION,TENANT_ID) values ('6cdb78b7-ae72-48ce-990f-5c0f6838fbbc','203',null,'F3633607-8E8B-42A1-B777-6E2969072E58','일정관리','Schedule',null,3,'c76829c2-94a9-48e5-b281-c4a8df65afcb','/ezSchedule/scheduleIndex.do?funCode=2','main',null,' ',0);
Insert into TBL_MENUITEM_ITEMS_MENUITEMS (UID_,PARENTUID,PARENTMENUID,OWNERPAGEID,DISPLAYNAME,DISPLAYNAME2,SUBFLAG,COLUMNPOS,IMAGEUID,LINKURL,LINKLOCATION,LEFTMARGIN,WINDOWOPTION,TENANT_ID) values ('6db81dc5-e8ba-49c8-b625-df4fd375a43a','203',null,'F3633607-8E8B-42A1-B777-6E2969072E58','자원관리','자원관리',null,9,'55500da7-0de3-4e2c-8acc-e52cbd8bbee8','/ezResource/resMain.do',null,null,null,0);
Insert into TBL_MENUITEM_ITEMS_MENUITEMS (UID_,PARENTUID,PARENTMENUID,OWNERPAGEID,DISPLAYNAME,DISPLAYNAME2,SUBFLAG,COLUMNPOS,IMAGEUID,LINKURL,LINKLOCATION,LEFTMARGIN,WINDOWOPTION,TENANT_ID) values ('70fd0c61-af80-4f22-bf6e-d17d3f666bf9','202',null,'b0a4e923-d270-4353-9e81-e86c14424262','Help','Help',null,4,null,'/ezPortal/help/help.do','helpWindow',null,'height=700px,width=1000px, status = no, toolbar=no, menubar=no, location=no, resizable=0',0);
Insert into TBL_MENUITEM_ITEMS_MENUITEMS (UID_,PARENTUID,PARENTMENUID,OWNERPAGEID,DISPLAYNAME,DISPLAYNAME2,SUBFLAG,COLUMNPOS,IMAGEUID,LINKURL,LINKLOCATION,LEFTMARGIN,WINDOWOPTION,TENANT_ID) values ('723443ed-b168-45db-9176-fb1aa3de0513','204','6cdb78b7-ae72-48ce-990f-5c0f6838fbbc','F3633607-8E8B-42A1-B777-6E2969072E58',null,null,null,null,null,null,null,null,null,0);
Insert into TBL_MENUITEM_ITEMS_MENUITEMS (UID_,PARENTUID,PARENTMENUID,OWNERPAGEID,DISPLAYNAME,DISPLAYNAME2,SUBFLAG,COLUMNPOS,IMAGEUID,LINKURL,LINKLOCATION,LEFTMARGIN,WINDOWOPTION,TENANT_ID) values ('72bcbef1-6b4c-41ec-b884-9762c21e4dcb','204','c4cb8eef-6f1c-4c7b-b8cb-de1cd5196da9','b0a4e923-d270-4353-9e81-e86c14424262',null,null,null,null,null,null,null,null,null,0);
Insert into TBL_MENUITEM_ITEMS_MENUITEMS (UID_,PARENTUID,PARENTMENUID,OWNERPAGEID,DISPLAYNAME,DISPLAYNAME2,SUBFLAG,COLUMNPOS,IMAGEUID,LINKURL,LINKLOCATION,LEFTMARGIN,WINDOWOPTION,TENANT_ID) values ('73bf6744-6693-4142-ae0e-8570f13c5c69','204','52bd442b-58c4-4f2e-aadf-3cf6264631a5','F3633607-8E8B-42A1-B777-6E2969072E58',null,null,null,null,null,null,null,null,null,0);
Insert into TBL_MENUITEM_ITEMS_MENUITEMS (UID_,PARENTUID,PARENTMENUID,OWNERPAGEID,DISPLAYNAME,DISPLAYNAME2,SUBFLAG,COLUMNPOS,IMAGEUID,LINKURL,LINKLOCATION,LEFTMARGIN,WINDOWOPTION,TENANT_ID) values ('73fc6012-c812-4a54-bdc1-0bc580f837a4','203',null,'b0a4e923-d270-4353-9e81-e86c14424262','Schedule','Schedule',null,3,'388f0b77-9c53-42d5-b860-7eb1e74db215','/ezSchedule/scheduleIndex.do?funCode=2',null,null,null,0);
Insert into TBL_MENUITEM_ITEMS_MENUITEMS (UID_,PARENTUID,PARENTMENUID,OWNERPAGEID,DISPLAYNAME,DISPLAYNAME2,SUBFLAG,COLUMNPOS,IMAGEUID,LINKURL,LINKLOCATION,LEFTMARGIN,WINDOWOPTION,TENANT_ID) values ('74220b1f-342a-441d-b7e2-a644ec208db0','204','f96d5cd6-17f3-4765-9657-f1d18475ba4b','F3633607-8E8B-42A1-B777-6E2969072E58',null,null,null,null,null,null,null,null,null,0);
Insert into TBL_MENUITEM_ITEMS_MENUITEMS (UID_,PARENTUID,PARENTMENUID,OWNERPAGEID,DISPLAYNAME,DISPLAYNAME2,SUBFLAG,COLUMNPOS,IMAGEUID,LINKURL,LINKLOCATION,LEFTMARGIN,WINDOWOPTION,TENANT_ID) values ('78940244-839d-46af-ba00-463bc4648b80','204','f78914fe-351f-473b-87da-ed967bce5060','b0a4e923-d270-4353-9e81-e86c14424262',null,null,null,null,null,null,null,null,null,0);
Insert into TBL_MENUITEM_ITEMS_MENUITEMS (UID_,PARENTUID,PARENTMENUID,OWNERPAGEID,DISPLAYNAME,DISPLAYNAME2,SUBFLAG,COLUMNPOS,IMAGEUID,LINKURL,LINKLOCATION,LEFTMARGIN,WINDOWOPTION,TENANT_ID) values ('fb438703-6026-44f8-8878-84c2a206e3b3','204','64f696d4-4b57-445a-aadf-1e171ae7bcb8','F3633607-8E8B-42A1-B777-6E2969072E58',null,null,null,null,null,null,null,null,null,0);
Insert into TBL_MENUITEM_ITEMS_MENUITEMS (UID_,PARENTUID,PARENTMENUID,OWNERPAGEID,DISPLAYNAME,DISPLAYNAME2,SUBFLAG,COLUMNPOS,IMAGEUID,LINKURL,LINKLOCATION,LEFTMARGIN,WINDOWOPTION,TENANT_ID) values ('63d37f4d-967e-4182-84ab-b26b7c351c71','204','a912118a-f4e7-4917-8547-71e8149fdb9d','F3633607-8E8B-42A1-B777-6E2969072E58',null,null,null,null,null,null,null,null,null,0);
Insert into TBL_MENUITEM_ITEMS_MENUITEMS (UID_,PARENTUID,PARENTMENUID,OWNERPAGEID,DISPLAYNAME,DISPLAYNAME2,SUBFLAG,COLUMNPOS,IMAGEUID,LINKURL,LINKLOCATION,LEFTMARGIN,WINDOWOPTION,TENANT_ID) values ('b11d5737-e06c-4387-bcd0-7792b6053b0d','204','4a213121-bb22-4d43-81df-982e1ba07be2','F3633607-8E8B-42A1-B777-6E2969072E58',null,null,null,null,null,null,null,null,null,0);
Insert into TBL_MENUITEM_ITEMS_MENUITEMS (UID_,PARENTUID,PARENTMENUID,OWNERPAGEID,DISPLAYNAME,DISPLAYNAME2,SUBFLAG,COLUMNPOS,IMAGEUID,LINKURL,LINKLOCATION,LEFTMARGIN,WINDOWOPTION,TENANT_ID) values ('d1dbcb93-cce0-4311-a202-6effcdcf0358','204','a52e3c9c-171e-44aa-b540-b4311f357b55','d4dcceee-01f5-42da-9093-a243d3056204',null,null,null,null,null,null,null,null,null,0);
Insert into TBL_MENUITEM_ITEMS_MENUITEMS (UID_,PARENTUID,PARENTMENUID,OWNERPAGEID,DISPLAYNAME,DISPLAYNAME2,SUBFLAG,COLUMNPOS,IMAGEUID,LINKURL,LINKLOCATION,LEFTMARGIN,WINDOWOPTION,TENANT_ID) values ('d2cb8420-4efe-4b56-986e-69a4a2c20814','204','8e35e3f1-ec52-4ee4-8638-af25a8737da7','d4dcceee-01f5-42da-9093-a243d3056204',null,null,null,null,null,null,null,null,null,0);
Insert into TBL_MENUITEM_ITEMS_MENUITEMS (UID_,PARENTUID,PARENTMENUID,OWNERPAGEID,DISPLAYNAME,DISPLAYNAME2,SUBFLAG,COLUMNPOS,IMAGEUID,LINKURL,LINKLOCATION,LEFTMARGIN,WINDOWOPTION,TENANT_ID) values ('d6de0e54-85fe-45a0-b9f1-52564900961e','204','04bc1910-6e80-4904-9da2-e6c86eccc366','d4dcceee-01f5-42da-9093-a243d3056204',null,null,null,null,null,null,null,null,null,0);
Insert into TBL_MENUITEM_ITEMS_MENUITEMS (UID_,PARENTUID,PARENTMENUID,OWNERPAGEID,DISPLAYNAME,DISPLAYNAME2,SUBFLAG,COLUMNPOS,IMAGEUID,LINKURL,LINKLOCATION,LEFTMARGIN,WINDOWOPTION,TENANT_ID) values ('d780c364-c267-4302-bef5-3fba95b06619','204','73fc6012-c812-4a54-bdc1-0bc580f837a4','b0a4e923-d270-4353-9e81-e86c14424262',null,null,null,null,null,null,null,null,null,0);
Insert into TBL_MENUITEM_ITEMS_MENUITEMS (UID_,PARENTUID,PARENTMENUID,OWNERPAGEID,DISPLAYNAME,DISPLAYNAME2,SUBFLAG,COLUMNPOS,IMAGEUID,LINKURL,LINKLOCATION,LEFTMARGIN,WINDOWOPTION,TENANT_ID) values ('ea075496-9065-4f2a-b9f0-f8181ca1928d','202',null,'F3633607-8E8B-42A1-B777-6E2969072E58','도움말','eng_도움말',null,4,null,'/ezPortal/help/help.do','helpWindow',null,'height=700px,width=1000px, status = no, toolbar=no, menubar=no, location=no, resizable=0',0);
Insert into TBL_MENUITEM_ITEMS_MENUITEMS (UID_,PARENTUID,PARENTMENUID,OWNERPAGEID,DISPLAYNAME,DISPLAYNAME2,SUBFLAG,COLUMNPOS,IMAGEUID,LINKURL,LINKLOCATION,LEFTMARGIN,WINDOWOPTION,TENANT_ID) values ('ec86804a-415b-41b9-97fc-164e7876a14e','204','cf34747c-d809-461d-93d9-e50486ae3b68','F3633607-8E8B-42A1-B777-6E2969072E58',null,null,null,null,null,null,null,null,null,0);
Insert into TBL_MENUITEM_ITEMS_MENUITEMS (UID_,PARENTUID,PARENTMENUID,OWNERPAGEID,DISPLAYNAME,DISPLAYNAME2,SUBFLAG,COLUMNPOS,IMAGEUID,LINKURL,LINKLOCATION,LEFTMARGIN,WINDOWOPTION,TENANT_ID) values ('94ef77fe-04fd-434a-8508-7fba98631bb8','203',null,'d4dcceee-01f5-42da-9093-a243d3056204','게시판','게시판',null,5,'2d13f9fc-51c1-4dfe-bfa3-d0bed6a22918','/ezBoard/boardMain.do',null,null,null,0);
Insert into TBL_MENUITEM_ITEMS_MENUITEMS (UID_,PARENTUID,PARENTMENUID,OWNERPAGEID,DISPLAYNAME,DISPLAYNAME2,SUBFLAG,COLUMNPOS,IMAGEUID,LINKURL,LINKLOCATION,LEFTMARGIN,WINDOWOPTION,TENANT_ID) values ('9770dc92-5da3-48aa-a674-dfeaefb4a7ec','204','1294c930-12b3-4fa7-9c53-86fb0261589a','b0a4e923-d270-4353-9e81-e86c14424262',null,null,null,null,null,null,null,null,null,0);
Insert into TBL_MENUITEM_ITEMS_MENUITEMS (UID_,PARENTUID,PARENTMENUID,OWNERPAGEID,DISPLAYNAME,DISPLAYNAME2,SUBFLAG,COLUMNPOS,IMAGEUID,LINKURL,LINKLOCATION,LEFTMARGIN,WINDOWOPTION,TENANT_ID) values ('98c8d196-a0c8-4767-b641-69e0c2020150','204','d00d04fb-3d8f-466c-9f0f-7fc974954c1c','b0a4e923-d270-4353-9e81-e86c14424262',null,null,null,null,null,null,null,null,null,0);
Insert into TBL_MENUITEM_ITEMS_MENUITEMS (UID_,PARENTUID,PARENTMENUID,OWNERPAGEID,DISPLAYNAME,DISPLAYNAME2,SUBFLAG,COLUMNPOS,IMAGEUID,LINKURL,LINKLOCATION,LEFTMARGIN,WINDOWOPTION,TENANT_ID) values ('9a434395-e198-4aa1-a424-74d035b5128e','204','5cf0b82b-dd98-4d68-b6e2-fc54eb1e950f','b0a4e923-d270-4353-9e81-e86c14424262',null,null,null,null,null,null,null,null,null,0);
Insert into TBL_MENUITEM_ITEMS_MENUITEMS (UID_,PARENTUID,PARENTMENUID,OWNERPAGEID,DISPLAYNAME,DISPLAYNAME2,SUBFLAG,COLUMNPOS,IMAGEUID,LINKURL,LINKLOCATION,LEFTMARGIN,WINDOWOPTION,TENANT_ID) values ('9ab26aa1-a70f-40e5-b22f-e1994d01897b','204','0e3e00ce-6046-4883-9afd-5b394d02e423','F3633607-8E8B-42A1-B777-6E2969072E58',null,null,null,null,null,null,null,null,null,0);
Insert into TBL_MENUITEM_ITEMS_MENUITEMS (UID_,PARENTUID,PARENTMENUID,OWNERPAGEID,DISPLAYNAME,DISPLAYNAME2,SUBFLAG,COLUMNPOS,IMAGEUID,LINKURL,LINKLOCATION,LEFTMARGIN,WINDOWOPTION,TENANT_ID) values ('9b2a3574-b823-4956-83b2-2f671f90a547','204','b39f97e9-4272-45d2-bcda-2ceb6d6e46d0','F3633607-8E8B-42A1-B777-6E2969072E58',null,null,null,null,null,null,null,null,null,0);
Insert into TBL_MENUITEM_ITEMS_MENUITEMS (UID_,PARENTUID,PARENTMENUID,OWNERPAGEID,DISPLAYNAME,DISPLAYNAME2,SUBFLAG,COLUMNPOS,IMAGEUID,LINKURL,LINKLOCATION,LEFTMARGIN,WINDOWOPTION,TENANT_ID) values ('9eb0fd34-725e-47ed-93e4-06e06a66dd92','202',null,'b0a4e923-d270-4353-9e81-e86c14424262','Logout','Logout',null,5,null,'/user/login/actionLogout.do','top',null,' ',0);
Insert into TBL_MENUITEM_ITEMS_MENUITEMS (UID_,PARENTUID,PARENTMENUID,OWNERPAGEID,DISPLAYNAME,DISPLAYNAME2,SUBFLAG,COLUMNPOS,IMAGEUID,LINKURL,LINKLOCATION,LEFTMARGIN,WINDOWOPTION,TENANT_ID) values ('9f190819-a7f1-4742-8ad3-0be1a75cb0db','204','94ef77fe-04fd-434a-8508-7fba98631bb8','d4dcceee-01f5-42da-9093-a243d3056204',null,null,null,null,null,null,null,null,null,0);
Insert into TBL_MENUITEM_ITEMS_MENUITEMS (UID_,PARENTUID,PARENTMENUID,OWNERPAGEID,DISPLAYNAME,DISPLAYNAME2,SUBFLAG,COLUMNPOS,IMAGEUID,LINKURL,LINKLOCATION,LEFTMARGIN,WINDOWOPTION,TENANT_ID) values ('9fbb793a-565d-4a42-ad88-2f3df5c87616','204','f17d98c7-6331-428d-9d4e-421312eec8ee','d4dcceee-01f5-42da-9093-a243d3056204',null,null,null,null,null,null,null,null,null,0);
Insert into TBL_MENUITEM_ITEMS_MENUITEMS (UID_,PARENTUID,PARENTMENUID,OWNERPAGEID,DISPLAYNAME,DISPLAYNAME2,SUBFLAG,COLUMNPOS,IMAGEUID,LINKURL,LINKLOCATION,LEFTMARGIN,WINDOWOPTION,TENANT_ID) values ('a20f58e8-6df9-4ec4-9a86-f08afee5bbe1','204','2e1803bc-9df3-412a-98ae-045fa345ed98','b0a4e923-d270-4353-9e81-e86c14424262',null,null,null,null,null,null,null,null,null,0);
Insert into TBL_MENUITEM_ITEMS_MENUITEMS (UID_,PARENTUID,PARENTMENUID,OWNERPAGEID,DISPLAYNAME,DISPLAYNAME2,SUBFLAG,COLUMNPOS,IMAGEUID,LINKURL,LINKLOCATION,LEFTMARGIN,WINDOWOPTION,TENANT_ID) values ('a52e3c9c-171e-44aa-b540-b4311f357b55','203',null,'d4dcceee-01f5-42da-9093-a243d3056204','전자결재','전자결재',null,4,'4d8d47b5-7257-4f4e-b70b-d63e09e32299','/ezApproval/apprMain.do',null,null,null,0);
Insert into TBL_MENUITEM_ITEMS_MENUITEMS (UID_,PARENTUID,PARENTMENUID,OWNERPAGEID,DISPLAYNAME,DISPLAYNAME2,SUBFLAG,COLUMNPOS,IMAGEUID,LINKURL,LINKLOCATION,LEFTMARGIN,WINDOWOPTION,TENANT_ID) values ('69b6d233-c50d-4b38-bb50-5bf51c02c35b','202',null,'b0a4e923-d270-4353-9e81-e86c14424262','Organization ','Organization ',null,2,null,'/ezPersonal/personSearch.do',null,null,'height=550px,width=750px, status = no, toolbar=no, menubar=no,location=no, resizable=0',0);
Insert into TBL_MENUITEM_ITEMS_MENUITEMS (UID_,PARENTUID,PARENTMENUID,OWNERPAGEID,DISPLAYNAME,DISPLAYNAME2,SUBFLAG,COLUMNPOS,IMAGEUID,LINKURL,LINKLOCATION,LEFTMARGIN,WINDOWOPTION,TENANT_ID) values ('69edeceb-c945-41bd-861f-987814fcc2a4','204','193e8246-8215-4680-9fc0-3f7a5c13e12c','F3633607-8E8B-42A1-B777-6E2969072E58',null,null,null,null,null,null,null,null,null,0);
Insert into TBL_MENUITEM_ITEMS_MENUITEMS (UID_,PARENTUID,PARENTMENUID,OWNERPAGEID,DISPLAYNAME,DISPLAYNAME2,SUBFLAG,COLUMNPOS,IMAGEUID,LINKURL,LINKLOCATION,LEFTMARGIN,WINDOWOPTION,TENANT_ID) values ('7dd03f77-b6ac-4e1e-918d-a4354fa25608','204','7fde32ad-5e48-4357-b24c-5f2594919b88','b0a4e923-d270-4353-9e81-e86c14424262',null,null,null,null,null,null,null,null,null,0);
Insert into TBL_MENUITEM_ITEMS_MENUITEMS (UID_,PARENTUID,PARENTMENUID,OWNERPAGEID,DISPLAYNAME,DISPLAYNAME2,SUBFLAG,COLUMNPOS,IMAGEUID,LINKURL,LINKLOCATION,LEFTMARGIN,WINDOWOPTION,TENANT_ID) values ('7f942e44-bc4d-42d5-bb51-30f7eee96525','204','6260bacb-398a-4391-8871-fd80142981bf','b0a4e923-d270-4353-9e81-e86c14424262',null,null,null,null,null,null,null,null,null,0);
Insert into TBL_MENUITEM_ITEMS_MENUITEMS (UID_,PARENTUID,PARENTMENUID,OWNERPAGEID,DISPLAYNAME,DISPLAYNAME2,SUBFLAG,COLUMNPOS,IMAGEUID,LINKURL,LINKLOCATION,LEFTMARGIN,WINDOWOPTION,TENANT_ID) values ('7fde32ad-5e48-4357-b24c-5f2594919b88','203',null,'b0a4e923-d270-4353-9e81-e86c14424262','홈','HOME',null,1,'8ac377c8-e8e6-463d-a44f-e6a47202b45f','/ezPortal/myPortal.do',null,null,null,0);
Insert into TBL_MENUITEM_ITEMS_MENUITEMS (UID_,PARENTUID,PARENTMENUID,OWNERPAGEID,DISPLAYNAME,DISPLAYNAME2,SUBFLAG,COLUMNPOS,IMAGEUID,LINKURL,LINKLOCATION,LEFTMARGIN,WINDOWOPTION,TENANT_ID) values ('8139c1a3-eb8b-4cf9-8c5a-a1bde7078a09','204','1f613cb1-a2f6-4f73-8b89-f0511cd2f911','b0a4e923-d270-4353-9e81-e86c14424262',null,null,null,null,null,null,null,null,null,0);
Insert into TBL_MENUITEM_ITEMS_MENUITEMS (UID_,PARENTUID,PARENTMENUID,OWNERPAGEID,DISPLAYNAME,DISPLAYNAME2,SUBFLAG,COLUMNPOS,IMAGEUID,LINKURL,LINKLOCATION,LEFTMARGIN,WINDOWOPTION,TENANT_ID) values ('821d9667-737e-4666-84c3-09ab96a545dd','204','6db81dc5-e8ba-49c8-b625-df4fd375a43a','F3633607-8E8B-42A1-B777-6E2969072E58',null,null,null,null,null,null,null,null,null,0);
Insert into TBL_MENUITEM_ITEMS_MENUITEMS (UID_,PARENTUID,PARENTMENUID,OWNERPAGEID,DISPLAYNAME,DISPLAYNAME2,SUBFLAG,COLUMNPOS,IMAGEUID,LINKURL,LINKLOCATION,LEFTMARGIN,WINDOWOPTION,TENANT_ID) values ('841cc601-4327-459d-9a81-87347e0283c6','204','4330099a-4889-497b-ac76-912fc6e10994','b0a4e923-d270-4353-9e81-e86c14424262',null,null,null,null,null,null,null,null,null,0);
Insert into TBL_MENUITEM_ITEMS_MENUITEMS (UID_,PARENTUID,PARENTMENUID,OWNERPAGEID,DISPLAYNAME,DISPLAYNAME2,SUBFLAG,COLUMNPOS,IMAGEUID,LINKURL,LINKLOCATION,LEFTMARGIN,WINDOWOPTION,TENANT_ID) values ('87c4bcf7-ac7f-455a-8ad7-a1698ccc3e7e','204','b8d8195c-c484-4409-a9bd-89e93d76e262','b0a4e923-d270-4353-9e81-e86c14424262',null,null,null,null,null,null,null,null,null,0);
Insert into TBL_MENUITEM_ITEMS_MENUITEMS (UID_,PARENTUID,PARENTMENUID,OWNERPAGEID,DISPLAYNAME,DISPLAYNAME2,SUBFLAG,COLUMNPOS,IMAGEUID,LINKURL,LINKLOCATION,LEFTMARGIN,WINDOWOPTION,TENANT_ID) values ('887ef24b-a0f6-438b-a3e6-032c4b9c580b','204','68be0f39-94ad-4b46-8ff5-304bdfddb47a','F3633607-8E8B-42A1-B777-6E2969072E58',null,null,null,null,null,null,null,null,null,0);
Insert into TBL_MENUITEM_ITEMS_MENUITEMS (UID_,PARENTUID,PARENTMENUID,OWNERPAGEID,DISPLAYNAME,DISPLAYNAME2,SUBFLAG,COLUMNPOS,IMAGEUID,LINKURL,LINKLOCATION,LEFTMARGIN,WINDOWOPTION,TENANT_ID) values ('8e35e3f1-ec52-4ee4-8638-af25a8737da7','203',null,'d4dcceee-01f5-42da-9093-a243d3056204','일정관리','Schedule',null,3,'ecb5c796-bfce-46a0-9c42-801eca04b31b','/ezSchedule/scheduleIndex.do?funCode=2',null,null,null,0);
Insert into TBL_MENUITEM_ITEMS_MENUITEMS (UID_,PARENTUID,PARENTMENUID,OWNERPAGEID,DISPLAYNAME,DISPLAYNAME2,SUBFLAG,COLUMNPOS,IMAGEUID,LINKURL,LINKLOCATION,LEFTMARGIN,WINDOWOPTION,TENANT_ID) values ('902628a5-92a6-4622-96fe-a8ed2ebf6bb0','204','517efcdf-3e2d-4588-ba6f-14eebeee48d9','b0a4e923-d270-4353-9e81-e86c14424262',null,null,null,null,null,null,null,null,null,0);
Insert into TBL_MENUITEM_ITEMS_MENUITEMS (UID_,PARENTUID,PARENTMENUID,OWNERPAGEID,DISPLAYNAME,DISPLAYNAME2,SUBFLAG,COLUMNPOS,IMAGEUID,LINKURL,LINKLOCATION,LEFTMARGIN,WINDOWOPTION,TENANT_ID) values ('a56082ad-9136-43a7-9749-c867f1f5529e','202',null,'d4dcceee-01f5-42da-9093-a243d3056204','組織','組織',null,2,null,'/ezPersonal/personSearch.do',null,null,'height=550px,width=750px, status = no, toolbar=no, menubar=no,location=no, resizable=0',0);
Insert into TBL_MENUITEM_ITEMS_MENUITEMS (UID_,PARENTUID,PARENTMENUID,OWNERPAGEID,DISPLAYNAME,DISPLAYNAME2,SUBFLAG,COLUMNPOS,IMAGEUID,LINKURL,LINKLOCATION,LEFTMARGIN,WINDOWOPTION,TENANT_ID) values ('a889fc9d-13e5-4656-874b-cfb58c989007','204','109faf7e-faf4-464f-8206-c19a3880a206','b0a4e923-d270-4353-9e81-e86c14424262',null,null,null,null,null,null,null,null,null,0);
Insert into TBL_MENUITEM_ITEMS_MENUITEMS (UID_,PARENTUID,PARENTMENUID,OWNERPAGEID,DISPLAYNAME,DISPLAYNAME2,SUBFLAG,COLUMNPOS,IMAGEUID,LINKURL,LINKLOCATION,LEFTMARGIN,WINDOWOPTION,TENANT_ID) values ('ac53a787-6411-4b12-9528-e7a9178e4f7d','204','763e71e3-4d56-4ecb-bfb0-6f8b743f4601','F3633607-8E8B-42A1-B777-6E2969072E58',null,null,null,null,null,null,null,null,null,0);
Insert into TBL_MENUITEM_ITEMS_MENUITEMS (UID_,PARENTUID,PARENTMENUID,OWNERPAGEID,DISPLAYNAME,DISPLAYNAME2,SUBFLAG,COLUMNPOS,IMAGEUID,LINKURL,LINKLOCATION,LEFTMARGIN,WINDOWOPTION,TENANT_ID) values ('b39f97e9-4272-45d2-bcda-2ceb6d6e46d0','203',null,'F3633607-8E8B-42A1-B777-6E2969072E58','전자결재G','전자결재G',null,10,'a2c52ee7-4e41-493d-8d58-bb26e00d52c1','/ezApprovalG/apprGMain.do','main',null,' ',0);
Insert into TBL_MENUITEM_ITEMS_MENUITEMS (UID_,PARENTUID,PARENTMENUID,OWNERPAGEID,DISPLAYNAME,DISPLAYNAME2,SUBFLAG,COLUMNPOS,IMAGEUID,LINKURL,LINKLOCATION,LEFTMARGIN,WINDOWOPTION,TENANT_ID) values ('bc70e84c-1ae0-4e2a-9e7a-e8dbfaf09719','204','062d1b08-991f-414b-80b2-406312da7095','F3633607-8E8B-42A1-B777-6E2969072E58',null,null,null,null,null,null,null,null,null,0);
Insert into TBL_MENUITEM_ITEMS_MENUITEMS (UID_,PARENTUID,PARENTMENUID,OWNERPAGEID,DISPLAYNAME,DISPLAYNAME2,SUBFLAG,COLUMNPOS,IMAGEUID,LINKURL,LINKLOCATION,LEFTMARGIN,WINDOWOPTION,TENANT_ID) values ('c1d31831-98a4-4c0a-9815-6c71ea9ff4d0','203',null,'F3633607-8E8B-42A1-B777-6E2969072E58','전자결재','전자결재',null,5,'9da456ad-190e-4ebe-9411-05fd19514278','/ezApproval/apprMain.do','main',null,' ',0);
Insert into TBL_MENUITEM_ITEMS_MENUITEMS (UID_,PARENTUID,PARENTMENUID,OWNERPAGEID,DISPLAYNAME,DISPLAYNAME2,SUBFLAG,COLUMNPOS,IMAGEUID,LINKURL,LINKLOCATION,LEFTMARGIN,WINDOWOPTION,TENANT_ID) values ('c28fdfab-e2ef-4d9d-bc07-e75d74600103','204','c1d31831-98a4-4c0a-9815-6c71ea9ff4d0','F3633607-8E8B-42A1-B777-6E2969072E58',null,null,null,null,null,null,null,null,null,0);
Insert into TBL_MENUITEM_ITEMS_MENUITEMS (UID_,PARENTUID,PARENTMENUID,OWNERPAGEID,DISPLAYNAME,DISPLAYNAME2,SUBFLAG,COLUMNPOS,IMAGEUID,LINKURL,LINKLOCATION,LEFTMARGIN,WINDOWOPTION,TENANT_ID) values ('c2fd093d-7923-4262-8a18-1fb3b47a99d1','204','09e1d12c-5ffd-4240-8791-020431a5c47b','F3633607-8E8B-42A1-B777-6E2969072E58',null,null,null,null,null,null,null,100,null,0);
Insert into TBL_MENUITEM_ITEMS_MENUITEMS (UID_,PARENTUID,PARENTMENUID,OWNERPAGEID,DISPLAYNAME,DISPLAYNAME2,SUBFLAG,COLUMNPOS,IMAGEUID,LINKURL,LINKLOCATION,LEFTMARGIN,WINDOWOPTION,TENANT_ID) values ('c4736cf0-6cf0-42f1-979d-20678b68d171','203',null,'d4dcceee-01f5-42da-9093-a243d3056204','커뮤니티','커뮤니티',null,6,'9dcb873f-4254-45b2-87f2-1e326a63db78','/ezCommunity/communityMain.do',null,null,null,0);
Insert into TBL_MENUITEM_ITEMS_MENUITEMS (UID_,PARENTUID,PARENTMENUID,OWNERPAGEID,DISPLAYNAME,DISPLAYNAME2,SUBFLAG,COLUMNPOS,IMAGEUID,LINKURL,LINKLOCATION,LEFTMARGIN,WINDOWOPTION,TENANT_ID) values ('cc9b12f3-85b5-40c2-8f90-5db1b543d9a1','203',null,'b0a4e923-d270-4353-9e81-e86c14424262','자원관리','자원관리',null,9,'bf71381c-4e0e-415a-82aa-dfcc1f0b4c7d','/ezResource/resMain.do',null,null,null,0);
Insert into TBL_MENUITEM_ITEMS_MENUITEMS (UID_,PARENTUID,PARENTMENUID,OWNERPAGEID,DISPLAYNAME,DISPLAYNAME2,SUBFLAG,COLUMNPOS,IMAGEUID,LINKURL,LINKLOCATION,LEFTMARGIN,WINDOWOPTION,TENANT_ID) values ('cf34747c-d809-461d-93d9-e50486ae3b68','203',null,'F3633607-8E8B-42A1-B777-6E2969072E58','홈','HOME',null,1,'d7e86d24-137e-4934-bf70-87fed28f5530','/ezPortal/myPortal.do','main',null,' ',0);
Insert into TBL_MENUITEM_ITEMS_MENUITEMS (UID_,PARENTUID,PARENTMENUID,OWNERPAGEID,DISPLAYNAME,DISPLAYNAME2,SUBFLAG,COLUMNPOS,IMAGEUID,LINKURL,LINKLOCATION,LEFTMARGIN,WINDOWOPTION,TENANT_ID) values ('d00d04fb-3d8f-466c-9f0f-7fc974954c1c','203',null,'b0a4e923-d270-4353-9e81-e86c14424262','전자결재G','전자결재G',null,10,'1ab34e97-4c6b-4249-a80a-4c4214486b95','/ezApprovalG/apprGMain.do',null,null,null,0);
Insert into TBL_MENUITEM_ITEMS_MENUITEMS (UID_,PARENTUID,PARENTMENUID,OWNERPAGEID,DISPLAYNAME,DISPLAYNAME2,SUBFLAG,COLUMNPOS,IMAGEUID,LINKURL,LINKLOCATION,LEFTMARGIN,WINDOWOPTION,TENANT_ID) values ('edabe052-f573-4377-ad95-7743f9093151','202',null,'b0a4e923-d270-4353-9e81-e86c14424262','Configuration','Configuration',null,3,null,'/ezPortal/environmentMain.do','main',null,' ',0);
Insert into TBL_MENUITEM_ITEMS_MENUITEMS (UID_,PARENTUID,PARENTMENUID,OWNERPAGEID,DISPLAYNAME,DISPLAYNAME2,SUBFLAG,COLUMNPOS,IMAGEUID,LINKURL,LINKLOCATION,LEFTMARGIN,WINDOWOPTION,TENANT_ID) values ('edc0803a-5e67-443a-bc8b-9659e39f87cf','204','0fbe027c-9241-4922-bf97-cc6d10e402c9','F3633607-8E8B-42A1-B777-6E2969072E58',null,null,null,null,null,null,null,null,null,0);
Insert into TBL_MENUITEM_ITEMS_MENUITEMS (UID_,PARENTUID,PARENTMENUID,OWNERPAGEID,DISPLAYNAME,DISPLAYNAME2,SUBFLAG,COLUMNPOS,IMAGEUID,LINKURL,LINKLOCATION,LEFTMARGIN,WINDOWOPTION,TENANT_ID) values ('f9da0e32-1ef0-440a-9796-d061c802a112','204','e254ef6f-d602-4d40-8e39-b44177a8737c','F3633607-8E8B-42A1-B777-6E2969072E58',null,null,null,null,null,null,null,null,null,0);
Insert into TBL_MENUITEM_ITEMS_MENUITEMS (UID_,PARENTUID,PARENTMENUID,OWNERPAGEID,DISPLAYNAME,DISPLAYNAME2,SUBFLAG,COLUMNPOS,IMAGEUID,LINKURL,LINKLOCATION,LEFTMARGIN,WINDOWOPTION,TENANT_ID) values ('6f321dd7-9626-4962-ac76-af4ef759824f','204','2016a429-cb39-4653-b92c-c9595c12acec','F3633607-8E8B-42A1-B777-6E2969072E58',null,null,null,null,null,null,null,null,null,0);
Insert into TBL_MENUITEM_ITEMS_MENUITEMS (UID_,PARENTUID,PARENTMENUID,OWNERPAGEID,DISPLAYNAME,DISPLAYNAME2,SUBFLAG,COLUMNPOS,IMAGEUID,LINKURL,LINKLOCATION,LEFTMARGIN,WINDOWOPTION,TENANT_ID) values ('9440231a-414b-4133-8fef-8859375b542a','204','8593cc87-7630-420b-a6d5-f7a8577c5a31','F3633607-8E8B-42A1-B777-6E2969072E58',null,null,null,null,null,null,null,null,null,0);
Insert into TBL_MENUITEM_ITEMS_MENUITEMS (UID_,PARENTUID,PARENTMENUID,OWNERPAGEID,DISPLAYNAME,DISPLAYNAME2,SUBFLAG,COLUMNPOS,IMAGEUID,LINKURL,LINKLOCATION,LEFTMARGIN,WINDOWOPTION,TENANT_ID) values ('dc2ee231-aedf-4cae-9741-155ddf055475','204','8e9ebb41-5631-4c6f-9887-ec824464bce3','F3633607-8E8B-42A1-B777-6E2969072E58',null,null,null,null,null,null,null,null,null,0);
Insert into TBL_MENUITEM_ITEMS_MENUITEMS (UID_,PARENTUID,PARENTMENUID,OWNERPAGEID,DISPLAYNAME,DISPLAYNAME2,SUBFLAG,COLUMNPOS,IMAGEUID,LINKURL,LINKLOCATION,LEFTMARGIN,WINDOWOPTION,TENANT_ID) values ('e14fa5b9-acdd-494f-9c69-7e1c924898d0','204','f6f7ecd7-1969-4025-9bcc-bbc181e41073','F3633607-8E8B-42A1-B777-6E2969072E58',null,null,null,null,null,null,null,null,null,0);
Insert into TBL_MENUITEM_ITEMS_MENUITEMS (UID_,PARENTUID,PARENTMENUID,OWNERPAGEID,DISPLAYNAME,DISPLAYNAME2,SUBFLAG,COLUMNPOS,IMAGEUID,LINKURL,LINKLOCATION,LEFTMARGIN,WINDOWOPTION,TENANT_ID) values ('ff61d3fe-8d14-4752-8cd7-b40eb64611e9','204','ce2fd9b5-3934-4cba-b13f-a32d36a5d63a','F3633607-8E8B-42A1-B777-6E2969072E58',null,null,null,null,null,null,null,null,null,0);
Insert into TBL_MENUITEM_ITEMS_MENUITEMS (UID_,PARENTUID,PARENTMENUID,OWNERPAGEID,DISPLAYNAME,DISPLAYNAME2,SUBFLAG,COLUMNPOS,IMAGEUID,LINKURL,LINKLOCATION,LEFTMARGIN,WINDOWOPTION,TENANT_ID) values ('38f17c9a-292c-41fc-bbe4-d767e42f2e27','204','56b67047-d14a-46fa-aebb-6e95041a8929','F3633607-8E8B-42A1-B777-6E2969072E58',null,null,null,null,null,null,null,null,null,0);
Insert into TBL_MENUITEM_ITEMS_MENUITEMS (UID_,PARENTUID,PARENTMENUID,OWNERPAGEID,DISPLAYNAME,DISPLAYNAME2,SUBFLAG,COLUMNPOS,IMAGEUID,LINKURL,LINKLOCATION,LEFTMARGIN,WINDOWOPTION,TENANT_ID) values ('e18e476b-9dd7-47d8-8be4-0e3d3ba496e4','204','8eef9794-1eeb-4f8d-9aa3-9c6b1126540e','F3633607-8E8B-42A1-B777-6E2969072E58',null,null,null,null,null,null,null,null,null,0);
Insert into TBL_MENUITEM_ITEMS_MENUITEMS (UID_,PARENTUID,PARENTMENUID,OWNERPAGEID,DISPLAYNAME,DISPLAYNAME2,SUBFLAG,COLUMNPOS,IMAGEUID,LINKURL,LINKLOCATION,LEFTMARGIN,WINDOWOPTION,TENANT_ID) values ('19fe8ed4-6be5-4ccc-a1c5-3dd538a88ecb','204','47211276-30bb-45c5-8735-873b5af59e64','b0a4e923-d270-4353-9e81-e86c14424262',null,null,null,null,null,null,null,null,null,0);
Insert into TBL_MENUITEM_ITEMS_MENUITEMS (UID_,PARENTUID,PARENTMENUID,OWNERPAGEID,DISPLAYNAME,DISPLAYNAME2,SUBFLAG,COLUMNPOS,IMAGEUID,LINKURL,LINKLOCATION,LEFTMARGIN,WINDOWOPTION,TENANT_ID) values ('d8c4d0ba-120d-411f-96ee-fd8715fd77dd','204','d29fe5ad-1dc6-413d-a208-d9c2b052acfc','F3633607-8E8B-42A1-B777-6E2969072E58',null,null,null,null,null,null,null,null,null,0);
Insert into TBL_MENUITEM_ITEMS_MENUITEMS (UID_,PARENTUID,PARENTMENUID,OWNERPAGEID,DISPLAYNAME,DISPLAYNAME2,SUBFLAG,COLUMNPOS,IMAGEUID,LINKURL,LINKLOCATION,LEFTMARGIN,WINDOWOPTION,TENANT_ID) values ('13027555-4d6a-4d59-99bf-f562880cd767','204','36b3c83f-0062-4313-90b1-91b029f11d03','F3633607-8E8B-42A1-B777-6E2969072E58',null,null,null,null,null,null,null,null,null,0);
Insert into TBL_MENUITEM_ITEMS_MENUITEMS (UID_,PARENTUID,PARENTMENUID,OWNERPAGEID,DISPLAYNAME,DISPLAYNAME2,SUBFLAG,COLUMNPOS,IMAGEUID,LINKURL,LINKLOCATION,LEFTMARGIN,WINDOWOPTION,TENANT_ID) values ('13371bff-4bf3-4018-a327-8c4b8aae408c','204','eca0b70d-7324-4c49-bc35-15e72f148fe2','F3633607-8E8B-42A1-B777-6E2969072E58',null,null,null,null,null,null,null,null,null,0);
Insert into TBL_MENUITEM_ITEMS_MENUITEMS (UID_,PARENTUID,PARENTMENUID,OWNERPAGEID,DISPLAYNAME,DISPLAYNAME2,SUBFLAG,COLUMNPOS,IMAGEUID,LINKURL,LINKLOCATION,LEFTMARGIN,WINDOWOPTION,TENANT_ID) values ('e527a052-3a14-4379-8bd5-150c14726138','204','ba0d5a0d-7ea9-469a-a981-a00e2b8825ec','F3633607-8E8B-42A1-B777-6E2969072E58',null,null,null,null,null,null,null,null,null,0);
Insert into TBL_MENUITEM_ITEMS_MENUITEMS (UID_,PARENTUID,PARENTMENUID,OWNERPAGEID,DISPLAYNAME,DISPLAYNAME2,SUBFLAG,COLUMNPOS,IMAGEUID,LINKURL,LINKLOCATION,LEFTMARGIN,WINDOWOPTION,TENANT_ID) values ('464b8cc3-d778-4c6b-9a2b-221187d138b4','204','698d7b32-1fe1-4fcc-af02-643b08fddfce','F3633607-8E8B-42A1-B777-6E2969072E58',null,null,null,null,null,null,null,null,null,0);
Insert into TBL_MENUITEM_ITEMS_MENUITEMS (UID_,PARENTUID,PARENTMENUID,OWNERPAGEID,DISPLAYNAME,DISPLAYNAME2,SUBFLAG,COLUMNPOS,IMAGEUID,LINKURL,LINKLOCATION,LEFTMARGIN,WINDOWOPTION,TENANT_ID) values ('f3b97b60-a177-4086-a460-29c04db4a824','204','7d3b9b37-5975-4cf5-9096-1adb43f7e755','F3633607-8E8B-42A1-B777-6E2969072E58',null,null,null,null,null,null,null,null,null,0);

Insert into TBL_MENUITEM_ITEMS_MENUITEMS_S (UID_,PARENTMENUID,OWNERPAGEID,DISPLAYNAME,DISPLAYNAME2,COLUMNPOS,IMAGEUID,LINKURL,LINKLOCATION,WINDOWOPTION,TENANT_ID) values ('04fccf89-e849-4c87-b364-ce5768c67031','55b6ee75-bdbd-4690-821e-9e41ee14603c','d4dcceee-01f5-42da-9093-a243d3056204','決裁待ちの文書','決裁待ちの文書',1,' ','/ezApprovalG/apprGMain.do','main',' ',0);
Insert into TBL_MENUITEM_ITEMS_MENUITEMS_S (UID_,PARENTMENUID,OWNERPAGEID,DISPLAYNAME,DISPLAYNAME2,COLUMNPOS,IMAGEUID,LINKURL,LINKLOCATION,WINDOWOPTION,TENANT_ID) values ('0d99fc50-55f4-4243-b47b-bf36c7ae58aa','2e1803bc-9df3-412a-98ae-045fa345ed98','b0a4e923-d270-4353-9e81-e86c14424262','Address','Address',2,' ','/ezEmail/mailMain.do?funCode=2','main',' ',0);
Insert into TBL_MENUITEM_ITEMS_MENUITEMS_S (UID_,PARENTMENUID,OWNERPAGEID,DISPLAYNAME,DISPLAYNAME2,COLUMNPOS,IMAGEUID,LINKURL,LINKLOCATION,WINDOWOPTION,TENANT_ID) values ('101d7cc4-555d-4c8a-a108-b776fabdad47','a52e3c9c-171e-44aa-b540-b4311f357b55','d4dcceee-01f5-42da-9093-a243d3056204','起案した文書','起案した文書',3,' ','/ezApproval/apprMain.do?listType=2','main',' ',0);
Insert into TBL_MENUITEM_ITEMS_MENUITEMS_S (UID_,PARENTMENUID,OWNERPAGEID,DISPLAYNAME,DISPLAYNAME2,COLUMNPOS,IMAGEUID,LINKURL,LINKLOCATION,WINDOWOPTION,TENANT_ID) values ('14c7302b-063e-4ba7-8233-8e8f257a0551','94ef77fe-04fd-434a-8508-7fba98631bb8','d4dcceee-01f5-42da-9093-a243d3056204','电子调查','电子调查',2,' ','/ezBoard/boardMain.do?subFunc=1','main',' ',0);
Insert into TBL_MENUITEM_ITEMS_MENUITEMS_S (UID_,PARENTMENUID,OWNERPAGEID,DISPLAYNAME,DISPLAYNAME2,COLUMNPOS,IMAGEUID,LINKURL,LINKLOCATION,WINDOWOPTION,TENANT_ID) values ('19f95530-0d8e-4585-a56b-bc00a28d8674','c1d31831-98a4-4c0a-9815-6c71ea9ff4d0','F3633607-8E8B-42A1-B777-6E2969072E58','결재할문서','결재할문서_en',1,' ','/ezApprovalG/apprGMain.do','main',' ',0);
Insert into TBL_MENUITEM_ITEMS_MENUITEMS_S (UID_,PARENTMENUID,OWNERPAGEID,DISPLAYNAME,DISPLAYNAME2,COLUMNPOS,IMAGEUID,LINKURL,LINKLOCATION,WINDOWOPTION,TENANT_ID) values ('22adf8b9-b12d-449b-9b91-ece274f32eb5','55b6ee75-bdbd-4690-821e-9e41ee14603c','d4dcceee-01f5-42da-9093-a243d3056204','起案した文書','起案した文書',3,' ','/ezApprovalG/apprGMain.do?listType=2','main',' ',0);
Insert into TBL_MENUITEM_ITEMS_MENUITEMS_S (UID_,PARENTMENUID,OWNERPAGEID,DISPLAYNAME,DISPLAYNAME2,COLUMNPOS,IMAGEUID,LINKURL,LINKLOCATION,WINDOWOPTION,TENANT_ID) values ('2341220c-33d9-430e-9a30-0cce35335552','55b6ee75-bdbd-4690-821e-9e41ee14603c','d4dcceee-01f5-42da-9093-a243d3056204','部门收件箱','部门收件箱',4,' ','/ezApprovalG/apprGMain.do?listType=4','main',' ',0);
Insert into TBL_MENUITEM_ITEMS_MENUITEMS_S (UID_,PARENTMENUID,OWNERPAGEID,DISPLAYNAME,DISPLAYNAME2,COLUMNPOS,IMAGEUID,LINKURL,LINKLOCATION,WINDOWOPTION,TENANT_ID) values ('26aa5ca6-986a-410c-8522-9b020580ee65','a52e3c9c-171e-44aa-b540-b4311f357b55','d4dcceee-01f5-42da-9093-a243d3056204','決裁進捗文書','決裁進捗文書',2,' ','/ezApproval/apprMain.do?listType=3','main',' ',0);
Insert into TBL_MENUITEM_ITEMS_MENUITEMS_S (UID_,PARENTMENUID,OWNERPAGEID,DISPLAYNAME,DISPLAYNAME2,COLUMNPOS,IMAGEUID,LINKURL,LINKLOCATION,WINDOWOPTION,TENANT_ID) values ('7230eb53-024f-4603-9aa6-4a297b433414','c1d31831-98a4-4c0a-9815-6c71ea9ff4d0','F3633607-8E8B-42A1-B777-6E2969072E58','기안한문서','기안한문서_en',3,' ','/ezApproval/apprMain.do?listType=2','main',' ',0);
Insert into TBL_MENUITEM_ITEMS_MENUITEMS_S (UID_,PARENTMENUID,OWNERPAGEID,DISPLAYNAME,DISPLAYNAME2,COLUMNPOS,IMAGEUID,LINKURL,LINKLOCATION,WINDOWOPTION,TENANT_ID) values ('7d237704-4123-4c60-95cc-16b6b0a06642','b39f97e9-4272-45d2-bcda-2ceb6d6e46d0','F3633607-8E8B-42A1-B777-6E2969072E58','결재할문서','결재할문서_en',1,' ','/ezApprovalG/apprGMain.do','main',' ',0);
Insert into TBL_MENUITEM_ITEMS_MENUITEMS_S (UID_,PARENTMENUID,OWNERPAGEID,DISPLAYNAME,DISPLAYNAME2,COLUMNPOS,IMAGEUID,LINKURL,LINKLOCATION,WINDOWOPTION,TENANT_ID) values ('8d13543c-7747-4828-a141-1e28045ff722','09e1d12c-5ffd-4240-8791-020431a5c47b','F3633607-8E8B-42A1-B777-6E2969072E58','주소록','ezAddress',2,' ','/ezEmail/mailMain.do?funCode=2','main',' ',0);
Insert into TBL_MENUITEM_ITEMS_MENUITEMS_S (UID_,PARENTMENUID,OWNERPAGEID,DISPLAYNAME,DISPLAYNAME2,COLUMNPOS,IMAGEUID,LINKURL,LINKLOCATION,WINDOWOPTION,TENANT_ID) values ('9d853064-592b-4d07-a731-bd71b2832325','55b6ee75-bdbd-4690-821e-9e41ee14603c','d4dcceee-01f5-42da-9093-a243d3056204','決裁進捗文書','決裁進捗文書',2,' ','/ezApprovalG/apprGMain.do?listType=3','main',' ',0);
Insert into TBL_MENUITEM_ITEMS_MENUITEMS_S (UID_,PARENTMENUID,OWNERPAGEID,DISPLAYNAME,DISPLAYNAME2,COLUMNPOS,IMAGEUID,LINKURL,LINKLOCATION,WINDOWOPTION,TENANT_ID) values ('32c593d8-6d84-457c-bce3-28d66c15453b','1f613cb1-a2f6-4f73-8b89-f0511cd2f911','b0a4e923-d270-4353-9e81-e86c14424262','Reserved post','Reserved post',3,' ','/ezBoard/boardMain.do?subFunc=2','main',' ',0);
Insert into TBL_MENUITEM_ITEMS_MENUITEMS_S (UID_,PARENTMENUID,OWNERPAGEID,DISPLAYNAME,DISPLAYNAME2,COLUMNPOS,IMAGEUID,LINKURL,LINKLOCATION,WINDOWOPTION,TENANT_ID) values ('356bae53-0b8f-42af-b0e2-16cdd9a42a95','2e1803bc-9df3-412a-98ae-045fa345ed98','b0a4e923-d270-4353-9e81-e86c14424262','E-mail','E-mail',1,' ','/ezEmail/mailMain.do?funCode=1','main',' ',0);
Insert into TBL_MENUITEM_ITEMS_MENUITEMS_S (UID_,PARENTMENUID,OWNERPAGEID,DISPLAYNAME,DISPLAYNAME2,COLUMNPOS,IMAGEUID,LINKURL,LINKLOCATION,WINDOWOPTION,TENANT_ID) values ('39f98e56-8eaa-49e0-95cf-b64fa2697f04','d00d04fb-3d8f-466c-9f0f-7fc974954c1c','b0a4e923-d270-4353-9e81-e86c14424262','Proposed','Proposed',4,' ','/ezApprovalG/apprGMain.do?listType=2','main',' ',0);
Insert into TBL_MENUITEM_ITEMS_MENUITEMS_S (UID_,PARENTMENUID,OWNERPAGEID,DISPLAYNAME,DISPLAYNAME2,COLUMNPOS,IMAGEUID,LINKURL,LINKLOCATION,WINDOWOPTION,TENANT_ID) values ('3a666e56-b5c5-4dc3-b455-2a4b607ce332','1dc7d4e1-303f-4d13-a8b6-d5ebf8f3f32d','F3633607-8E8B-42A1-B777-6E2969072E58','나의게시물','나의게시물_en',2,' ','/ezBoard/boardMain.do?subFunc=1','main',' ',0);
Insert into TBL_MENUITEM_ITEMS_MENUITEMS_S (UID_,PARENTMENUID,OWNERPAGEID,DISPLAYNAME,DISPLAYNAME2,COLUMNPOS,IMAGEUID,LINKURL,LINKLOCATION,WINDOWOPTION,TENANT_ID) values ('3d3f094f-f6f4-4d22-9ed4-b5e2db1935e6','c1d31831-98a4-4c0a-9815-6c71ea9ff4d0','F3633607-8E8B-42A1-B777-6E2969072E58','부서수신함','부서수신함_en',4,' ','/ezApproval/apprMain.do?listType=4','main',' ',0);
Insert into TBL_MENUITEM_ITEMS_MENUITEMS_S (UID_,PARENTMENUID,OWNERPAGEID,DISPLAYNAME,DISPLAYNAME2,COLUMNPOS,IMAGEUID,LINKURL,LINKLOCATION,WINDOWOPTION,TENANT_ID) values ('4046c701-2829-4dc9-8814-02bff616d2c4','7acbc603-5383-4da4-ae14-523112a5c167','b0a4e923-d270-4353-9e81-e86c14424262','Proposed','Proposed',3,' ','/ezApproval/apprMain.do?listType=2','main',' ',0);
Insert into TBL_MENUITEM_ITEMS_MENUITEMS_S (UID_,PARENTMENUID,OWNERPAGEID,DISPLAYNAME,DISPLAYNAME2,COLUMNPOS,IMAGEUID,LINKURL,LINKLOCATION,WINDOWOPTION,TENANT_ID) values ('449adeff-b4db-4840-8fb6-9436fcaaf9df','a52e3c9c-171e-44aa-b540-b4311f357b55','d4dcceee-01f5-42da-9093-a243d3056204','部署受信箱','部署受信箱',4,' ','/ezApproval/apprMain.do?listType=4','main',' ',0);
Insert into TBL_MENUITEM_ITEMS_MENUITEMS_S (UID_,PARENTMENUID,OWNERPAGEID,DISPLAYNAME,DISPLAYNAME2,COLUMNPOS,IMAGEUID,LINKURL,LINKLOCATION,WINDOWOPTION,TENANT_ID) values ('451ef007-5316-472d-9a22-eeafbe8367e9','1dc7d4e1-303f-4d13-a8b6-d5ebf8f3f32d','F3633607-8E8B-42A1-B777-6E2969072E58','예약게시물','예약게시물_en',3,' ','/ezBoard/boardMain.do?subFunc=2','main',' ',0);
Insert into TBL_MENUITEM_ITEMS_MENUITEMS_S (UID_,PARENTMENUID,OWNERPAGEID,DISPLAYNAME,DISPLAYNAME2,COLUMNPOS,IMAGEUID,LINKURL,LINKLOCATION,WINDOWOPTION,TENANT_ID) values ('53fbc413-b279-4bc8-9a0b-e490660a6495','7acbc603-5383-4da4-ae14-523112a5c167','b0a4e923-d270-4353-9e81-e86c14424262','Dept.receipt folder','Dept.receipt folder',4,' ','/ezApproval/apprMain.do?listType=4','main',' ',0);
Insert into TBL_MENUITEM_ITEMS_MENUITEMS_S (UID_,PARENTMENUID,OWNERPAGEID,DISPLAYNAME,DISPLAYNAME2,COLUMNPOS,IMAGEUID,LINKURL,LINKLOCATION,WINDOWOPTION,TENANT_ID) values ('55eaf17c-55e9-485a-9b82-a5096d47a19c','1dc7d4e1-303f-4d13-a8b6-d5ebf8f3f32d','F3633607-8E8B-42A1-B777-6E2969072E58','전자설문','ezQuestion',4,' ','/ezBoard/boardMain.do?func=1','main',' ',0);
Insert into TBL_MENUITEM_ITEMS_MENUITEMS_S (UID_,PARENTMENUID,OWNERPAGEID,DISPLAYNAME,DISPLAYNAME2,COLUMNPOS,IMAGEUID,LINKURL,LINKLOCATION,WINDOWOPTION,TENANT_ID) values ('57773384-f434-4450-92eb-1bdfe7e8a725','d00d04fb-3d8f-466c-9f0f-7fc974954c1c','b0a4e923-d270-4353-9e81-e86c14424262','To be process','To be process',1,' ','/ezApprovalG/apprGMain.do','main',' ',0);
Insert into TBL_MENUITEM_ITEMS_MENUITEMS_S (UID_,PARENTMENUID,OWNERPAGEID,DISPLAYNAME,DISPLAYNAME2,COLUMNPOS,IMAGEUID,LINKURL,LINKLOCATION,WINDOWOPTION,TENANT_ID) values ('5f930a90-0a15-4a5a-a48e-2111e86bd503','04bc1910-6e80-4904-9da2-e6c86eccc366','d4dcceee-01f5-42da-9093-a243d3056204','アドレス帳','アドレス帳',2,' ','/ezEmail/mailMain.do?funCode=2','main',' ',0);
Insert into TBL_MENUITEM_ITEMS_MENUITEMS_S (UID_,PARENTMENUID,OWNERPAGEID,DISPLAYNAME,DISPLAYNAME2,COLUMNPOS,IMAGEUID,LINKURL,LINKLOCATION,WINDOWOPTION,TENANT_ID) values ('64f2e977-8759-43a4-b746-555378d22274','d00d04fb-3d8f-466c-9f0f-7fc974954c1c','b0a4e923-d270-4353-9e81-e86c14424262','In process','In process',2,' ','/ezApprovalG/apprGMain.do?listType=3','main',' ',0);
Insert into TBL_MENUITEM_ITEMS_MENUITEMS_S (UID_,PARENTMENUID,OWNERPAGEID,DISPLAYNAME,DISPLAYNAME2,COLUMNPOS,IMAGEUID,LINKURL,LINKLOCATION,WINDOWOPTION,TENANT_ID) values ('9f3651b2-fb17-429b-88db-b9d91cadfdbe','1dc7d4e1-303f-4d13-a8b6-d5ebf8f3f32d','F3633607-8E8B-42A1-B777-6E2969072E58','마이게시판','마이게시판_en',1,' ','/ezBoard/boardMain.do','main',' ',0);
Insert into TBL_MENUITEM_ITEMS_MENUITEMS_S (UID_,PARENTMENUID,OWNERPAGEID,DISPLAYNAME,DISPLAYNAME2,COLUMNPOS,IMAGEUID,LINKURL,LINKLOCATION,WINDOWOPTION,TENANT_ID) values ('a463482f-2e87-4ab1-be9f-e0ed5e054f76','1f613cb1-a2f6-4f73-8b89-f0511cd2f911','b0a4e923-d270-4353-9e81-e86c14424262','My Posts','My Posts',2,' ','/ezBoard/boardMain.do?subFunc=1','main',' ',0);
Insert into TBL_MENUITEM_ITEMS_MENUITEMS_S (UID_,PARENTMENUID,OWNERPAGEID,DISPLAYNAME,DISPLAYNAME2,COLUMNPOS,IMAGEUID,LINKURL,LINKLOCATION,WINDOWOPTION,TENANT_ID) values ('a8ec0f1d-e9f5-4689-a953-5338ce70f75c','7acbc603-5383-4da4-ae14-523112a5c167','b0a4e923-d270-4353-9e81-e86c14424262','To be process','To be process',1,' ','/ezApproval/apprMain.do','main',' ',0);
Insert into TBL_MENUITEM_ITEMS_MENUITEMS_S (UID_,PARENTMENUID,OWNERPAGEID,DISPLAYNAME,DISPLAYNAME2,COLUMNPOS,IMAGEUID,LINKURL,LINKLOCATION,WINDOWOPTION,TENANT_ID) values ('acfcd1da-0819-4ec6-8c19-7aa9f254b69f','8e35e3f1-ec52-4ee4-8638-af25a8737da7','d4dcceee-01f5-42da-9093-a243d3056204','業務管理','業務管理',2,' ','/ezSchedule/scheduleIndex.do?funCode=3','main',' ',0);
Insert into TBL_MENUITEM_ITEMS_MENUITEMS_S (UID_,PARENTMENUID,OWNERPAGEID,DISPLAYNAME,DISPLAYNAME2,COLUMNPOS,IMAGEUID,LINKURL,LINKLOCATION,WINDOWOPTION,TENANT_ID) values ('ad35d4e0-d885-43dc-899a-9c0ec92add53','1f613cb1-a2f6-4f73-8b89-f0511cd2f911','b0a4e923-d270-4353-9e81-e86c14424262','My board','My board',1,' ','/ezBoard/boardMain.do','main',' ',0);
Insert into TBL_MENUITEM_ITEMS_MENUITEMS_S (UID_,PARENTMENUID,OWNERPAGEID,DISPLAYNAME,DISPLAYNAME2,COLUMNPOS,IMAGEUID,LINKURL,LINKLOCATION,WINDOWOPTION,TENANT_ID) values ('b525f926-c428-4b56-9a4c-fdc474c830af','8e35e3f1-ec52-4ee4-8638-af25a8737da7','d4dcceee-01f5-42da-9093-a243d3056204','スケジュール管理','スケジュール管理',1,' ','/ezSchedule/scheduleIndex.do?funCode=2','main',' ',0);
Insert into TBL_MENUITEM_ITEMS_MENUITEMS_S (UID_,PARENTMENUID,OWNERPAGEID,DISPLAYNAME,DISPLAYNAME2,COLUMNPOS,IMAGEUID,LINKURL,LINKLOCATION,WINDOWOPTION,TENANT_ID) values ('c443c133-3172-4e22-b681-5edb5318628a','94ef77fe-04fd-434a-8508-7fba98631bb8','d4dcceee-01f5-42da-9093-a243d3056204','電子アンケート','電子アンケート',4,' ','/ezBoard/boardMain.do?func=1','main',' ',0);
Insert into TBL_MENUITEM_ITEMS_MENUITEMS_S (UID_,PARENTMENUID,OWNERPAGEID,DISPLAYNAME,DISPLAYNAME2,COLUMNPOS,IMAGEUID,LINKURL,LINKLOCATION,WINDOWOPTION,TENANT_ID) values ('c4bd1f0d-d9a1-417e-9c66-18be6b819316','73fc6012-c812-4a54-bdc1-0bc580f837a4','b0a4e923-d270-4353-9e81-e86c14424262','Schedule','Schedule',null,' ','/ezSchedule/scheduleIndex.do?funCode=2','main',' ',0);
Insert into TBL_MENUITEM_ITEMS_MENUITEMS_S (UID_,PARENTMENUID,OWNERPAGEID,DISPLAYNAME,DISPLAYNAME2,COLUMNPOS,IMAGEUID,LINKURL,LINKLOCATION,WINDOWOPTION,TENANT_ID) values ('c54e8173-ad8f-43dd-a220-05e4cc979788','1f613cb1-a2f6-4f73-8b89-f0511cd2f911','b0a4e923-d270-4353-9e81-e86c14424262','Question','Question',4,' ','/ezBoard/boardMain.do?func=1','main',' ',0);
Insert into TBL_MENUITEM_ITEMS_MENUITEMS_S (UID_,PARENTMENUID,OWNERPAGEID,DISPLAYNAME,DISPLAYNAME2,COLUMNPOS,IMAGEUID,LINKURL,LINKLOCATION,WINDOWOPTION,TENANT_ID) values ('c93e6f29-ac0a-46a4-84c2-ae809e9c7c9e','09e1d12c-5ffd-4240-8791-020431a5c47b','F3633607-8E8B-42A1-B777-6E2969072E58','메일','mail',1,' ','/ezEmail/mailMain.do?funCode=1','main',' ',0);
Insert into TBL_MENUITEM_ITEMS_MENUITEMS_S (UID_,PARENTMENUID,OWNERPAGEID,DISPLAYNAME,DISPLAYNAME2,COLUMNPOS,IMAGEUID,LINKURL,LINKLOCATION,WINDOWOPTION,TENANT_ID) values ('c9cd4fa8-4806-47e7-92c2-3daccb0bd6bb','b39f97e9-4272-45d2-bcda-2ceb6d6e46d0','F3633607-8E8B-42A1-B777-6E2969072E58','결재진행문서','결재진행문서_en',2,' ','/ezApprovalG/apprGMain.do?listType=3','main',' ',0);
Insert into TBL_MENUITEM_ITEMS_MENUITEMS_S (UID_,PARENTMENUID,OWNERPAGEID,DISPLAYNAME,DISPLAYNAME2,COLUMNPOS,IMAGEUID,LINKURL,LINKLOCATION,WINDOWOPTION,TENANT_ID) values ('cc0ca437-7131-4554-b08d-f541048a56f2','c1d31831-98a4-4c0a-9815-6c71ea9ff4d0','F3633607-8E8B-42A1-B777-6E2969072E58','결재진행문서','결재진행문서_en',2,' ','/ezApproval/apprMain.do?listType=3','main',' ',0);
Insert into TBL_MENUITEM_ITEMS_MENUITEMS_S (UID_,PARENTMENUID,OWNERPAGEID,DISPLAYNAME,DISPLAYNAME2,COLUMNPOS,IMAGEUID,LINKURL,LINKLOCATION,WINDOWOPTION,TENANT_ID) values ('ce4f389f-47bf-4cb8-ab86-76e049eb9dc8','a52e3c9c-171e-44aa-b540-b4311f357b55','d4dcceee-01f5-42da-9093-a243d3056204','決裁待ちの文書','決裁待ちの文書',1,' ','/ezApproval/apprMain.do','main',' ',0);
Insert into TBL_MENUITEM_ITEMS_MENUITEMS_S (UID_,PARENTMENUID,OWNERPAGEID,DISPLAYNAME,DISPLAYNAME2,COLUMNPOS,IMAGEUID,LINKURL,LINKLOCATION,WINDOWOPTION,TENANT_ID) values ('cffefdb6-e3d5-4336-a1e9-1e1a973981eb','b39f97e9-4272-45d2-bcda-2ceb6d6e46d0','F3633607-8E8B-42A1-B777-6E2969072E58','부서수신함','부서수신함_en',4,' ','/ezApprovalG/apprGMain.do?listType=4','main',' ',0);
Insert into TBL_MENUITEM_ITEMS_MENUITEMS_S (UID_,PARENTMENUID,OWNERPAGEID,DISPLAYNAME,DISPLAYNAME2,COLUMNPOS,IMAGEUID,LINKURL,LINKLOCATION,WINDOWOPTION,TENANT_ID) values ('d3dfdede-b4c7-48d6-a6e6-0b14f54d3ed9','04bc1910-6e80-4904-9da2-e6c86eccc366','d4dcceee-01f5-42da-9093-a243d3056204','メール','メール',1,' ','/ezEmail/mailMain.do?funCode=1','main',' ',0);
Insert into TBL_MENUITEM_ITEMS_MENUITEMS_S (UID_,PARENTMENUID,OWNERPAGEID,DISPLAYNAME,DISPLAYNAME2,COLUMNPOS,IMAGEUID,LINKURL,LINKLOCATION,WINDOWOPTION,TENANT_ID) values ('d48b3355-defd-4a62-b373-3369f7f46bb3','b39f97e9-4272-45d2-bcda-2ceb6d6e46d0','F3633607-8E8B-42A1-B777-6E2969072E58','기안한문서','기안한문서_en',3,' ','/ezApprovalG/apprGMain.do?listType=2','main',' ',0);
Insert into TBL_MENUITEM_ITEMS_MENUITEMS_S (UID_,PARENTMENUID,OWNERPAGEID,DISPLAYNAME,DISPLAYNAME2,COLUMNPOS,IMAGEUID,LINKURL,LINKLOCATION,WINDOWOPTION,TENANT_ID) values ('d95e558c-e454-4e26-9ddf-688aba9aa89b','94ef77fe-04fd-434a-8508-7fba98631bb8','d4dcceee-01f5-42da-9093-a243d3056204','マイ掲示板','マイ掲示板',1,' ','/ezBoard/boardMain.do','main',' ',0);
Insert into TBL_MENUITEM_ITEMS_MENUITEMS_S (UID_,PARENTMENUID,OWNERPAGEID,DISPLAYNAME,DISPLAYNAME2,COLUMNPOS,IMAGEUID,LINKURL,LINKLOCATION,WINDOWOPTION,TENANT_ID) values ('d9c857b5-7bab-48f9-b969-d72f3bbfecf9','6cdb78b7-ae72-48ce-990f-5c0f6838fbbc','F3633607-8E8B-42A1-B777-6E2969072E58','업무관리','ezTask',2,' ','/ezSchedule/scheduleIndex.do?funCode=3','main',' ',0);
Insert into TBL_MENUITEM_ITEMS_MENUITEMS_S (UID_,PARENTMENUID,OWNERPAGEID,DISPLAYNAME,DISPLAYNAME2,COLUMNPOS,IMAGEUID,LINKURL,LINKLOCATION,WINDOWOPTION,TENANT_ID) values ('de246b4a-b6f1-4dd2-8c71-41509fb0e461','6cdb78b7-ae72-48ce-990f-5c0f6838fbbc','F3633607-8E8B-42A1-B777-6E2969072E58','일정관리','ezSchedule',1,' ','/ezSchedule/scheduleIndex.do?funCode=2','main',' ',0);
Insert into TBL_MENUITEM_ITEMS_MENUITEMS_S (UID_,PARENTMENUID,OWNERPAGEID,DISPLAYNAME,DISPLAYNAME2,COLUMNPOS,IMAGEUID,LINKURL,LINKLOCATION,WINDOWOPTION,TENANT_ID) values ('e3d09096-0258-4528-98d0-d2313a512897','7acbc603-5383-4da4-ae14-523112a5c167','b0a4e923-d270-4353-9e81-e86c14424262','In process','In process',2,' ','/ezApproval/apprMain.do?listType=3','main',' ',0);
Insert into TBL_MENUITEM_ITEMS_MENUITEMS_S (UID_,PARENTMENUID,OWNERPAGEID,DISPLAYNAME,DISPLAYNAME2,COLUMNPOS,IMAGEUID,LINKURL,LINKLOCATION,WINDOWOPTION,TENANT_ID) values ('f4fa93e8-e87d-4a21-ae9a-36099e8b3d56','d00d04fb-3d8f-466c-9f0f-7fc974954c1c','b0a4e923-d270-4353-9e81-e86c14424262','Dept.receipt folder','Dept.receipt folder',3,' ','/ezApprovalG/apprGMain.do?listType=4','main',' ',0);
Insert into TBL_MENUITEM_ITEMS_MENUITEMS_S (UID_,PARENTMENUID,OWNERPAGEID,DISPLAYNAME,DISPLAYNAME2,COLUMNPOS,IMAGEUID,LINKURL,LINKLOCATION,WINDOWOPTION,TENANT_ID) values ('fff4584e-3c0c-4b2f-98e5-4834138de988','94ef77fe-04fd-434a-8508-7fba98631bb8','d4dcceee-01f5-42da-9093-a243d3056204','予約掲示物','予約掲示物',3,' ','/ezBoard/boardMain.do?subFunc=2','main',' ',0);

Insert into TBL_PORTALPAGE_CATEGORY (CATEGORY,DISPLAYNAME,TENANT_ID) values ('1','마이포탈',0);
Insert into TBL_PORTALPAGE_CATEGORY (CATEGORY,DISPLAYNAME,TENANT_ID) values ('2','비즈메카',0);
Insert into TBL_PORTALPAGE_CATEGORY (CATEGORY,DISPLAYNAME,TENANT_ID) values ('3','교수포탈',0);

Insert into TBL_PORTALPAGE_GENERAL (UID_,PARENTUID,DEPTH,DISPLAYNAME,DISPLAYNAME2,CREATORID,CREATORNAME,CREATEDATE,MODIFYDATE,WIDTH,HEIGHT,ROWLENGTH,COLUMNLENGTH,ROWSPLIT,COLUMNSPLIT,GUBUNFLAG,USEFLAG,COMPANYID,BASETYPE,THEMEUID,DEFAULTPAGE,TABLEVIEWOPTION,TENANT_ID) values ('ba3541ea-8da9-4fcf-b24b-29b1fb1aedf6','top',1,'ba3541ea-8da9-4fcf-b24b-29b1fb1aedf6',null,'gisa1','기사원','14/06/27',null,-1,225,0,3,null,'250;250;9999;','1',null,'S907000',null,'f2de22b9-9a3f-49a9-884b-2e179e564cbf',null,'D',0);
Insert into TBL_PORTALPAGE_GENERAL (UID_,PARENTUID,DEPTH,DISPLAYNAME,DISPLAYNAME2,CREATORID,CREATORNAME,CREATEDATE,MODIFYDATE,WIDTH,HEIGHT,ROWLENGTH,COLUMNLENGTH,ROWSPLIT,COLUMNSPLIT,GUBUNFLAG,USEFLAG,COMPANYID,BASETYPE,THEMEUID,DEFAULTPAGE,TABLEVIEWOPTION,TENANT_ID) values ('bd7d2263-939b-481e-ae95-7aa70e67c5c3','top',1,'표준포탈페이지 A 테마','en_표준포탈페이지 A 테마','gisa1','기사원','14/06/27',null,-1,500,0,1,null,'9999;','1','Y         ','S907000',null,'f2de22b9-9a3f-49a9-884b-2e179e564cbf','Y','D',0);
Insert into TBL_PORTALPAGE_GENERAL (UID_,PARENTUID,DEPTH,DISPLAYNAME,DISPLAYNAME2,CREATORID,CREATORNAME,CREATEDATE,MODIFYDATE,WIDTH,HEIGHT,ROWLENGTH,COLUMNLENGTH,ROWSPLIT,COLUMNSPLIT,GUBUNFLAG,USEFLAG,COMPANYID,BASETYPE,THEMEUID,DEFAULTPAGE,TABLEVIEWOPTION,TENANT_ID) values ('d6e9c786-3af3-4c46-809d-267c2fd96976','top',1,'d6e9c786-3af3-4c46-809d-267c2fd96976',null,'gisa1','기사원','14/06/27',null,-1,110,0,1,null,'9999;','1',null,'S907000',null,'f2de22b9-9a3f-49a9-884b-2e179e564cbf',null,'D',0);
Insert into TBL_PORTALPAGE_GENERAL (UID_,PARENTUID,DEPTH,DISPLAYNAME,DISPLAYNAME2,CREATORID,CREATORNAME,CREATEDATE,MODIFYDATE,WIDTH,HEIGHT,ROWLENGTH,COLUMNLENGTH,ROWSPLIT,COLUMNSPLIT,GUBUNFLAG,USEFLAG,COMPANYID,BASETYPE,THEMEUID,DEFAULTPAGE,TABLEVIEWOPTION,TENANT_ID) values ('d8dc7da6-7572-4853-801a-14072d823c65','top',1,'d8dc7da6-7572-4853-801a-14072d823c65',null,'gisa1','기사원','14/06/27',null,-1,110,0,3,null,'250;250;9999;','1',null,'S907000',null,'f2de22b9-9a3f-49a9-884b-2e179e564cbf',null,'D',0);
Insert into TBL_PORTALPAGE_GENERAL (UID_,PARENTUID,DEPTH,DISPLAYNAME,DISPLAYNAME2,CREATORID,CREATORNAME,CREATEDATE,MODIFYDATE,WIDTH,HEIGHT,ROWLENGTH,COLUMNLENGTH,ROWSPLIT,COLUMNSPLIT,GUBUNFLAG,USEFLAG,COMPANYID,BASETYPE,THEMEUID,DEFAULTPAGE,TABLEVIEWOPTION,TENANT_ID) values ('e6e189b3-6a83-4c5e-90f3-61cbfd50c59c','top',1,'e6e189b3-6a83-4c5e-90f3-61cbfd50c59c',null,'gisa1','기사원','14/06/27',null,-1,110,0,2,null,'500;9999;','1',null,'S907000',null,'f2de22b9-9a3f-49a9-884b-2e179e564cbf',null,'D',0);
Insert into TBL_PORTALPAGE_GENERAL (UID_,PARENTUID,DEPTH,DISPLAYNAME,DISPLAYNAME2,CREATORID,CREATORNAME,CREATEDATE,MODIFYDATE,WIDTH,HEIGHT,ROWLENGTH,COLUMNLENGTH,ROWSPLIT,COLUMNSPLIT,GUBUNFLAG,USEFLAG,COMPANYID,BASETYPE,THEMEUID,DEFAULTPAGE,TABLEVIEWOPTION,TENANT_ID) values ('054a5b35-d8d5-4b07-9e47-d7820bf59435','top',1,'054a5b35-d8d5-4b07-9e47-d7820bf59435',null,'gisa1','기사원','14/06/27',null,-1,110,0,3,null,'250;250;9999;','1',null,'S907000',null,'f2de22b9-9a3f-49a9-884b-2e179e564cbf',null,'D',0);
Insert into TBL_PORTALPAGE_GENERAL (UID_,PARENTUID,DEPTH,DISPLAYNAME,DISPLAYNAME2,CREATORID,CREATORNAME,CREATEDATE,MODIFYDATE,WIDTH,HEIGHT,ROWLENGTH,COLUMNLENGTH,ROWSPLIT,COLUMNSPLIT,GUBUNFLAG,USEFLAG,COMPANYID,BASETYPE,THEMEUID,DEFAULTPAGE,TABLEVIEWOPTION,TENANT_ID) values ('df178301-cfe4-46d9-8c0f-80e9f92673a9','top',1,'df178301-cfe4-46d9-8c0f-80e9f92673a9',null,'gisa1','gisa1','15/12/24',null,-1,110,0,1,null,'9999;','1',null,'S907000',null,'69ae464d-e0ab-4558-b42b-4c9679474377',null,'D',0);

Insert into TBL_PORTALPAGE_ITEMS (UID_,PAGEUID,PARENTPAGEUID,OWNERPAGEUID,PORTLETTYPE,DISPLAYNAME,WIDTH,HEIGHT,ROWPOS,COLUMNPOS,CANREMOVE,CANRESIZE,CANREPLACE,ALIGN,VALIGN,TOPMARGIN,BOTTOMMARGIN,LEFTMARGIN,RIGHTMARGIN,MANDATORY,TENANT_ID) values ('d6e9c786-3af3-4c46-809d-267c2fd96976','bd7d2263-939b-481e-ae95-7aa70e67c5c3','top','bd7d2263-939b-481e-ae95-7aa70e67c5c3',1,'bd7d2263-939b-481e-ae95-7aa70e67c5c3',0,100,10000,1,1,1,0,null,null,null,null,null,null,null,0);
Insert into TBL_PORTALPAGE_ITEMS (UID_,PAGEUID,PARENTPAGEUID,OWNERPAGEUID,PORTLETTYPE,DISPLAYNAME,WIDTH,HEIGHT,ROWPOS,COLUMNPOS,CANREMOVE,CANRESIZE,CANREPLACE,ALIGN,VALIGN,TOPMARGIN,BOTTOMMARGIN,LEFTMARGIN,RIGHTMARGIN,MANDATORY,TENANT_ID) values ('d8dc7da6-7572-4853-801a-14072d823c65','bd7d2263-939b-481e-ae95-7aa70e67c5c3','top','bd7d2263-939b-481e-ae95-7aa70e67c5c3',1,'bd7d2263-939b-481e-ae95-7aa70e67c5c3',0,110,150000,1,1,1,0,null,null,null,null,null,null,null,0);
Insert into TBL_PORTALPAGE_ITEMS (UID_,PAGEUID,PARENTPAGEUID,OWNERPAGEUID,PORTLETTYPE,DISPLAYNAME,WIDTH,HEIGHT,ROWPOS,COLUMNPOS,CANREMOVE,CANRESIZE,CANREPLACE,ALIGN,VALIGN,TOPMARGIN,BOTTOMMARGIN,LEFTMARGIN,RIGHTMARGIN,MANDATORY,TENANT_ID) values ('e6e189b3-6a83-4c5e-90f3-61cbfd50c59c','bd7d2263-939b-481e-ae95-7aa70e67c5c3','top','bd7d2263-939b-481e-ae95-7aa70e67c5c3',1,'bd7d2263-939b-481e-ae95-7aa70e67c5c3',0,110,60000,1,1,1,0,null,null,null,null,null,null,null,0);
Insert into TBL_PORTALPAGE_ITEMS (UID_,PAGEUID,PARENTPAGEUID,OWNERPAGEUID,PORTLETTYPE,DISPLAYNAME,WIDTH,HEIGHT,ROWPOS,COLUMNPOS,CANREMOVE,CANRESIZE,CANREPLACE,ALIGN,VALIGN,TOPMARGIN,BOTTOMMARGIN,LEFTMARGIN,RIGHTMARGIN,MANDATORY,TENANT_ID) values ('054a5b35-d8d5-4b07-9e47-d7820bf59435','bd7d2263-939b-481e-ae95-7aa70e67c5c3','top','bd7d2263-939b-481e-ae95-7aa70e67c5c3',1,'bd7d2263-939b-481e-ae95-7aa70e67c5c3',0,110,100000,1,1,1,0,null,null,null,null,null,null,null,0);
Insert into TBL_PORTALPAGE_ITEMS (UID_,PAGEUID,PARENTPAGEUID,OWNERPAGEUID,PORTLETTYPE,DISPLAYNAME,WIDTH,HEIGHT,ROWPOS,COLUMNPOS,CANREMOVE,CANRESIZE,CANREPLACE,ALIGN,VALIGN,TOPMARGIN,BOTTOMMARGIN,LEFTMARGIN,RIGHTMARGIN,MANDATORY,TENANT_ID) values ('0b4d7088-ea3c-4afb-ac2e-862cfa69bbb3','ba3541ea-8da9-4fcf-b24b-29b1fb1aedf6','top','bd7d2263-939b-481e-ae95-7aa70e67c5c3',0,'슬라이드이미지_포틀릿',517,225,10000,2,1,1,1,null,null,null,null,null,null,null,0);
Insert into TBL_PORTALPAGE_ITEMS (UID_,PAGEUID,PARENTPAGEUID,OWNERPAGEUID,PORTLETTYPE,DISPLAYNAME,WIDTH,HEIGHT,ROWPOS,COLUMNPOS,CANREMOVE,CANRESIZE,CANREPLACE,ALIGN,VALIGN,TOPMARGIN,BOTTOMMARGIN,LEFTMARGIN,RIGHTMARGIN,MANDATORY,TENANT_ID) values ('8af6e9a5-0970-45a9-9495-ba0c7a9163fd','e6e189b3-6a83-4c5e-90f3-61cbfd50c59c','top','bd7d2263-939b-481e-ae95-7aa70e67c5c3',0,'결재_메일 통합 포틀릿',797,235,40000,1,1,1,0,null,null,null,null,null,null,null,0);
Insert into TBL_PORTALPAGE_ITEMS (UID_,PAGEUID,PARENTPAGEUID,OWNERPAGEUID,PORTLETTYPE,DISPLAYNAME,WIDTH,HEIGHT,ROWPOS,COLUMNPOS,CANREMOVE,CANRESIZE,CANREPLACE,ALIGN,VALIGN,TOPMARGIN,BOTTOMMARGIN,LEFTMARGIN,RIGHTMARGIN,MANDATORY,TENANT_ID) values ('8fd70c9a-83b2-4294-a57b-9a59abe3850d','054a5b35-d8d5-4b07-9e47-d7820bf59435','top','bd7d2263-939b-481e-ae95-7aa70e67c5c3',0,'설문통계_포틀릿',265,235,10000,2,1,1,0,null,null,null,null,null,null,null,0);
Insert into TBL_PORTALPAGE_ITEMS (UID_,PAGEUID,PARENTPAGEUID,OWNERPAGEUID,PORTLETTYPE,DISPLAYNAME,WIDTH,HEIGHT,ROWPOS,COLUMNPOS,CANREMOVE,CANRESIZE,CANREPLACE,ALIGN,VALIGN,TOPMARGIN,BOTTOMMARGIN,LEFTMARGIN,RIGHTMARGIN,MANDATORY,TENANT_ID) values ('9b157fdc-057d-4c5c-b036-f2107adf7f0b','d8dc7da6-7572-4853-801a-14072d823c65','top','bd7d2263-939b-481e-ae95-7aa70e67c5c3',0,'활용하기_포틀릿',240,225,110000,1,1,1,0,null,null,null,null,null,null,null,0);
Insert into TBL_PORTALPAGE_ITEMS (UID_,PAGEUID,PARENTPAGEUID,OWNERPAGEUID,PORTLETTYPE,DISPLAYNAME,WIDTH,HEIGHT,ROWPOS,COLUMNPOS,CANREMOVE,CANRESIZE,CANREPLACE,ALIGN,VALIGN,TOPMARGIN,BOTTOMMARGIN,LEFTMARGIN,RIGHTMARGIN,MANDATORY,TENANT_ID) values ('a2149765-4c0b-466c-9e61-310925139d3c','d6e9c786-3af3-4c46-809d-267c2fd96976','top','bd7d2263-939b-481e-ae95-7aa70e67c5c3',0,'사용자정보통합_포틀릿',1150,220,10000,1,1,1,0,null,null,null,null,null,null,null,0);
Insert into TBL_PORTALPAGE_ITEMS (UID_,PAGEUID,PARENTPAGEUID,OWNERPAGEUID,PORTLETTYPE,DISPLAYNAME,WIDTH,HEIGHT,ROWPOS,COLUMNPOS,CANREMOVE,CANRESIZE,CANREPLACE,ALIGN,VALIGN,TOPMARGIN,BOTTOMMARGIN,LEFTMARGIN,RIGHTMARGIN,MANDATORY,TENANT_ID) values ('ba3541ea-8da9-4fcf-b24b-29b1fb1aedf6','bd7d2263-939b-481e-ae95-7aa70e67c5c3','top','bd7d2263-939b-481e-ae95-7aa70e67c5c3',1,'bd7d2263-939b-481e-ae95-7aa70e67c5c3',0,225,30000,1,1,1,0,null,null,null,null,null,null,null,0);
Insert into TBL_PORTALPAGE_ITEMS (UID_,PAGEUID,PARENTPAGEUID,OWNERPAGEUID,PORTLETTYPE,DISPLAYNAME,WIDTH,HEIGHT,ROWPOS,COLUMNPOS,CANREMOVE,CANRESIZE,CANREPLACE,ALIGN,VALIGN,TOPMARGIN,BOTTOMMARGIN,LEFTMARGIN,RIGHTMARGIN,MANDATORY,TENANT_ID) values ('c06b1862-ce83-4472-91d7-fd92cee3a7ac','d8dc7da6-7572-4853-801a-14072d823c65','top','bd7d2263-939b-481e-ae95-7aa70e67c5c3',0,'포토게시판_포틀릿',548,225,10000,2,1,1,1,null,null,null,null,null,null,'2         ',0);
Insert into TBL_PORTALPAGE_ITEMS (UID_,PAGEUID,PARENTPAGEUID,OWNERPAGEUID,PORTLETTYPE,DISPLAYNAME,WIDTH,HEIGHT,ROWPOS,COLUMNPOS,CANREMOVE,CANRESIZE,CANREPLACE,ALIGN,VALIGN,TOPMARGIN,BOTTOMMARGIN,LEFTMARGIN,RIGHTMARGIN,MANDATORY,TENANT_ID) values ('c08c6efa-7494-4185-b1dc-09ecc908f683','ba3541ea-8da9-4fcf-b24b-29b1fb1aedf6','top','bd7d2263-939b-481e-ae95-7aa70e67c5c3',0,'공지게시판_포틀릿',280,225,20000,1,1,1,1,null,null,null,null,null,null,null,0);
Insert into TBL_PORTALPAGE_ITEMS (UID_,PAGEUID,PARENTPAGEUID,OWNERPAGEUID,PORTLETTYPE,DISPLAYNAME,WIDTH,HEIGHT,ROWPOS,COLUMNPOS,CANREMOVE,CANRESIZE,CANREPLACE,ALIGN,VALIGN,TOPMARGIN,BOTTOMMARGIN,LEFTMARGIN,RIGHTMARGIN,MANDATORY,TENANT_ID) values ('c1479aa0-824d-43ff-a7f6-999ad660378a','ba3541ea-8da9-4fcf-b24b-29b1fb1aedf6','top','bd7d2263-939b-481e-ae95-7aa70e67c5c3',0,'배너_우수사원_포틀릿',330,225,10000,3,1,1,0,null,null,null,null,null,null,null,0);
Insert into TBL_PORTALPAGE_ITEMS (UID_,PAGEUID,PARENTPAGEUID,OWNERPAGEUID,PORTLETTYPE,DISPLAYNAME,WIDTH,HEIGHT,ROWPOS,COLUMNPOS,CANREMOVE,CANRESIZE,CANREPLACE,ALIGN,VALIGN,TOPMARGIN,BOTTOMMARGIN,LEFTMARGIN,RIGHTMARGIN,MANDATORY,TENANT_ID) values ('a37406b2-7a0a-48b0-a2a9-aacf811e9bd4','d8dc7da6-7572-4853-801a-14072d823c65','top','bd7d2263-939b-481e-ae95-7aa70e67c5c3',0,'직원생일_포틀릿',338,225,10000,3,1,1,1,null,null,null,null,null,null,null,0);
Insert into TBL_PORTALPAGE_ITEMS (UID_,PAGEUID,PARENTPAGEUID,OWNERPAGEUID,PORTLETTYPE,DISPLAYNAME,WIDTH,HEIGHT,ROWPOS,COLUMNPOS,CANREMOVE,CANRESIZE,CANREPLACE,ALIGN,VALIGN,TOPMARGIN,BOTTOMMARGIN,LEFTMARGIN,RIGHTMARGIN,MANDATORY,TENANT_ID) values ('f90b6413-c94c-4c6f-abe5-39480da308f1','e6e189b3-6a83-4c5e-90f3-61cbfd50c59c','top','bd7d2263-939b-481e-ae95-7aa70e67c5c3',0,'우수커뮤니티_포틀릿',330,235,10000,2,1,1,1,null,null,null,null,null,null,null,0);
Insert into TBL_PORTALPAGE_ITEMS (UID_,PAGEUID,PARENTPAGEUID,OWNERPAGEUID,PORTLETTYPE,DISPLAYNAME,WIDTH,HEIGHT,ROWPOS,COLUMNPOS,CANREMOVE,CANRESIZE,CANREPLACE,ALIGN,VALIGN,TOPMARGIN,BOTTOMMARGIN,LEFTMARGIN,RIGHTMARGIN,MANDATORY,TENANT_ID) values ('7851b606-aa1c-4f96-ba9b-562432b922a6','054a5b35-d8d5-4b07-9e47-d7820bf59435','top','bd7d2263-939b-481e-ae95-7aa70e67c5c3',0,'결재사용현황_포틀릿',348,235,10000,3,1,1,1,null,null,null,null,null,null,null,0);
Insert into TBL_PORTALPAGE_ITEMS (UID_,PAGEUID,PARENTPAGEUID,OWNERPAGEUID,PORTLETTYPE,DISPLAYNAME,WIDTH,HEIGHT,ROWPOS,COLUMNPOS,CANREMOVE,CANRESIZE,CANREPLACE,ALIGN,VALIGN,TOPMARGIN,BOTTOMMARGIN,LEFTMARGIN,RIGHTMARGIN,MANDATORY,TENANT_ID) values ('94dfe6d0-043a-4284-bde5-8275aba64d6e','054a5b35-d8d5-4b07-9e47-d7820bf59435','top','bd7d2263-939b-481e-ae95-7aa70e67c5c3',0,'마이게시판_포틀릿',512,235,70000,1,1,1,1,null,null,null,null,null,null,null,0);

Insert into TBL_PORTAL_ACL (UID_,ACCESSID,ACCESSNAME,VIEW_RIGHT,EDIT_RIGHT,TENANT_ID) values (' ','gisa1','gisa1',2,2,0);
Insert into TBL_PORTAL_ACL (UID_,ACCESSID,ACCESSNAME,VIEW_RIGHT,EDIT_RIGHT,TENANT_ID) values (' ','masteradmin','masteradmin',2,2,0);
Insert into TBL_PORTAL_ACL (UID_,ACCESSID,ACCESSNAME,VIEW_RIGHT,EDIT_RIGHT,TENANT_ID) values ('0260dc48-e5b6-477b-9a15-3ad6a9b31dd0','everyone','조직도',2,2,0);
Insert into TBL_PORTAL_ACL (UID_,ACCESSID,ACCESSNAME,VIEW_RIGHT,EDIT_RIGHT,TENANT_ID) values ('04bc1910-6e80-4904-9da2-e6c86eccc366','everyone','ENG_조직도',2,2,0);
Insert into TBL_PORTAL_ACL (UID_,ACCESSID,ACCESSNAME,VIEW_RIGHT,EDIT_RIGHT,TENANT_ID) values ('04fccf89-e849-4c87-b364-ce5768c67031','everyone','조직도',2,2,0);
Insert into TBL_PORTAL_ACL (UID_,ACCESSID,ACCESSNAME,VIEW_RIGHT,EDIT_RIGHT,TENANT_ID) values ('07350485-7e46-4dc6-a8ec-1d6ca89ac7ed','everyone','조직도',2,2,0);
Insert into TBL_PORTAL_ACL (UID_,ACCESSID,ACCESSNAME,VIEW_RIGHT,EDIT_RIGHT,TENANT_ID) values ('08eb7695-3b27-4003-b5c4-eea1a99bbd05','everyone','조직도',2,2,0);
Insert into TBL_PORTAL_ACL (UID_,ACCESSID,ACCESSNAME,VIEW_RIGHT,EDIT_RIGHT,TENANT_ID) values ('09e1d12c-5ffd-4240-8791-020431a5c47b','everyone','조직도',2,2,0);
Insert into TBL_PORTAL_ACL (UID_,ACCESSID,ACCESSNAME,VIEW_RIGHT,EDIT_RIGHT,TENANT_ID) values ('0b4d7088-ea3c-4afb-ac2e-862cfa69bbb3','everyone','조직도',2,2,0);
Insert into TBL_PORTAL_ACL (UID_,ACCESSID,ACCESSNAME,VIEW_RIGHT,EDIT_RIGHT,TENANT_ID) values ('0d99fc50-55f4-4243-b47b-bf36c7ae58aa','everyone','조직도',2,2,0);
Insert into TBL_PORTAL_ACL (UID_,ACCESSID,ACCESSNAME,VIEW_RIGHT,EDIT_RIGHT,TENANT_ID) values ('0f3de424-a078-4165-87d5-4fd21534803c','gisa1','gisa1',2,2,0);
Insert into TBL_PORTAL_ACL (UID_,ACCESSID,ACCESSNAME,VIEW_RIGHT,EDIT_RIGHT,TENANT_ID) values ('0f3de424-a078-4165-87d5-4fd21534803c','masteradmin','masteradmin',2,2,0);
Insert into TBL_PORTAL_ACL (UID_,ACCESSID,ACCESSNAME,VIEW_RIGHT,EDIT_RIGHT,TENANT_ID) values ('101d7cc4-555d-4c8a-a108-b776fabdad47','everyone','조직도',2,2,0);
Insert into TBL_PORTAL_ACL (UID_,ACCESSID,ACCESSNAME,VIEW_RIGHT,EDIT_RIGHT,TENANT_ID) values ('14c7302b-063e-4ba7-8233-8e8f257a0551','everyone','조직도',2,2,0);
Insert into TBL_PORTAL_ACL (UID_,ACCESSID,ACCESSNAME,VIEW_RIGHT,EDIT_RIGHT,TENANT_ID) values ('64f2e977-8759-43a4-b746-555378d22274','everyone','조직도',2,2,0);
Insert into TBL_PORTAL_ACL (UID_,ACCESSID,ACCESSNAME,VIEW_RIGHT,EDIT_RIGHT,TENANT_ID) values ('69b6d233-c50d-4b38-bb50-5bf51c02c35b','everyone','조직도',2,2,0);
Insert into TBL_PORTAL_ACL (UID_,ACCESSID,ACCESSNAME,VIEW_RIGHT,EDIT_RIGHT,TENANT_ID) values ('69f68282-5617-45ca-9118-27b6170df5c3','everyone','조직도',2,2,0);
Insert into TBL_PORTAL_ACL (UID_,ACCESSID,ACCESSNAME,VIEW_RIGHT,EDIT_RIGHT,TENANT_ID) values ('6cdb78b7-ae72-48ce-990f-5c0f6838fbbc','everyone','조직도',2,2,0);
Insert into TBL_PORTAL_ACL (UID_,ACCESSID,ACCESSNAME,VIEW_RIGHT,EDIT_RIGHT,TENANT_ID) values ('6db81dc5-e8ba-49c8-b625-df4fd375a43a','everyone','조직도',2,2,0);
Insert into TBL_PORTAL_ACL (UID_,ACCESSID,ACCESSNAME,VIEW_RIGHT,EDIT_RIGHT,TENANT_ID) values ('70fd0c61-af80-4f22-bf6e-d17d3f666bf9','everyone','조직도',2,2,0);
Insert into TBL_PORTAL_ACL (UID_,ACCESSID,ACCESSNAME,VIEW_RIGHT,EDIT_RIGHT,TENANT_ID) values ('7230eb53-024f-4603-9aa6-4a297b433414','everyone','조직도',2,2,0);
Insert into TBL_PORTAL_ACL (UID_,ACCESSID,ACCESSNAME,VIEW_RIGHT,EDIT_RIGHT,TENANT_ID) values ('73fc6012-c812-4a54-bdc1-0bc580f837a4','everyone','ENG_조직도',2,2,0);
Insert into TBL_PORTAL_ACL (UID_,ACCESSID,ACCESSNAME,VIEW_RIGHT,EDIT_RIGHT,TENANT_ID) values ('7851b606-aa1c-4f96-ba9b-562432b922a6','everyone','조직도',2,2,0);
Insert into TBL_PORTAL_ACL (UID_,ACCESSID,ACCESSNAME,VIEW_RIGHT,EDIT_RIGHT,TENANT_ID) values ('7acbc603-5383-4da4-ae14-523112a5c167','everyone','ENG_조직도',2,2,0);
Insert into TBL_PORTAL_ACL (UID_,ACCESSID,ACCESSNAME,VIEW_RIGHT,EDIT_RIGHT,TENANT_ID) values ('19f95530-0d8e-4585-a56b-bc00a28d8674','everyone','조직도',2,2,0);
Insert into TBL_PORTAL_ACL (UID_,ACCESSID,ACCESSNAME,VIEW_RIGHT,EDIT_RIGHT,TENANT_ID) values ('1db3cf2c-742e-4958-8f9f-557bb08aec75','everyone','조직도',2,1,0);
Insert into TBL_PORTAL_ACL (UID_,ACCESSID,ACCESSNAME,VIEW_RIGHT,EDIT_RIGHT,TENANT_ID) values ('1dc7d4e1-303f-4d13-a8b6-d5ebf8f3f32d','everyone','조직도',2,2,0);
Insert into TBL_PORTAL_ACL (UID_,ACCESSID,ACCESSNAME,VIEW_RIGHT,EDIT_RIGHT,TENANT_ID) values ('1f613cb1-a2f6-4f73-8b89-f0511cd2f911','everyone','ENG_조직도',2,2,0);
Insert into TBL_PORTAL_ACL (UID_,ACCESSID,ACCESSNAME,VIEW_RIGHT,EDIT_RIGHT,TENANT_ID) values ('22adf8b9-b12d-449b-9b91-ece274f32eb5','everyone','조직도',2,2,0);
Insert into TBL_PORTAL_ACL (UID_,ACCESSID,ACCESSNAME,VIEW_RIGHT,EDIT_RIGHT,TENANT_ID) values ('2341220c-33d9-430e-9a30-0cce35335552','everyone','조직도',2,2,0);
Insert into TBL_PORTAL_ACL (UID_,ACCESSID,ACCESSNAME,VIEW_RIGHT,EDIT_RIGHT,TENANT_ID) values ('26aa5ca6-986a-410c-8522-9b020580ee65','everyone','조직도',2,2,0);
Insert into TBL_PORTAL_ACL (UID_,ACCESSID,ACCESSNAME,VIEW_RIGHT,EDIT_RIGHT,TENANT_ID) values ('28e8af74-de0c-4e3e-a392-0e63ff623981','everyone','조직도',2,2,0);
Insert into TBL_PORTAL_ACL (UID_,ACCESSID,ACCESSNAME,VIEW_RIGHT,EDIT_RIGHT,TENANT_ID) values ('2e1803bc-9df3-412a-98ae-045fa345ed98','everyone','ENG_조직도',2,2,0);
Insert into TBL_PORTAL_ACL (UID_,ACCESSID,ACCESSNAME,VIEW_RIGHT,EDIT_RIGHT,TENANT_ID) values ('2f9e65ff-b89b-4089-819c-8a1dd13561ae','everyone','조직도',2,2,0);
Insert into TBL_PORTAL_ACL (UID_,ACCESSID,ACCESSNAME,VIEW_RIGHT,EDIT_RIGHT,TENANT_ID) values ('32c593d8-6d84-457c-bce3-28d66c15453b','everyone','조직도',2,2,0);
Insert into TBL_PORTAL_ACL (UID_,ACCESSID,ACCESSNAME,VIEW_RIGHT,EDIT_RIGHT,TENANT_ID) values ('356bae53-0b8f-42af-b0e2-16cdd9a42a95','everyone','조직도',2,2,0);
Insert into TBL_PORTAL_ACL (UID_,ACCESSID,ACCESSNAME,VIEW_RIGHT,EDIT_RIGHT,TENANT_ID) values ('37e4a9c1-a923-4ba6-9f08-2757cf4d4693','everyone','조직도',2,2,0);
Insert into TBL_PORTAL_ACL (UID_,ACCESSID,ACCESSNAME,VIEW_RIGHT,EDIT_RIGHT,TENANT_ID) values ('39f98e56-8eaa-49e0-95cf-b64fa2697f04','everyone','조직도',2,2,0);
Insert into TBL_PORTAL_ACL (UID_,ACCESSID,ACCESSNAME,VIEW_RIGHT,EDIT_RIGHT,TENANT_ID) values ('3a666e56-b5c5-4dc3-b455-2a4b607ce332','everyone','조직도',2,2,0);
Insert into TBL_PORTAL_ACL (UID_,ACCESSID,ACCESSNAME,VIEW_RIGHT,EDIT_RIGHT,TENANT_ID) values ('3d3f094f-f6f4-4d22-9ed4-b5e2db1935e6','everyone','조직도',2,2,0);
Insert into TBL_PORTAL_ACL (UID_,ACCESSID,ACCESSNAME,VIEW_RIGHT,EDIT_RIGHT,TENANT_ID) values ('4046c701-2829-4dc9-8814-02bff616d2c4','everyone','조직도',2,2,0);
Insert into TBL_PORTAL_ACL (UID_,ACCESSID,ACCESSNAME,VIEW_RIGHT,EDIT_RIGHT,TENANT_ID) values ('4330099a-4889-497b-ac76-912fc6e10994','everyone','ENG_조직도',2,2,0);
Insert into TBL_PORTAL_ACL (UID_,ACCESSID,ACCESSNAME,VIEW_RIGHT,EDIT_RIGHT,TENANT_ID) values ('43bd6bc5-808b-4a2f-b0a9-da4abf1bb7b2','everyone','조직도',2,2,0);
Insert into TBL_PORTAL_ACL (UID_,ACCESSID,ACCESSNAME,VIEW_RIGHT,EDIT_RIGHT,TENANT_ID) values ('449adeff-b4db-4840-8fb6-9436fcaaf9df','everyone','조직도',2,2,0);
Insert into TBL_PORTAL_ACL (UID_,ACCESSID,ACCESSNAME,VIEW_RIGHT,EDIT_RIGHT,TENANT_ID) values ('451ef007-5316-472d-9a22-eeafbe8367e9','everyone','조직도',2,2,0);
Insert into TBL_PORTAL_ACL (UID_,ACCESSID,ACCESSNAME,VIEW_RIGHT,EDIT_RIGHT,TENANT_ID) values ('4e9e1389-9e52-4896-8f40-1dd5a6bf59e9','everyone','조직도',2,2,0);
Insert into TBL_PORTAL_ACL (UID_,ACCESSID,ACCESSNAME,VIEW_RIGHT,EDIT_RIGHT,TENANT_ID) values ('53e846f4-3946-4614-a146-2866c14940dc','everyone','ENG_조직도',2,2,0);
Insert into TBL_PORTAL_ACL (UID_,ACCESSID,ACCESSNAME,VIEW_RIGHT,EDIT_RIGHT,TENANT_ID) values ('53fbc413-b279-4bc8-9a0b-e490660a6495','everyone','조직도',2,2,0);
Insert into TBL_PORTAL_ACL (UID_,ACCESSID,ACCESSNAME,VIEW_RIGHT,EDIT_RIGHT,TENANT_ID) values ('55eaf17c-55e9-485a-9b82-a5096d47a19c','everyone','조직도',2,2,0);
Insert into TBL_PORTAL_ACL (UID_,ACCESSID,ACCESSNAME,VIEW_RIGHT,EDIT_RIGHT,TENANT_ID) values ('57773384-f434-4450-92eb-1bdfe7e8a725','everyone','조직도',2,2,0);
Insert into TBL_PORTAL_ACL (UID_,ACCESSID,ACCESSNAME,VIEW_RIGHT,EDIT_RIGHT,TENANT_ID) values ('5f930a90-0a15-4a5a-a48e-2111e86bd503','everyone','조직도',2,2,0);
Insert into TBL_PORTAL_ACL (UID_,ACCESSID,ACCESSNAME,VIEW_RIGHT,EDIT_RIGHT,TENANT_ID) values ('c06b1862-ce83-4472-91d7-fd92cee3a7ac','everyone','조직도',2,2,0);
Insert into TBL_PORTAL_ACL (UID_,ACCESSID,ACCESSNAME,VIEW_RIGHT,EDIT_RIGHT,TENANT_ID) values ('c1479aa0-824d-43ff-a7f6-999ad660378a','everyone','조직도',2,2,0);
Insert into TBL_PORTAL_ACL (UID_,ACCESSID,ACCESSNAME,VIEW_RIGHT,EDIT_RIGHT,TENANT_ID) values ('c1d31831-98a4-4c0a-9815-6c71ea9ff4d0','everyone','조직도',2,2,0);
Insert into TBL_PORTAL_ACL (UID_,ACCESSID,ACCESSNAME,VIEW_RIGHT,EDIT_RIGHT,TENANT_ID) values ('c2f44b2e-41f0-48c2-a7ea-607a58a0dd80','masteradmin','관리자',2,1,0);
Insert into TBL_PORTAL_ACL (UID_,ACCESSID,ACCESSNAME,VIEW_RIGHT,EDIT_RIGHT,TENANT_ID) values ('c443c133-3172-4e22-b681-5edb5318628a','everyone','조직도',2,2,0);
Insert into TBL_PORTAL_ACL (UID_,ACCESSID,ACCESSNAME,VIEW_RIGHT,EDIT_RIGHT,TENANT_ID) values ('c4736cf0-6cf0-42f1-979d-20678b68d171','everyone','ENG_조직도',2,2,0);
Insert into TBL_PORTAL_ACL (UID_,ACCESSID,ACCESSNAME,VIEW_RIGHT,EDIT_RIGHT,TENANT_ID) values ('c4bd1f0d-d9a1-417e-9c66-18be6b819316','everyone','조직도',2,2,0);
Insert into TBL_PORTAL_ACL (UID_,ACCESSID,ACCESSNAME,VIEW_RIGHT,EDIT_RIGHT,TENANT_ID) values ('c54e8173-ad8f-43dd-a220-05e4cc979788','everyone','조직도',2,2,0);
Insert into TBL_PORTAL_ACL (UID_,ACCESSID,ACCESSNAME,VIEW_RIGHT,EDIT_RIGHT,TENANT_ID) values ('c93e6f29-ac0a-46a4-84c2-ae809e9c7c9e','everyone','조직도',2,2,0);
Insert into TBL_PORTAL_ACL (UID_,ACCESSID,ACCESSNAME,VIEW_RIGHT,EDIT_RIGHT,TENANT_ID) values ('c9cd4fa8-4806-47e7-92c2-3daccb0bd6bb','everyone','조직도',2,1,0);
Insert into TBL_PORTAL_ACL (UID_,ACCESSID,ACCESSNAME,VIEW_RIGHT,EDIT_RIGHT,TENANT_ID) values ('cc0ca437-7131-4554-b08d-f541048a56f2','everyone','조직도',2,2,0);
Insert into TBL_PORTAL_ACL (UID_,ACCESSID,ACCESSNAME,VIEW_RIGHT,EDIT_RIGHT,TENANT_ID) values ('cc9b12f3-85b5-40c2-8f90-5db1b543d9a1','everyone','조직도',2,2,0);
Insert into TBL_PORTAL_ACL (UID_,ACCESSID,ACCESSNAME,VIEW_RIGHT,EDIT_RIGHT,TENANT_ID) values ('ce4f389f-47bf-4cb8-ab86-76e049eb9dc8','everyone','조직도',2,2,0);
Insert into TBL_PORTAL_ACL (UID_,ACCESSID,ACCESSNAME,VIEW_RIGHT,EDIT_RIGHT,TENANT_ID) values ('cf34747c-d809-461d-93d9-e50486ae3b68','everyone','조직도',2,2,0);
Insert into TBL_PORTAL_ACL (UID_,ACCESSID,ACCESSNAME,VIEW_RIGHT,EDIT_RIGHT,TENANT_ID) values ('cffefdb6-e3d5-4336-a1e9-1e1a973981eb','everyone','조직도',2,2,0);
Insert into TBL_PORTAL_ACL (UID_,ACCESSID,ACCESSNAME,VIEW_RIGHT,EDIT_RIGHT,TENANT_ID) values ('d00d04fb-3d8f-466c-9f0f-7fc974954c1c','everyone','ENG_조직도',2,2,0);
Insert into TBL_PORTAL_ACL (UID_,ACCESSID,ACCESSNAME,VIEW_RIGHT,EDIT_RIGHT,TENANT_ID) values ('ea075496-9065-4f2a-b9f0-f8181ca1928d','everyone','조직도',2,2,0);
Insert into TBL_PORTAL_ACL (UID_,ACCESSID,ACCESSNAME,VIEW_RIGHT,EDIT_RIGHT,TENANT_ID) values ('edabe052-f573-4377-ad95-7743f9093151','everyone','조직도',2,2,0);
Insert into TBL_PORTAL_ACL (UID_,ACCESSID,ACCESSNAME,VIEW_RIGHT,EDIT_RIGHT,TENANT_ID) values ('f17d98c7-6331-428d-9d4e-421312eec8ee','everyone','조직도',2,2,0);
Insert into TBL_PORTAL_ACL (UID_,ACCESSID,ACCESSNAME,VIEW_RIGHT,EDIT_RIGHT,TENANT_ID) values ('f4fa93e8-e87d-4a21-ae9a-36099e8b3d56','everyone','조직도',2,2,0);
Insert into TBL_PORTAL_ACL (UID_,ACCESSID,ACCESSNAME,VIEW_RIGHT,EDIT_RIGHT,TENANT_ID) values ('f5c278f0-b62d-4437-8b08-1a81c2410497','everyone','조직도',2,2,0);
Insert into TBL_PORTAL_ACL (UID_,ACCESSID,ACCESSNAME,VIEW_RIGHT,EDIT_RIGHT,TENANT_ID) values ('f90b6413-c94c-4c6f-abe5-39480da308f1','everyone','조직도',2,2,0);
Insert into TBL_PORTAL_ACL (UID_,ACCESSID,ACCESSNAME,VIEW_RIGHT,EDIT_RIGHT,TENANT_ID) values ('fff4584e-3c0c-4b2f-98e5-4834138de988','everyone','조직도',2,2,0);
Insert into TBL_PORTAL_ACL (UID_,ACCESSID,ACCESSNAME,VIEW_RIGHT,EDIT_RIGHT,TENANT_ID) values ('8fd70c9a-83b2-4294-a57b-9a59abe3850d','everyone','조직도',2,2,0);
Insert into TBL_PORTAL_ACL (UID_,ACCESSID,ACCESSNAME,VIEW_RIGHT,EDIT_RIGHT,TENANT_ID) values ('c08c6efa-7494-4185-b1dc-09ecc908f683','everyone','조직도',2,2,0);
Insert into TBL_PORTAL_ACL (UID_,ACCESSID,ACCESSNAME,VIEW_RIGHT,EDIT_RIGHT,TENANT_ID) values ('94dfe6d0-043a-4284-bde5-8275aba64d6e','everyone','조직도',2,2,0);
Insert into TBL_PORTAL_ACL (UID_,ACCESSID,ACCESSNAME,VIEW_RIGHT,EDIT_RIGHT,TENANT_ID) values ('a37406b2-7a0a-48b0-a2a9-aacf811e9bd4','everyone','조직도',2,2,0);
Insert into TBL_PORTAL_ACL (UID_,ACCESSID,ACCESSNAME,VIEW_RIGHT,EDIT_RIGHT,TENANT_ID) values ('de246b4a-b6f1-4dd2-8c71-41509fb0e461','everyone','조직도',2,2,0);
Insert into TBL_PORTAL_ACL (UID_,ACCESSID,ACCESSNAME,VIEW_RIGHT,EDIT_RIGHT,TENANT_ID) values ('b39f97e9-4272-45d2-bcda-2ceb6d6e46d0','everyone','조직도',2,2,0);
Insert into TBL_PORTAL_ACL (UID_,ACCESSID,ACCESSNAME,VIEW_RIGHT,EDIT_RIGHT,TENANT_ID) values ('8593cc87-7630-420b-a6d5-f7a8577c5a31','everyone','조직도',2,2,0);
Insert into TBL_PORTAL_ACL (UID_,ACCESSID,ACCESSNAME,VIEW_RIGHT,EDIT_RIGHT,TENANT_ID) values ('e254ef6f-d602-4d40-8e39-b44177a8737c','everyone','조직도',2,2,0);
Insert into TBL_PORTAL_ACL (UID_,ACCESSID,ACCESSNAME,VIEW_RIGHT,EDIT_RIGHT,TENANT_ID) values ('d3dfdede-b4c7-48d6-a6e6-0b14f54d3ed9','everyone','조직도',2,2,0);
Insert into TBL_PORTAL_ACL (UID_,ACCESSID,ACCESSNAME,VIEW_RIGHT,EDIT_RIGHT,TENANT_ID) values ('d48b3355-defd-4a62-b373-3369f7f46bb3','everyone','조직도',2,1,0);
Insert into TBL_PORTAL_ACL (UID_,ACCESSID,ACCESSNAME,VIEW_RIGHT,EDIT_RIGHT,TENANT_ID) values ('d95e558c-e454-4e26-9ddf-688aba9aa89b','everyone','조직도',2,2,0);
Insert into TBL_PORTAL_ACL (UID_,ACCESSID,ACCESSNAME,VIEW_RIGHT,EDIT_RIGHT,TENANT_ID) values ('d9c857b5-7bab-48f9-b969-d72f3bbfecf9','everyone','조직도',2,2,0);
Insert into TBL_PORTAL_ACL (UID_,ACCESSID,ACCESSNAME,VIEW_RIGHT,EDIT_RIGHT,TENANT_ID) values ('e3d09096-0258-4528-98d0-d2313a512897','everyone','조직도',2,2,0);
Insert into TBL_PORTAL_ACL (UID_,ACCESSID,ACCESSNAME,VIEW_RIGHT,EDIT_RIGHT,TENANT_ID) values ('7d237704-4123-4c60-95cc-16b6b0a06642','everyone','조직도',2,2,0);
Insert into TBL_PORTAL_ACL (UID_,ACCESSID,ACCESSNAME,VIEW_RIGHT,EDIT_RIGHT,TENANT_ID) values ('7fde32ad-5e48-4357-b24c-5f2594919b88','everyone','조직도',2,2,0);
Insert into TBL_PORTAL_ACL (UID_,ACCESSID,ACCESSNAME,VIEW_RIGHT,EDIT_RIGHT,TENANT_ID) values ('856c0213-ae8a-40be-ade0-63ab865fa1fd','everyone','조직도',2,1,0);
Insert into TBL_PORTAL_ACL (UID_,ACCESSID,ACCESSNAME,VIEW_RIGHT,EDIT_RIGHT,TENANT_ID) values ('8af6e9a5-0970-45a9-9495-ba0c7a9163fd','everyone','조직도',2,2,0);
Insert into TBL_PORTAL_ACL (UID_,ACCESSID,ACCESSNAME,VIEW_RIGHT,EDIT_RIGHT,TENANT_ID) values ('8d13543c-7747-4828-a141-1e28045ff722','everyone','조직도',2,2,0);
Insert into TBL_PORTAL_ACL (UID_,ACCESSID,ACCESSNAME,VIEW_RIGHT,EDIT_RIGHT,TENANT_ID) values ('8e35e3f1-ec52-4ee4-8638-af25a8737da7','everyone','ENG_조직도',2,2,0);
Insert into TBL_PORTAL_ACL (UID_,ACCESSID,ACCESSNAME,VIEW_RIGHT,EDIT_RIGHT,TENANT_ID) values ('94ef77fe-04fd-434a-8508-7fba98631bb8','everyone','ENG_조직도',2,2,0);
Insert into TBL_PORTAL_ACL (UID_,ACCESSID,ACCESSNAME,VIEW_RIGHT,EDIT_RIGHT,TENANT_ID) values ('9b157fdc-057d-4c5c-b036-f2107adf7f0b','everyone','조직도',2,2,0);
Insert into TBL_PORTAL_ACL (UID_,ACCESSID,ACCESSNAME,VIEW_RIGHT,EDIT_RIGHT,TENANT_ID) values ('9d853064-592b-4d07-a731-bd71b2832325','everyone','조직도',2,2,0);
Insert into TBL_PORTAL_ACL (UID_,ACCESSID,ACCESSNAME,VIEW_RIGHT,EDIT_RIGHT,TENANT_ID) values ('9eb0fd34-725e-47ed-93e4-06e06a66dd92','everyone','조직도',2,2,0);
Insert into TBL_PORTAL_ACL (UID_,ACCESSID,ACCESSNAME,VIEW_RIGHT,EDIT_RIGHT,TENANT_ID) values ('9f3651b2-fb17-429b-88db-b9d91cadfdbe','everyone','조직도',2,2,0);
Insert into TBL_PORTAL_ACL (UID_,ACCESSID,ACCESSNAME,VIEW_RIGHT,EDIT_RIGHT,TENANT_ID) values ('a52e3c9c-171e-44aa-b540-b4311f357b55','everyone','ENG_조직도',2,2,0);
Insert into TBL_PORTAL_ACL (UID_,ACCESSID,ACCESSNAME,VIEW_RIGHT,EDIT_RIGHT,TENANT_ID) values ('a56082ad-9136-43a7-9749-c867f1f5529e','everyone','조직도',2,2,0);
Insert into TBL_PORTAL_ACL (UID_,ACCESSID,ACCESSNAME,VIEW_RIGHT,EDIT_RIGHT,TENANT_ID) values ('a8ec0f1d-e9f5-4689-a953-5338ce70f75c','everyone','조직도',2,2,0);
Insert into TBL_PORTAL_ACL (UID_,ACCESSID,ACCESSNAME,VIEW_RIGHT,EDIT_RIGHT,TENANT_ID) values ('ad35d4e0-d885-43dc-899a-9c0ec92add53','everyone','조직도',2,2,0);
Insert into TBL_PORTAL_ACL (UID_,ACCESSID,ACCESSNAME,VIEW_RIGHT,EDIT_RIGHT,TENANT_ID) values ('bd7d2263-939b-481e-ae95-7aa70e67c5c3','S907000','가온아이',2,2,0);
Insert into TBL_PORTAL_ACL (UID_,ACCESSID,ACCESSNAME,VIEW_RIGHT,EDIT_RIGHT,TENANT_ID) values ('55b6ee75-bdbd-4690-821e-9e41ee14603c','everyone','조직도',2,2,0);
Insert into TBL_PORTAL_ACL (UID_,ACCESSID,ACCESSNAME,VIEW_RIGHT,EDIT_RIGHT,TENANT_ID) values ('a2149765-4c0b-466c-9e61-310925139d3c','everyone','조직도',2,2,0);
Insert into TBL_PORTAL_ACL (UID_,ACCESSID,ACCESSNAME,VIEW_RIGHT,EDIT_RIGHT,TENANT_ID) values ('a463482f-2e87-4ab1-be9f-e0ed5e054f76','everyone','조직도',2,2,0);


Insert into TBL_PORTLET_CATEGORY (CATEGORY,DISPLAYNAME,TENANT_ID) values ('1','t4075',0);
Insert into TBL_PORTLET_CATEGORY (CATEGORY,DISPLAYNAME,TENANT_ID) values ('2','t4076',0);
Insert into TBL_PORTLET_CATEGORY (CATEGORY,DISPLAYNAME,TENANT_ID) values ('3','t4077',0);
Insert into TBL_PORTLET_CATEGORY (CATEGORY,DISPLAYNAME,TENANT_ID) values ('4','t4078',0);


Insert into TBL_PORTLET_GENERAL (UID_,DISPLAYNAME,DISPLAYNAME2,PORTLET_TYPE,URL,MAXURL,SHOWTITLEBAR,USERTYPE,HEIGHT,GUBUNFLAG,COMPANYID,BASETYPE,USEPOTALGUBUN,WIDTH,FRAMETYPE,TENANT_ID) values ('c06b1862-ce83-4472-91d7-fd92cee3a7ac','포토게시판_포틀릿','en_포토게시판_포틀릿',1,'/ezPortal/urlPortlet.do?uID=c06b1862-ce83-4472-91d7-fd92cee3a7ac',null,'0         ','1         ',225,'0','S907000',null,null,548,'iFrame    ',0);
Insert into TBL_PORTLET_GENERAL (UID_,DISPLAYNAME,DISPLAYNAME2,PORTLET_TYPE,URL,MAXURL,SHOWTITLEBAR,USERTYPE,HEIGHT,GUBUNFLAG,COMPANYID,BASETYPE,USEPOTALGUBUN,WIDTH,FRAMETYPE,TENANT_ID) values ('c08c6efa-7494-4185-b1dc-09ecc908f683','공지게시판_포틀릿','en_공지게시판_포틀릿',1,'/ezPortal/urlPortlet.do?uID=c08c6efa-7494-4185-b1dc-09ecc908f683',' ','0         ','1         ',225,'0','S907000',null,null,280,null,0);
Insert into TBL_PORTLET_GENERAL (UID_,DISPLAYNAME,DISPLAYNAME2,PORTLET_TYPE,URL,MAXURL,SHOWTITLEBAR,USERTYPE,HEIGHT,GUBUNFLAG,COMPANYID,BASETYPE,USEPOTALGUBUN,WIDTH,FRAMETYPE,TENANT_ID) values ('c1479aa0-824d-43ff-a7f6-999ad660378a','배너_우수사원_포틀릿','en_배너_우수사원_포틀릿',1,'/ezPortal/urlPortlet.do?uID=c1479aa0-824d-43ff-a7f6-999ad660378a',' ','0         ','1         ',225,'0','S907000',null,null,330,null,0);
Insert into TBL_PORTLET_GENERAL (UID_,DISPLAYNAME,DISPLAYNAME2,PORTLET_TYPE,URL,MAXURL,SHOWTITLEBAR,USERTYPE,HEIGHT,GUBUNFLAG,COMPANYID,BASETYPE,USEPOTALGUBUN,WIDTH,FRAMETYPE,TENANT_ID) values ('f90b6413-c94c-4c6f-abe5-39480da308f1','우수커뮤니티_포틀릿','en_우수커뮤니티_포틀릿',1,'/ezPortal/urlPortlet.do?uID=f90b6413-c94c-4c6f-abe5-39480da308f1',' ','0         ','1         ',235,'0','S907000',null,null,330,null,0);
Insert into TBL_PORTLET_GENERAL (UID_,DISPLAYNAME,DISPLAYNAME2,PORTLET_TYPE,URL,MAXURL,SHOWTITLEBAR,USERTYPE,HEIGHT,GUBUNFLAG,COMPANYID,BASETYPE,USEPOTALGUBUN,WIDTH,FRAMETYPE,TENANT_ID) values ('0b4d7088-ea3c-4afb-ac2e-862cfa69bbb3','슬라이드이미지_포틀릿','en_슬라이드이미지_포틀릿',1,'/ezPortal/urlPortlet.do?uID=0b4d7088-ea3c-4afb-ac2e-862cfa69bbb3',' ','0         ','1         ',225,'0','S907000',null,null,517,null,0);
Insert into TBL_PORTLET_GENERAL (UID_,DISPLAYNAME,DISPLAYNAME2,PORTLET_TYPE,URL,MAXURL,SHOWTITLEBAR,USERTYPE,HEIGHT,GUBUNFLAG,COMPANYID,BASETYPE,USEPOTALGUBUN,WIDTH,FRAMETYPE,TENANT_ID) values ('69f68282-5617-45ca-9118-27b6170df5c3','포토_생일 통합 포틀릿','포토_생일 통합 포틀릿_en',1,'/ezPortal/urlPortlet.do?uID=69f68282-5617-45ca-9118-27b6170df5c3',' ','0         ','1         ',240,'0','S907000',null,null,1150,null,0);
Insert into TBL_PORTLET_GENERAL (UID_,DISPLAYNAME,DISPLAYNAME2,PORTLET_TYPE,URL,MAXURL,SHOWTITLEBAR,USERTYPE,HEIGHT,GUBUNFLAG,COMPANYID,BASETYPE,USEPOTALGUBUN,WIDTH,FRAMETYPE,TENANT_ID) values ('73c0940e-5d44-4edc-bfa3-822fd6fd17b5','공지_슬라이드_이모저모 통합 포틀릿','공지_슬라이드_이모저모 통합 포틀릿_en',1,'/ezPortal/urlPortlet.do?uID=73c0940e-5d44-4edc-bfa3-822fd6fd17b5',' ','0         ','1         ',240,'0','S907000',null,null,1150,null,0);
Insert into TBL_PORTLET_GENERAL (UID_,DISPLAYNAME,DISPLAYNAME2,PORTLET_TYPE,URL,MAXURL,SHOWTITLEBAR,USERTYPE,HEIGHT,GUBUNFLAG,COMPANYID,BASETYPE,USEPOTALGUBUN,WIDTH,FRAMETYPE,TENANT_ID) values ('7851b606-aa1c-4f96-ba9b-562432b922a6','결재사용현황_포틀릿','en_결재사용현황_포틀릿',1,'/ezPortal/urlPortlet.do?uID=7851b606-aa1c-4f96-ba9b-562432b922a6',' ','0         ','1         ',225,'0','S907000',null,null,348,null,0);
Insert into TBL_PORTLET_GENERAL (UID_,DISPLAYNAME,DISPLAYNAME2,PORTLET_TYPE,URL,MAXURL,SHOWTITLEBAR,USERTYPE,HEIGHT,GUBUNFLAG,COMPANYID,BASETYPE,USEPOTALGUBUN,WIDTH,FRAMETYPE,TENANT_ID) values ('8af6e9a5-0970-45a9-9495-ba0c7a9163fd','결재_메일 통합 포틀릿','en_결재_메일 통합 포틀릿',1,'/ezPortal/urlPortlet.do?uID=8af6e9a5-0970-45a9-9495-ba0c7a9163fd',' ','0         ','1         ',235,'0','S907000',null,null,797,null,0);
Insert into TBL_PORTLET_GENERAL (UID_,DISPLAYNAME,DISPLAYNAME2,PORTLET_TYPE,URL,MAXURL,SHOWTITLEBAR,USERTYPE,HEIGHT,GUBUNFLAG,COMPANYID,BASETYPE,USEPOTALGUBUN,WIDTH,FRAMETYPE,TENANT_ID) values ('8fd70c9a-83b2-4294-a57b-9a59abe3850d','설문통계_포틀릿','en_설문통계_포틀릿',1,'/ezPortal/urlPortlet.do?uID=8fd70c9a-83b2-4294-a57b-9a59abe3850d',' ','0         ','1         ',225,'0','S907000',null,null,265,null,0);
Insert into TBL_PORTLET_GENERAL (UID_,DISPLAYNAME,DISPLAYNAME2,PORTLET_TYPE,URL,MAXURL,SHOWTITLEBAR,USERTYPE,HEIGHT,GUBUNFLAG,COMPANYID,BASETYPE,USEPOTALGUBUN,WIDTH,FRAMETYPE,TENANT_ID) values ('94dfe6d0-043a-4284-bde5-8275aba64d6e','마이게시판_포틀릿','en_마이게시판_포틀릿',1,'/ezPortal/urlPortlet.do?uID=94dfe6d0-043a-4284-bde5-8275aba64d6e',' ','0         ','1         ',225,'0','S907000',null,null,512,null,0);
Insert into TBL_PORTLET_GENERAL (UID_,DISPLAYNAME,DISPLAYNAME2,PORTLET_TYPE,URL,MAXURL,SHOWTITLEBAR,USERTYPE,HEIGHT,GUBUNFLAG,COMPANYID,BASETYPE,USEPOTALGUBUN,WIDTH,FRAMETYPE,TENANT_ID) values ('9b157fdc-057d-4c5c-b036-f2107adf7f0b','활용하기_포틀릿','en_활용하기_포틀릿',1,'/ezPortal/urlPortlet.do?uID=9b157fdc-057d-4c5c-b036-f2107adf7f0b','2345235','0         ','1         ',225,'0','S907000',null,null,240,'DIV       ',0);
Insert into TBL_PORTLET_GENERAL (UID_,DISPLAYNAME,DISPLAYNAME2,PORTLET_TYPE,URL,MAXURL,SHOWTITLEBAR,USERTYPE,HEIGHT,GUBUNFLAG,COMPANYID,BASETYPE,USEPOTALGUBUN,WIDTH,FRAMETYPE,TENANT_ID) values ('a37406b2-7a0a-48b0-a2a9-aacf811e9bd4','직원생일_포틀릿','en_직원생일_포틀릿',1,'/ezPortal/urlPortlet.do?uID=a37406b2-7a0a-48b0-a2a9-aacf811e9bd4',null,'0         ','1         ',225,'0','S907000',null,null,338,'DIV       ',0);
Insert into TBL_PORTLET_GENERAL (UID_,DISPLAYNAME,DISPLAYNAME2,PORTLET_TYPE,URL,MAXURL,SHOWTITLEBAR,USERTYPE,HEIGHT,GUBUNFLAG,COMPANYID,BASETYPE,USEPOTALGUBUN,WIDTH,FRAMETYPE,TENANT_ID) values ('a2149765-4c0b-466c-9e61-310925139d3c','사용자정보통합_포틀릿','en_사용자정보통합_포틀릿',1,'/ezPortal/urlPortlet.do?uID=a2149765-4c0b-466c-9e61-310925139d3c',' ','0         ','1         ',220,'0','S907000',null,null,1150,null,0);

Insert into TBL_PORTLET_URL (UID_,CREATORID,USERTYPE,URL,TENANT_ID) values ('f90b6413-c94c-4c6f-abe5-39480da308f1','gisa1','1','/ezPortal/wpNewCommunity.do',0);
Insert into TBL_PORTLET_URL (UID_,CREATORID,USERTYPE,URL,TENANT_ID) values ('9b157fdc-057d-4c5c-b036-f2107adf7f0b','gisa1','1','/ezPortal/wpNewGWBanner.do',0);
Insert into TBL_PORTLET_URL (UID_,CREATORID,USERTYPE,URL,TENANT_ID) values ('c06b1862-ce83-4472-91d7-fd92cee3a7ac','gisa1','1','/ezPortal/wpNewPhoto.do',0);
Insert into TBL_PORTLET_URL (UID_,CREATORID,USERTYPE,URL,TENANT_ID) values ('0b4d7088-ea3c-4afb-ac2e-862cfa69bbb3','gisa1','1','/ezPortal/wpNewImage.do',0);
Insert into TBL_PORTLET_URL (UID_,CREATORID,USERTYPE,URL,TENANT_ID) values ('69f68282-5617-45ca-9118-27b6170df5c3','gisa1','1','/ezPortal/wpTotalSection5.do',0);
Insert into TBL_PORTLET_URL (UID_,CREATORID,USERTYPE,URL,TENANT_ID) values ('73c0940e-5d44-4edc-bfa3-822fd6fd17b5','gisa1','1','/ezPortal/wpTotalSection2.do',0);
Insert into TBL_PORTLET_URL (UID_,CREATORID,USERTYPE,URL,TENANT_ID) values ('7851b606-aa1c-4f96-ba9b-562432b922a6','gisa1','1','/ezPortal/wpNewGraph.do',0);
Insert into TBL_PORTLET_URL (UID_,CREATORID,USERTYPE,URL,TENANT_ID) values ('8af6e9a5-0970-45a9-9495-ba0c7a9163fd','gisa1','1','/ezPortal/wpNewApprMail.do',0);
Insert into TBL_PORTLET_URL (UID_,CREATORID,USERTYPE,URL,TENANT_ID) values ('8fd70c9a-83b2-4294-a57b-9a59abe3850d','gisa1','1','/ezPortal/wpNewPoll.do',0);
Insert into TBL_PORTLET_URL (UID_,CREATORID,USERTYPE,URL,TENANT_ID) values ('94dfe6d0-043a-4284-bde5-8275aba64d6e','gisa1','1','/ezPortal/wpNewBoardSTD.do',0);
Insert into TBL_PORTLET_URL (UID_,CREATORID,USERTYPE,URL,TENANT_ID) values ('a2149765-4c0b-466c-9e61-310925139d3c','gisa1','1','/ezPortal/wpTotalSection.do',0);
Insert into TBL_PORTLET_URL (UID_,CREATORID,USERTYPE,URL,TENANT_ID) values ('a37406b2-7a0a-48b0-a2a9-aacf811e9bd4','gisa1','1','/ezPortal/wpNewBirth.do',0);
Insert into TBL_PORTLET_URL (UID_,CREATORID,USERTYPE,URL,TENANT_ID) values ('c08c6efa-7494-4185-b1dc-09ecc908f683','gisa1','1','/ezPortal/wpNewBoard.do',0);
Insert into TBL_PORTLET_URL (UID_,CREATORID,USERTYPE,URL,TENANT_ID) values ('c1479aa0-824d-43ff-a7f6-999ad660378a','gisa1','1','/ezPortal/wpNewSide.do',0);

Insert into TBL_SKIN_ITEMS (UID_,SKINNUM,SKINNAME,SKINNAME2,SKINBGFLAG,SKINBGCOLOR,SKINBGIMAGE,SKINFONTCOLOR,SKINFONTOVERCOLOR,SKINDEFAULTIMAGE,SKINDEFAULTCOLOR,TENANT_ID) values ('b0a4e923-d270-4353-9e81-e86c14424262',1,' ',null,'          ',' ',' ',' ',' ',null,null,0);
Insert into TBL_SKIN_ITEMS (UID_,SKINNUM,SKINNAME,SKINNAME2,SKINBGFLAG,SKINBGCOLOR,SKINBGIMAGE,SKINFONTCOLOR,SKINFONTOVERCOLOR,SKINDEFAULTIMAGE,SKINDEFAULTCOLOR,TENANT_ID) values ('d4dcceee-01f5-42da-9093-a243d3056204',1,' ',null,'          ',' ',' ',' ',' ',null,null,0);
Insert into TBL_SKIN_ITEMS (UID_,SKINNUM,SKINNAME,SKINNAME2,SKINBGFLAG,SKINBGCOLOR,SKINBGIMAGE,SKINFONTCOLOR,SKINFONTOVERCOLOR,SKINDEFAULTIMAGE,SKINDEFAULTCOLOR,TENANT_ID) values ('F3633607-8E8B-42A1-B777-6E2969072E58',1,' ',null,'          ',' ',' ',' ',' ',null,null,0);

Insert into TBL_THEME_GENERAL (UID_,DISPLAYNAME,DISPLAYNAME2,DISPLAYNAME3,DISPLAYNAME4,IMAGEURL,TOPURL,MAINURL,COMPANAYID,CREATORID,CREATORNM,CREATEDATE,MODIFYDATE,TOPHEIGHT,TENANT_ID) values ('f2de22b9-9a3f-49a9-884b-2e179e564cbf','표준모듈 A 테마 ','표준모듈 A 테마 _en','표준모듈 A 테마 _ja','표준모듈 A 테마 _zh','/files/upload_portal/S907000/Theme/08c5179c-1c9d-46e8-bea3-9c4495fa3704.jpg','/ezPortal/topMenu.do','/ezPortal/portalPage.do','S907000','gisa1','기사원','14/03/17','16/10/05',100,0);

Insert into TBL_TOPMENU_GENERAL (UID_,PARENTUID,DEPTH,DISPLAYNAME,DISPLAYNAME2,CREATORID,CREATORNAME,CREATEDATE,MODIFYDATE,WIDTH,HEIGHT,ROWLENGTH,COLUMNLENGTH,ROWSPLIT,COLUMNSPLIT,USEFLAG,COMPANYID,LANG,TOPMNID,BASETYPE,THEMEUID,TENANT_ID) values ('d4dcceee-01f5-42da-9093-a243d3056204','top',1,'표준메뉴_일본','표준메뉴_일본','gisa1','기사원','13/06/20',null,-1,200,0,1,' ',';','Y','S907000','3',null,null,'f2de22b9-9a3f-49a9-884b-2e179e564cbf',0);
Insert into TBL_TOPMENU_GENERAL (UID_,PARENTUID,DEPTH,DISPLAYNAME,DISPLAYNAME2,CREATORID,CREATORNAME,CREATEDATE,MODIFYDATE,WIDTH,HEIGHT,ROWLENGTH,COLUMNLENGTH,ROWSPLIT,COLUMNSPLIT,USEFLAG,COMPANYID,LANG,TOPMNID,BASETYPE,THEMEUID,TENANT_ID) values ('F3633607-8E8B-42A1-B777-6E2969072E58','top',1,'표준메뉴_한국','표준메뉴_한국','gisa1','김사원','07/10/23',null,-1,57,0,1,null,';','Y','S907000','1',null,null,'f2de22b9-9a3f-49a9-884b-2e179e564cbf',0);
Insert into TBL_TOPMENU_GENERAL (UID_,PARENTUID,DEPTH,DISPLAYNAME,DISPLAYNAME2,CREATORID,CREATORNAME,CREATEDATE,MODIFYDATE,WIDTH,HEIGHT,ROWLENGTH,COLUMNLENGTH,ROWSPLIT,COLUMNSPLIT,USEFLAG,COMPANYID,LANG,TOPMNID,BASETYPE,THEMEUID,TENANT_ID) values ('174da7a0-e379-44bb-937d-a91216a7b459','top',1,'174da7a0-e379-44bb-937d-a91216a7b459','174da7a0-e379-44bb-937d-a91216a7b459','gisa1','기사원','13/06/20',null,-1,110,0,4,' ','100;280;500;;',null,'S907000',null,null,null,'f2de22b9-9a3f-49a9-884b-2e179e564cbf',0);
Insert into TBL_TOPMENU_GENERAL (UID_,PARENTUID,DEPTH,DISPLAYNAME,DISPLAYNAME2,CREATORID,CREATORNAME,CREATEDATE,MODIFYDATE,WIDTH,HEIGHT,ROWLENGTH,COLUMNLENGTH,ROWSPLIT,COLUMNSPLIT,USEFLAG,COMPANYID,LANG,TOPMNID,BASETYPE,THEMEUID,TENANT_ID) values ('29e70a07-904b-41c6-a683-4d06a0b15d85','top',1,'29e70a07-904b-41c6-a683-4d06a0b15d85','29e70a07-904b-41c6-a683-4d06a0b15d85','gisa1','기사원','13/06/20',null,-1,110,0,1,null,';',null,'S907000',null,null,null,'f2de22b9-9a3f-49a9-884b-2e179e564cbf',0);
Insert into TBL_TOPMENU_GENERAL (UID_,PARENTUID,DEPTH,DISPLAYNAME,DISPLAYNAME2,CREATORID,CREATORNAME,CREATEDATE,MODIFYDATE,WIDTH,HEIGHT,ROWLENGTH,COLUMNLENGTH,ROWSPLIT,COLUMNSPLIT,USEFLAG,COMPANYID,LANG,TOPMNID,BASETYPE,THEMEUID,TENANT_ID) values ('306fedec-66da-4070-8b54-8d1517a4545b','top',1,'306fedec-66da-4070-8b54-8d1517a4545b','306fedec-66da-4070-8b54-8d1517a4545b','gisa1','기사원','13/06/20',null,-1,110,0,4,' ','100;280;500;;',null,'S907000',null,null,null,'f2de22b9-9a3f-49a9-884b-2e179e564cbf',0);
Insert into TBL_TOPMENU_GENERAL (UID_,PARENTUID,DEPTH,DISPLAYNAME,DISPLAYNAME2,CREATORID,CREATORNAME,CREATEDATE,MODIFYDATE,WIDTH,HEIGHT,ROWLENGTH,COLUMNLENGTH,ROWSPLIT,COLUMNSPLIT,USEFLAG,COMPANYID,LANG,TOPMNID,BASETYPE,THEMEUID,TENANT_ID) values ('64aa1712-8a96-4b25-aa9c-51e74282d54f','top',1,'64aa1712-8a96-4b25-aa9c-51e74282d54f','64aa1712-8a96-4b25-aa9c-51e74282d54f','gisa1','기사원','13/06/20',null,-1,110,0,1,' ',';',null,'S907000',null,null,null,'f2de22b9-9a3f-49a9-884b-2e179e564cbf',0);
Insert into TBL_TOPMENU_GENERAL (UID_,PARENTUID,DEPTH,DISPLAYNAME,DISPLAYNAME2,CREATORID,CREATORNAME,CREATEDATE,MODIFYDATE,WIDTH,HEIGHT,ROWLENGTH,COLUMNLENGTH,ROWSPLIT,COLUMNSPLIT,USEFLAG,COMPANYID,LANG,TOPMNID,BASETYPE,THEMEUID,TENANT_ID) values ('b0a4e923-d270-4353-9e81-e86c14424262','top',1,'표준메뉴_영어','표준메뉴_영어','gisa1','기사원','13/06/20',null,-1,200,0,1,' ',';','Y','S907000','2',null,null,'f2de22b9-9a3f-49a9-884b-2e179e564cbf',0);
Insert into TBL_TOPMENU_GENERAL (UID_,PARENTUID,DEPTH,DISPLAYNAME,DISPLAYNAME2,CREATORID,CREATORNAME,CREATEDATE,MODIFYDATE,WIDTH,HEIGHT,ROWLENGTH,COLUMNLENGTH,ROWSPLIT,COLUMNSPLIT,USEFLAG,COMPANYID,LANG,TOPMNID,BASETYPE,THEMEUID,TENANT_ID) values ('cc6758b3-1f3f-483a-9d7a-861caca82f92','top',1,'cc6758b3-1f3f-483a-9d7a-861caca82f92','cc6758b3-1f3f-483a-9d7a-861caca82f92','gisa1','기사원','13/06/20',null,-1,110,0,3,null,'100;280;;',null,'S907000',null,null,null,'f2de22b9-9a3f-49a9-884b-2e179e564cbf',0);
Insert into TBL_TOPMENU_GENERAL (UID_,PARENTUID,DEPTH,DISPLAYNAME,DISPLAYNAME2,CREATORID,CREATORNAME,CREATEDATE,MODIFYDATE,WIDTH,HEIGHT,ROWLENGTH,COLUMNLENGTH,ROWSPLIT,COLUMNSPLIT,USEFLAG,COMPANYID,LANG,TOPMNID,BASETYPE,THEMEUID,TENANT_ID) values ('cd941931-9343-4186-b920-22106c63bfc1','top',1,'cd941931-9343-4186-b920-22106c63bfc1','cd941931-9343-4186-b920-22106c63bfc1','gisa1','기사원','13/06/20',null,-1,110,0,1,' ',';',null,'S907000',null,null,null,'f2de22b9-9a3f-49a9-884b-2e179e564cbf',0);

Insert into TBL_TOPMENU_ITEMS (UID_,PAGEUID,PARENTPAGEUID,OWNERPAGEID,MENUITEMTYPE,DISPLAYNAME,WIDTH,HEIGHT,ROWPOS,COLUMNPOS,CANREMOVE,CANRESIZE,CANREPLACE,ALIGN,VALIGN,TOPMARGIN,BOTTOMMARGIN,LEFTMARGIN,RIGHTMARGIN,TENANT_ID) values ('204','cd941931-9343-4186-b920-22106c63bfc1','top','b0a4e923-d270-4353-9e81-e86c14424262',0,'서브메뉴영역',0,100,20000,1,1,1,1,null,null,null,null,null,null,0);
Insert into TBL_TOPMENU_ITEMS (UID_,PAGEUID,PARENTPAGEUID,OWNERPAGEID,MENUITEMTYPE,DISPLAYNAME,WIDTH,HEIGHT,ROWPOS,COLUMNPOS,CANREMOVE,CANRESIZE,CANREPLACE,ALIGN,VALIGN,TOPMARGIN,BOTTOMMARGIN,LEFTMARGIN,RIGHTMARGIN,TENANT_ID) values ('205','174da7a0-e379-44bb-937d-a91216a7b459','top','b0a4e923-d270-4353-9e81-e86c14424262',0,'검색영역',0,100,10000,3,1,1,1,null,null,null,null,null,null,0);
Insert into TBL_TOPMENU_ITEMS (UID_,PAGEUID,PARENTPAGEUID,OWNERPAGEID,MENUITEMTYPE,DISPLAYNAME,WIDTH,HEIGHT,ROWPOS,COLUMNPOS,CANREMOVE,CANRESIZE,CANREPLACE,ALIGN,VALIGN,TOPMARGIN,BOTTOMMARGIN,LEFTMARGIN,RIGHTMARGIN,TENANT_ID) values ('205','306fedec-66da-4070-8b54-8d1517a4545b','top','d4dcceee-01f5-42da-9093-a243d3056204',0,'검색영역',0,100,10000,3,1,1,1,null,null,null,null,null,null,0);
Insert into TBL_TOPMENU_ITEMS (UID_,PAGEUID,PARENTPAGEUID,OWNERPAGEID,MENUITEMTYPE,DISPLAYNAME,WIDTH,HEIGHT,ROWPOS,COLUMNPOS,CANREMOVE,CANRESIZE,CANREPLACE,ALIGN,VALIGN,TOPMARGIN,BOTTOMMARGIN,LEFTMARGIN,RIGHTMARGIN,TENANT_ID) values ('29e70a07-904b-41c6-a683-4d06a0b15d85','F3633607-8E8B-42A1-B777-6E2969072E58','top','F3633607-8E8B-42A1-B777-6E2969072E58',1,'F3633607-8E8B-42A1-B777-6E2969072E58',0,100,20000,1,1,1,1,null,null,null,null,null,null,0);
Insert into TBL_TOPMENU_ITEMS (UID_,PAGEUID,PARENTPAGEUID,OWNERPAGEID,MENUITEMTYPE,DISPLAYNAME,WIDTH,HEIGHT,ROWPOS,COLUMNPOS,CANREMOVE,CANRESIZE,CANREPLACE,ALIGN,VALIGN,TOPMARGIN,BOTTOMMARGIN,LEFTMARGIN,RIGHTMARGIN,TENANT_ID) values ('306fedec-66da-4070-8b54-8d1517a4545b','d4dcceee-01f5-42da-9093-a243d3056204','top','d4dcceee-01f5-42da-9093-a243d3056204',1,'d4dcceee-01f5-42da-9093-a243d3056204',0,110,10000,1,1,1,1,null,null,null,null,null,null,0);
Insert into TBL_TOPMENU_ITEMS (UID_,PAGEUID,PARENTPAGEUID,OWNERPAGEID,MENUITEMTYPE,DISPLAYNAME,WIDTH,HEIGHT,ROWPOS,COLUMNPOS,CANREMOVE,CANRESIZE,CANREPLACE,ALIGN,VALIGN,TOPMARGIN,BOTTOMMARGIN,LEFTMARGIN,RIGHTMARGIN,TENANT_ID) values ('64aa1712-8a96-4b25-aa9c-51e74282d54f','d4dcceee-01f5-42da-9093-a243d3056204','top','d4dcceee-01f5-42da-9093-a243d3056204',1,'d4dcceee-01f5-42da-9093-a243d3056204',0,100,20000,1,1,1,1,null,null,null,null,null,null,0);
Insert into TBL_TOPMENU_ITEMS (UID_,PAGEUID,PARENTPAGEUID,OWNERPAGEID,MENUITEMTYPE,DISPLAYNAME,WIDTH,HEIGHT,ROWPOS,COLUMNPOS,CANREMOVE,CANRESIZE,CANREPLACE,ALIGN,VALIGN,TOPMARGIN,BOTTOMMARGIN,LEFTMARGIN,RIGHTMARGIN,TENANT_ID) values ('cc6758b3-1f3f-483a-9d7a-861caca82f92','F3633607-8E8B-42A1-B777-6E2969072E58','top','F3633607-8E8B-42A1-B777-6E2969072E58',1,'F3633607-8E8B-42A1-B777-6E2969072E58',0,110,10000,1,1,1,1,null,null,null,null,null,null,0);
Insert into TBL_TOPMENU_ITEMS (UID_,PAGEUID,PARENTPAGEUID,OWNERPAGEID,MENUITEMTYPE,DISPLAYNAME,WIDTH,HEIGHT,ROWPOS,COLUMNPOS,CANREMOVE,CANRESIZE,CANREPLACE,ALIGN,VALIGN,TOPMARGIN,BOTTOMMARGIN,LEFTMARGIN,RIGHTMARGIN,TENANT_ID) values ('cd941931-9343-4186-b920-22106c63bfc1','b0a4e923-d270-4353-9e81-e86c14424262','top','b0a4e923-d270-4353-9e81-e86c14424262',1,'b0a4e923-d270-4353-9e81-e86c14424262',0,100,20000,1,1,1,1,null,null,null,null,null,null,0);
Insert into TBL_TOPMENU_ITEMS (UID_,PAGEUID,PARENTPAGEUID,OWNERPAGEID,MENUITEMTYPE,DISPLAYNAME,WIDTH,HEIGHT,ROWPOS,COLUMNPOS,CANREMOVE,CANRESIZE,CANREPLACE,ALIGN,VALIGN,TOPMARGIN,BOTTOMMARGIN,LEFTMARGIN,RIGHTMARGIN,TENANT_ID) values ('205','cc6758b3-1f3f-483a-9d7a-861caca82f92','top','F3633607-8E8B-42A1-B777-6E2969072E58',0,'검색영역',0,100,10000,3,1,1,1,null,null,null,null,null,null,0);
Insert into TBL_TOPMENU_ITEMS (UID_,PAGEUID,PARENTPAGEUID,OWNERPAGEID,MENUITEMTYPE,DISPLAYNAME,WIDTH,HEIGHT,ROWPOS,COLUMNPOS,CANREMOVE,CANRESIZE,CANREPLACE,ALIGN,VALIGN,TOPMARGIN,BOTTOMMARGIN,LEFTMARGIN,RIGHTMARGIN,TENANT_ID) values ('174da7a0-e379-44bb-937d-a91216a7b459','b0a4e923-d270-4353-9e81-e86c14424262','top','b0a4e923-d270-4353-9e81-e86c14424262',1,'b0a4e923-d270-4353-9e81-e86c14424262',0,110,10000,1,1,1,1,null,null,null,null,null,null,0);
Insert into TBL_TOPMENU_ITEMS (UID_,PAGEUID,PARENTPAGEUID,OWNERPAGEID,MENUITEMTYPE,DISPLAYNAME,WIDTH,HEIGHT,ROWPOS,COLUMNPOS,CANREMOVE,CANRESIZE,CANREPLACE,ALIGN,VALIGN,TOPMARGIN,BOTTOMMARGIN,LEFTMARGIN,RIGHTMARGIN,TENANT_ID) values ('201','174da7a0-e379-44bb-937d-a91216a7b459','top','b0a4e923-d270-4353-9e81-e86c14424262',0,'로고영역',0,100,10000,1,1,1,1,null,null,null,null,null,null,0);
Insert into TBL_TOPMENU_ITEMS (UID_,PAGEUID,PARENTPAGEUID,OWNERPAGEID,MENUITEMTYPE,DISPLAYNAME,WIDTH,HEIGHT,ROWPOS,COLUMNPOS,CANREMOVE,CANRESIZE,CANREPLACE,ALIGN,VALIGN,TOPMARGIN,BOTTOMMARGIN,LEFTMARGIN,RIGHTMARGIN,TENANT_ID) values ('201','306fedec-66da-4070-8b54-8d1517a4545b','top','d4dcceee-01f5-42da-9093-a243d3056204',0,'로고영역',0,100,10000,1,1,1,1,null,null,null,null,null,null,0);
Insert into TBL_TOPMENU_ITEMS (UID_,PAGEUID,PARENTPAGEUID,OWNERPAGEID,MENUITEMTYPE,DISPLAYNAME,WIDTH,HEIGHT,ROWPOS,COLUMNPOS,CANREMOVE,CANRESIZE,CANREPLACE,ALIGN,VALIGN,TOPMARGIN,BOTTOMMARGIN,LEFTMARGIN,RIGHTMARGIN,TENANT_ID) values ('201','cc6758b3-1f3f-483a-9d7a-861caca82f92','top','F3633607-8E8B-42A1-B777-6E2969072E58',0,'로고영역',0,100,10000,1,1,1,1,null,null,null,null,null,null,0);
Insert into TBL_TOPMENU_ITEMS (UID_,PAGEUID,PARENTPAGEUID,OWNERPAGEID,MENUITEMTYPE,DISPLAYNAME,WIDTH,HEIGHT,ROWPOS,COLUMNPOS,CANREMOVE,CANRESIZE,CANREPLACE,ALIGN,VALIGN,TOPMARGIN,BOTTOMMARGIN,LEFTMARGIN,RIGHTMARGIN,TENANT_ID) values ('202','174da7a0-e379-44bb-937d-a91216a7b459','top','b0a4e923-d270-4353-9e81-e86c14424262',0,'유틸메뉴영역',0,100,10000,2,1,1,1,null,null,null,null,null,null,0);
Insert into TBL_TOPMENU_ITEMS (UID_,PAGEUID,PARENTPAGEUID,OWNERPAGEID,MENUITEMTYPE,DISPLAYNAME,WIDTH,HEIGHT,ROWPOS,COLUMNPOS,CANREMOVE,CANRESIZE,CANREPLACE,ALIGN,VALIGN,TOPMARGIN,BOTTOMMARGIN,LEFTMARGIN,RIGHTMARGIN,TENANT_ID) values ('202','306fedec-66da-4070-8b54-8d1517a4545b','top','d4dcceee-01f5-42da-9093-a243d3056204',0,'유틸메뉴영역',0,100,10000,2,1,1,1,null,null,null,null,null,null,0);
Insert into TBL_TOPMENU_ITEMS (UID_,PAGEUID,PARENTPAGEUID,OWNERPAGEID,MENUITEMTYPE,DISPLAYNAME,WIDTH,HEIGHT,ROWPOS,COLUMNPOS,CANREMOVE,CANRESIZE,CANREPLACE,ALIGN,VALIGN,TOPMARGIN,BOTTOMMARGIN,LEFTMARGIN,RIGHTMARGIN,TENANT_ID) values ('202','cc6758b3-1f3f-483a-9d7a-861caca82f92','top','F3633607-8E8B-42A1-B777-6E2969072E58',0,'유틸메뉴영역',0,100,10000,2,1,1,1,'center','middle',0,0,100,0,0);
Insert into TBL_TOPMENU_ITEMS (UID_,PAGEUID,PARENTPAGEUID,OWNERPAGEID,MENUITEMTYPE,DISPLAYNAME,WIDTH,HEIGHT,ROWPOS,COLUMNPOS,CANREMOVE,CANRESIZE,CANREPLACE,ALIGN,VALIGN,TOPMARGIN,BOTTOMMARGIN,LEFTMARGIN,RIGHTMARGIN,TENANT_ID) values ('203','29e70a07-904b-41c6-a683-4d06a0b15d85','top','F3633607-8E8B-42A1-B777-6E2969072E58',0,'메인메뉴영역',0,100,10000,1,1,1,1,'center','middle',0,0,0,0,0);
Insert into TBL_TOPMENU_ITEMS (UID_,PAGEUID,PARENTPAGEUID,OWNERPAGEID,MENUITEMTYPE,DISPLAYNAME,WIDTH,HEIGHT,ROWPOS,COLUMNPOS,CANREMOVE,CANRESIZE,CANREPLACE,ALIGN,VALIGN,TOPMARGIN,BOTTOMMARGIN,LEFTMARGIN,RIGHTMARGIN,TENANT_ID) values ('203','64aa1712-8a96-4b25-aa9c-51e74282d54f','top','d4dcceee-01f5-42da-9093-a243d3056204',0,'메인메뉴영역',0,100,10000,1,1,1,1,null,null,null,null,null,null,0);
Insert into TBL_TOPMENU_ITEMS (UID_,PAGEUID,PARENTPAGEUID,OWNERPAGEID,MENUITEMTYPE,DISPLAYNAME,WIDTH,HEIGHT,ROWPOS,COLUMNPOS,CANREMOVE,CANRESIZE,CANREPLACE,ALIGN,VALIGN,TOPMARGIN,BOTTOMMARGIN,LEFTMARGIN,RIGHTMARGIN,TENANT_ID) values ('203','cd941931-9343-4186-b920-22106c63bfc1','top','b0a4e923-d270-4353-9e81-e86c14424262',0,'메인메뉴영역',0,100,10000,1,1,1,1,null,null,null,null,null,null,0);
Insert into TBL_TOPMENU_ITEMS (UID_,PAGEUID,PARENTPAGEUID,OWNERPAGEID,MENUITEMTYPE,DISPLAYNAME,WIDTH,HEIGHT,ROWPOS,COLUMNPOS,CANREMOVE,CANRESIZE,CANREPLACE,ALIGN,VALIGN,TOPMARGIN,BOTTOMMARGIN,LEFTMARGIN,RIGHTMARGIN,TENANT_ID) values ('204','29e70a07-904b-41c6-a683-4d06a0b15d85','top','F3633607-8E8B-42A1-B777-6E2969072E58',0,'서브메뉴영역',0,100,20000,1,1,1,1,null,null,null,null,null,null,0);
Insert into TBL_TOPMENU_ITEMS (UID_,PAGEUID,PARENTPAGEUID,OWNERPAGEID,MENUITEMTYPE,DISPLAYNAME,WIDTH,HEIGHT,ROWPOS,COLUMNPOS,CANREMOVE,CANRESIZE,CANREPLACE,ALIGN,VALIGN,TOPMARGIN,BOTTOMMARGIN,LEFTMARGIN,RIGHTMARGIN,TENANT_ID) values ('204','64aa1712-8a96-4b25-aa9c-51e74282d54f','top','d4dcceee-01f5-42da-9093-a243d3056204',0,'서브메뉴영역',0,100,20000,1,1,1,1,null,null,null,null,null,null,0);

Insert into TBL_USERSTARTPAGE_ITEM (UID_,PARENTUID,IMAGEUID,ACCESSID,COMPANYID,LINKURL,LANG,TENANT_ID) values ('cf34747c-d809-461d-93d9-e50486ae3b68','F3633607-8E8B-42A1-B777-6E2969072E58','d7e86d24-137e-4934-bf70-87fed28f5530','gisa1','S907000','/ezPortal/myPortal.do','1',0);
