/*!40101 SET @OLD_CHARACTER_SET_CLIENT=@@CHARACTER_SET_CLIENT */;
/*!40101 SET @OLD_CHARACTER_SET_RESULTS=@@CHARACTER_SET_RESULTS */;
/*!40101 SET @OLD_COLLATION_CONNECTION=@@COLLATION_CONNECTION */;
/*!40101 SET NAMES utf8 */;
/*!40103 SET @OLD_TIME_ZONE=@@TIME_ZONE */;
/*!40103 SET TIME_ZONE='+00:00' */;
/*!40014 SET @OLD_UNIQUE_CHECKS=@@UNIQUE_CHECKS, UNIQUE_CHECKS=0 */;
/*!40014 SET @OLD_FOREIGN_KEY_CHECKS=@@FOREIGN_KEY_CHECKS, FOREIGN_KEY_CHECKS=0 */;
/*!40101 SET @OLD_SQL_MODE=@@SQL_MODE, SQL_MODE='NO_AUTO_VALUE_ON_ZERO' */;
/*!40111 SET @OLD_SQL_NOTES=@@SQL_NOTES, SQL_NOTES=0 */;

-- 조직도 정보
INSERT INTO `jmocha_dept_master` (`TENANT_ID`,`CN`,`DISPLAYNAME`,`DISPLAYNAME2`,`USEFLAG`,`MAIL`,`COMPNM2`,`DEPTLEVEL`,`DEPT_CD_PATH`,`DEPT_NM_PATH`,`EXTENSIONATTRIBUTE1`,`EXTENSIONATTRIBUTE2`,`EXTENSIONATTRIBUTE3`,`EXTENSIONATTRIBUTE4`,`EXTENSIONATTRIBUTE5`,`EXTENSIONATTRIBUTE6`,`EXTENSIONATTRIBUTE7`,`EXTENSIONATTRIBUTE8`,`EXTENSIONATTRIBUTE9`,`EXTENSIONATTRIBUTE10`,`EXTENSIONATTRIBUTE11`,`EXTENSIONATTRIBUTE12`,`EXTENSIONATTRIBUTE13`,`EXTENSIONATTRIBUTE14`,`EXTENSIONATTRIBUTE15`,`ADFLAG`,`ADSPATH`,`UPDATEDT`) VALUES (0,'Top','조직도','OrganizationChart',NULL,'Top@jtest.kaoni.com','OrganizationChart','1','Top','조직도',NULL,'Top','조직도',NULL,NULL,NULL,NULL,NULL,NULL,NULL,NULL,NULL,NULL,NULL,NULL,'Y','CN=Top,OU=조직도,OU=TopGroup,DC=jtest,DC=kaoni,DC=com','2017-01-06 00:00:00');
INSERT INTO `jmocha_user_master` (`TENANT_ID`,`CN`,`DISPLAYNAME`,`DISPLAYNAME2`,`MAIL`,`MAILNICKNAME`,`UPNNAME`,`DEPARTMENT`,`DESCRIPTION`,`DESCRIPTION2`,`DESCRIPTION3`,`PHYSICALDELIVERYOFFICENAME`,`COMPANY`,`COMPANY2`,`TITLE`,`TITLE2`,`TELEPHONENUMBER`,`HOMEPHONE`,`FACSIMILETELEPHONENUMBER`,`MOBILE`,`POSTALCODE`,`STREETADDRESS`,`INFO`,`EXTENSIONATTRIBUTE1`,`EXTENSIONATTRIBUTE2`,`EXTENSIONATTRIBUTE3`,`EXTENSIONATTRIBUTE4`,`EXTENSIONATTRIBUTE5`,`EXTENSIONATTRIBUTE6`,`EXTENSIONATTRIBUTE7`,`EXTENSIONATTRIBUTE8`,`EXTENSIONATTRIBUTE9`,`EXTENSIONATTRIBUTE10`,`EXTENSIONATTRIBUTE102`,`EXTENSIONATTRIBUTE11`,`EXTENSIONATTRIBUTE12`,`EXTENSIONATTRIBUTE13`,`EXTENSIONATTRIBUTE14`,`EXTENSIONATTRIBUTE15`,`ADSPATH`,`SIPURI`,`UPDATEDT`,`MOBILE_ENABLE`,`MOBILE_NOTUSE`,`MOBILE_PIN`,`POSITIONCD`,`BIRTH`,`BIRTHTYPE`,`PASSWORD`,`IPADDRESS`,`LASTLOGIN`,`LOGINCNT`) VALUES (0,'masteradmin','마스터관리자','MasterAdmin','masteradmin@jtest.kaoni.com','masteradmin',NULL,'Top','조직도','OrganizationChart',NULL,'Top','조직도','OrganizationChart','마스터관리자','MasterAdmin',NULL,NULL,NULL,NULL,NULL,NULL,' ','c=1;a=1;k=1;i=1;g=1;l=1;n=0;m=0;w=0;t=0;',NULL,NULL,NULL,NULL,NULL,NULL,NULL,NULL,'마스터관리자','MasterAdmin',NULL,NULL,NULL,NULL,'1','CN=masteradmin,OU=사용자,OU=조직도,OU=TopGroup,DC=jtest,DC=kaoni,DC=com',NULL,'2017-01-06 00:00:00',NULL,'N',NULL,NULL,NULL,'Y','m7jsQtm1Uqm+n51H00wciQOeQm9rlarZxD0wuM9QVCU=','0:0:0:0:0:0:0:1','2017-01-06 00:00:00',0);
INSERT INTO `jmocha_tenant` (`TENANT_ID`,`TENANT_NAME`,`TENANT_NAME2`) VALUES (0,'조직도','OrganizationChart');
INSERT INTO `tbl_tenant` (`TENANT_ID`,`TENANT_NAME`,`TENANT_NAME2`) VALUES (0,'조직도','OrganizationChart');
INSERT INTO `tbl_deptmaster` (`TENANT_ID`,`CN`,`DISPLAYNAME`,`DISPLAYNAME2`,`USEFLAG`,`MAIL`,`COMPNM2`,`DEPTLEVEL`,`DEPT_CD_PATH`,`DEPT_NM_PATH`,`EXTENSIONATTRIBUTE1`,`EXTENSIONATTRIBUTE2`,`EXTENSIONATTRIBUTE3`,`EXTENSIONATTRIBUTE4`,`EXTENSIONATTRIBUTE5`,`EXTENSIONATTRIBUTE6`,`EXTENSIONATTRIBUTE7`,`EXTENSIONATTRIBUTE8`,`EXTENSIONATTRIBUTE9`,`EXTENSIONATTRIBUTE10`,`EXTENSIONATTRIBUTE11`,`EXTENSIONATTRIBUTE12`,`EXTENSIONATTRIBUTE13`,`EXTENSIONATTRIBUTE14`,`EXTENSIONATTRIBUTE15`,`ADFLAG`,`ADSPATH`,`UPDATEDT`) VALUES (0,'Top','조직도','OrganizationChart',NULL,'Top@jtest.kaoni.com','OrganizationChart','1','Top','조직도',NULL,'Top','조직도',NULL,NULL,NULL,NULL,NULL,NULL,NULL,NULL,NULL,NULL,NULL,NULL,'Y','CN=Top,OU=조직도,OU=TopGroup,DC=jtest,DC=kaoni,DC=com','2017-01-06 00:00:00');
INSERT INTO `tbl_usermaster` (`TENANT_ID`,`CN`,`DISPLAYNAME`,`DISPLAYNAME2`,`MAIL`,`MAILNICKNAME`,`UPNNAME`,`DEPARTMENT`,`DESCRIPTION`,`DESCRIPTION2`,`DESCRIPTION3`,`PHYSICALDELIVERYOFFICENAME`,`COMPANY`,`COMPANY2`,`TITLE`,`TITLE2`,`TELEPHONENUMBER`,`HOMEPHONE`,`FACSIMILETELEPHONENUMBER`,`MOBILE`,`POSTALCODE`,`STREETADDRESS`,`INFO`,`EXTENSIONATTRIBUTE1`,`EXTENSIONATTRIBUTE2`,`EXTENSIONATTRIBUTE3`,`EXTENSIONATTRIBUTE4`,`EXTENSIONATTRIBUTE5`,`EXTENSIONATTRIBUTE6`,`EXTENSIONATTRIBUTE7`,`EXTENSIONATTRIBUTE8`,`EXTENSIONATTRIBUTE9`,`EXTENSIONATTRIBUTE10`,`EXTENSIONATTRIBUTE102`,`EXTENSIONATTRIBUTE11`,`EXTENSIONATTRIBUTE12`,`EXTENSIONATTRIBUTE13`,`EXTENSIONATTRIBUTE14`,`EXTENSIONATTRIBUTE15`,`ADSPATH`,`SIPURI`,`UPDATEDT`,`MOBILE_ENABLE`,`MOBILE_NOTUSE`,`MOBILE_PIN`,`POSITIONCD`,`BIRTH`,`BIRTHTYPE`,`PASSWORD`,`IPADDRESS`,`LASTLOGIN`,`LOGINCNT`,`LISTTYPE`) VALUES (0,'masteradmin','Master','MasterAdmin','masteradmin@jtest.kaoni.com','masteradmin',NULL,'Top','조직도','OrganizationChart',NULL,'Top','조직도','OrganizationChart','MasterAdmin','MasterAdmin',NULL,NULL,NULL,NULL,NULL,NULL,' ','c=1;a=1;k=1;i=1;g=1;l=1;n=0;m=0;w=0;t=0;',NULL,NULL,NULL,NULL,NULL,NULL,NULL,NULL,'마스터관리자','MasterAdmin',NULL,NULL,NULL,NULL,'1','CN=masteradmin,OU=사용자,OU=조직도,OU=TopGroup,DC=jtest,DC=kaoni,DC=com',NULL,'2017-01-06 00:00:00',NULL,'N',NULL,NULL,NULL,'Y','m7jsQtm1Uqm+n51H00wciQOeQm9rlarZxD0wuM9QVCU=','0:0:0:0:0:0:0:1','2017-01-06 00:00:00',0,'TXT');

-- primaryLang
INSERT INTO `jmocha_tenant_config` (`TENANT_ID`,`PROPERTY_NAME`,`PROPERTY_VALUE`) VALUES (0,'PrimaryLang','1');
INSERT INTO `jmocha_tenant_config` (`TENANT_ID`,`PROPERTY_NAME`,`PROPERTY_VALUE`) VALUES (0,'LangPrimary1','한글');
INSERT INTO `jmocha_tenant_config` (`TENANT_ID`,`PROPERTY_NAME`,`PROPERTY_VALUE`) VALUES (0,'LangPrimary2','Korean');
INSERT INTO `jmocha_tenant_config` (`TENANT_ID`,`PROPERTY_NAME`,`PROPERTY_VALUE`) VALUES (0,'LangPrimary3','韓国語');
INSERT INTO `jmocha_tenant_config` (`TENANT_ID`,`PROPERTY_NAME`,`PROPERTY_VALUE`) VALUES (0,'LangPrimary4','韩国语');
INSERT INTO TBL_TENANT_CONFIG (TENANT_ID, PROPERTY_NAME, CONFIG_NAME, PROPERTY_VALUE, DESCRIPTION, REGDATE, CONFIG_TYPE) VALUES (0, 'PrimaryLang', '시스템 언어', '1', '시스템 primary 언어를 설정한다.1: 한국어3: 일본어  (default: 1)', '2017-01-06 00:00:00', '일반');
INSERT INTO TBL_TENANT_CONFIG (TENANT_ID, PROPERTY_NAME, CONFIG_NAME, PROPERTY_VALUE, DESCRIPTION, REGDATE, CONFIG_TYPE) VALUES (0, 'LangPrimary5', '멀티언어5(메인)', '', '', '2017-01-06 00:00:00', '일반');
INSERT INTO TBL_TENANT_CONFIG (TENANT_ID, PROPERTY_NAME, CONFIG_NAME, PROPERTY_VALUE, DESCRIPTION, REGDATE, CONFIG_TYPE) VALUES (0, 'LangPrimary4', '멀티언어4(메인)', '韩国语', '', '2017-01-06 00:00:00', '일반');
INSERT INTO TBL_TENANT_CONFIG (TENANT_ID, PROPERTY_NAME, CONFIG_NAME, PROPERTY_VALUE, DESCRIPTION, REGDATE, CONFIG_TYPE) VALUES (0, 'LangPrimary3', '멀티언어3(메인)', '韓国語', '', '2017-01-06 00:00:00', '일반');
INSERT INTO TBL_TENANT_CONFIG (TENANT_ID, PROPERTY_NAME, CONFIG_NAME, PROPERTY_VALUE, DESCRIPTION, REGDATE, CONFIG_TYPE) VALUES (0, 'LangPrimary2', '멀티언어2(메인)', 'Korean', '', '2017-01-06 00:00:00', '일반');
INSERT INTO TBL_TENANT_CONFIG (TENANT_ID, PROPERTY_NAME, CONFIG_NAME, PROPERTY_VALUE, DESCRIPTION, REGDATE, CONFIG_TYPE) VALUES (0, 'LangPrimary1', '멀티언어1(메인)', '한글', '시스템 언어에 따른 멀티언어(메인) 셋팅', '2017-01-06 00:00:00', '일반');
INSERT INTO TBL_TENANT_CONFIG (TENANT_ID, PROPERTY_NAME, CONFIG_NAME, PROPERTY_VALUE, DESCRIPTION, REGDATE, CONFIG_TYPE) VALUES (0, 'PrimaryTimeZone', '시스템 표준 시간대', '235|+09:00', '시스템 primary 표준 시간대를 설정한다.시스템 Primary 표준 시간대 설정  (첫 로그인 시 사용자의 표준 시간대를 정할 수 없을 경우 시스템의 표준 시간대를 따름) (default: 235|+09:00)', '2017-01-06 00:00:00', '일반');

-- 클라우드 유저 추가 알림 메세지 관련
INSERT INTO TBL_TENANT_CONFIG (TENANT_ID, PROPERTY_NAME, CONFIG_NAME, PROPERTY_VALUE, DESCRIPTION, REGDATE, CONFIG_TYPE) VALUES (0, 'cloudAddUserMailSubject', '클라우드 유저 추가 알림 메일 제목', '[알림] 클라우드 서버에 새로운 유저가 추가되었습니다', '클라우드 서버에서 유저가 추가되면 보내는 알림 메일의 제목', '2017-01-06 00:00:00', '일반');
INSERT INTO TBL_TENANT_CONFIG (TENANT_ID, PROPERTY_NAME, CONFIG_NAME, PROPERTY_VALUE, DESCRIPTION, REGDATE, CONFIG_TYPE) VALUES (0, 'cloudAddUserMailContent', '클라우드 유저 추가 알림 메일 내용', '<html><head><meta charset=\"utf-8\"></head><body><div style=\"width: 80%;margin: 0px auto;\"><p style=\"font-weight: bold;\">클라우드에 유저가 추가되었습니다. 해당 내용은 아래와 같습니다.</p><ul><ol>서버 메일 주소: %s</ol><ol>추가한 관리자명: %s</ol><ol>추가된 유저명: %s</ol><ol>일자: %s</ol></ul><div id=\"cloud-message\" style=\"margin: 0px auto;margin-top: 20px;padding: 10px;background: rgb(238, 238, 238);height: 100px;\"><h3 style=\"margin: 0px;\">* 추가된 유저 요금은 일할계산되어 자동 익월 청구됩니다.<br>* 문의: 고객지원센터 080-258-0007</h3></div></div></body></html>', '클라우드 서버에서 유저가 추가되면 보내는 알림 메일의 내용 (HTML)', '2017-01-06 00:00:00', '일반');
INSERT INTO TBL_TENANT_CONFIG (TENANT_ID, PROPERTY_NAME, CONFIG_NAME, PROPERTY_VALUE, DESCRIPTION, REGDATE, CONFIG_TYPE) VALUES (0, 'cloudAddUserMailTo', '클라우드 유저 추가 알림 메일 받는 사람', '', '클라우드 서버에서 유저가 추가되면 보내는 알림 메일을 받는 사람 (, 로 구분하여 여러명을 나타낸다)', '2017-01-06 00:00:00', '일반');

-- 게시판
INSERT INTO TBL_Board_BoardInfo (BoardID, BoardName, BoardName2, TreeViewOrder, BoardLevel, ParentBoardID, BoardDescription, ItemExpires, AttachsizeLimit, ReplyNotify, BoardGroupID, AlertPostItem, Gubun, URL, DeleteAfter, BoardColor, BoardNo, Portlet, tenant_ID) VALUES ('{FFFFFFFF-FFFF-FFFF-FFFF-FFFFFFFFFFFF}', '새게시물', 'New BoardItem', -1, 0, 'None', NULL, 0, NULL, 0, NULL, 0, 0, NULL, 0, NULL, 0, 'N', 0);
INSERT INTO TBL_Board_MyBoards (UserID, BoardID, BoardName, BoardName2, TreeviewNum, companyID, tenant_ID) VALUES ('everyone', '{FFFFFFFF-FFFF-FFFF-FFFF-FFFFFFFFFFFF}', '새게시물', 'New BoardItem', -1, 'Top', 0);

-- 전자결재
INSERT INTO   TBL_FormContainer  (FormContID,  FormContName,  FormContOwnDepID,  FormContParents,  FormContdescription,  FormContName2, COMPANYID, TENANT_ID) VALUES (N'2004000001', N'기본양식함', N'ALL', N'ROOT', N'기본 양식함 입니다.', N'DEPT003','Top',0);
-- INSERT INTO   TBL_FormContainer  (FormContID,  FormContName,  FormContOwnDepID,  FormContParents,  FormContdescription,  FormContName2, COMPANYID, TENANT_ID) VALUES (N'2004000003', N'HWP양식함', N'ALL', N'ROOT', NULL, NULL,'Top',0);

INSERT INTO TBL_TASKCATEGORY  (CategoryCode,  Name,  Description,  OldFlag,  Name2, COMPANYID, TENANT_ID) VALUES (N'ZA000001', N'총무행정', N'총무행정', NULL, N'총무행정_Eng','S907000',0);
INSERT INTO TBL_TASKCATEGORY  (CategoryCode,  Name,  Description,  OldFlag,  Name2, COMPANYID, TENANT_ID) VALUES (N'ZB000001', N'경제', N'경제', NULL, N'경제_Eng','S907000',0);
INSERT INTO TBL_TASKCATEGORY  (CategoryCode,  Name,  Description,  OldFlag,  Name2, COMPANYID, TENANT_ID) VALUES (N'ZC000001', N'재무', N'재무', NULL, N'재무_Eng','S907000',0);
INSERT INTO TBL_TASKCATEGORY  (CategoryCode,  Name,  Description,  OldFlag,  Name2, COMPANYID, TENANT_ID) VALUES (N'ZZ000001', N'감사', N'감사', NULL, N'감사_Eng','S907000',0);
INSERT INTO TBL_TASKCATEGORY  (CategoryCode,  Name,  Description,  OldFlag,  Name2, COMPANYID, TENANT_ID) VALUES (N'ZZ000002', N'에너지', N'에너지관리공단테스트용', NULL, N'에너지_Eng','S907000',0);

INSERT INTO   TBL_ContainerType  (ContainerTypeID,  ContainerTypeName,  ContainerTypeName2, COMPANYID, TENANT_ID) VALUES (N'100', N'품의함', N'Draft','S907000',0);
INSERT INTO   TBL_ContainerType  (ContainerTypeID,  ContainerTypeName,  ContainerTypeName2, COMPANYID, TENANT_ID) VALUES (N'200', N'협조함', N'Support','S907000',0);
INSERT INTO   TBL_ContainerType  (ContainerTypeID,  ContainerTypeName,  ContainerTypeName2, COMPANYID, TENANT_ID) VALUES (N'300', N'감사함', N'Audit','S907000',0);
INSERT INTO   TBL_ContainerType  (ContainerTypeID,  ContainerTypeName,  ContainerTypeName2, COMPANYID, TENANT_ID) VALUES (N'500', N'수신함', N'Receive','S907000',0);
INSERT INTO   TBL_ContainerType  (ContainerTypeID,  ContainerTypeName,  ContainerTypeName2, COMPANYID, TENANT_ID) VALUES (N'600', N'합의함', N'Agree','S907000',0);
INSERT INTO   TBL_ContainerType  (ContainerTypeID,  ContainerTypeName,  ContainerTypeName2, COMPANYID, TENANT_ID) VALUES (N'610', N'발신함', N'Send','S907000',0);
INSERT INTO   TBL_ContainerType  (ContainerTypeID,  ContainerTypeName,  ContainerTypeName2, COMPANYID, TENANT_ID) VALUES (N'700', N'반송함', N'Reject','S907000',0);
INSERT INTO   TBL_ContainerType  (ContainerTypeID,  ContainerTypeName,  ContainerTypeName2, COMPANYID, TENANT_ID) VALUES (N'999', N'폐기함', N'Obsolete','S907000',0);

INSERT INTO   TBL_TASKMIDDLECATEGORY  (MCategoryCode,  Name,  Description,  CategoryCode,  OldFlag,  Name2, COMPANYID, TENANT_ID) VALUES (N'aa000001', N'감사결과처리', N'감사결과처리', N'ZZ000001', NULL, N'감사결과처리_Eng','S907000',0);
INSERT INTO   TBL_TASKMIDDLECATEGORY  (MCategoryCode,  Name,  Description,  CategoryCode,  OldFlag,  Name2, COMPANYID, TENANT_ID) VALUES (N'aa000002', N'인사관리', N'인사관리', N'ZZ000001', NULL, N'인사관리_Eng','S907000',0);
INSERT INTO   TBL_TASKMIDDLECATEGORY  (MCategoryCode,  Name,  Description,  CategoryCode,  OldFlag,  Name2, COMPANYID, TENANT_ID) VALUES (N'ab000001', N'기록관리', N'기록관리', N'ZA000001', NULL, N'기록관리_Eng','S907000',0);
INSERT INTO   TBL_TASKMIDDLECATEGORY  (MCategoryCode,  Name,  Description,  CategoryCode,  OldFlag,  Name2, COMPANYID, TENANT_ID) VALUES (N'ac000001', N'경제협력', N'경제협력', N'ZB000001', NULL, N'경제협력_Eng','S907000',0);
INSERT INTO   TBL_TASKMIDDLECATEGORY  (MCategoryCode,  Name,  Description,  CategoryCode,  OldFlag,  Name2, COMPANYID, TENANT_ID) VALUES (N'ad000001', N'조세', N'조세', N'ZC000001', NULL, N'조세_Eng','S907000',0);
INSERT INTO   TBL_TASKMIDDLECATEGORY  (MCategoryCode,  Name,  Description,  CategoryCode,  OldFlag,  Name2, COMPANYID, TENANT_ID) VALUES (N'cb000001', N'기록관리', N'기록관리', N'ZA000001', NULL, N'기록관리_Eng','S907000',0);
INSERT INTO   TBL_TASKMIDDLECATEGORY  (MCategoryCode,  Name,  Description,  CategoryCode,  OldFlag,  Name2, COMPANYID, TENANT_ID) VALUES (N'cc000001', N'인사관리', N'인사관리', N'ZA000001', NULL, N'인사관리_Eng','S907000',0);
INSERT INTO   TBL_TASKMIDDLECATEGORY  (MCategoryCode,  Name,  Description,  CategoryCode,  OldFlag,  Name2, COMPANYID, TENANT_ID) VALUES (N'ZZ000022', N'에너지용', N'에너지용', N'ZZ000002', NULL, N'에너지용_Eng','S907000',0);

INSERT INTO TBL_FORMCONNINFO (CONNNODE, CONNINFO, DESCRIPTION, UPPERNODE) VALUES ('PROCESSIDXS',		'',							'',									'ROOT');
INSERT INTO TBL_FORMCONNINFO (CONNNODE, CONNINFO, DESCRIPTION, UPPERNODE) VALUES ('PROCESSIDX',			'INIT',						'문서 로딩시(기안, 접수기)',				'PROCESSIDXS');
INSERT INTO TBL_FORMCONNINFO (CONNNODE, CONNINFO, DESCRIPTION, UPPERNODE) VALUES ('PROCESSIDX',			'MIDDLE_SIGN_INIT',			'문서 로딩시(결재기)',						'PROCESSIDXS');
INSERT INTO TBL_FORMCONNINFO (CONNNODE, CONNINFO, DESCRIPTION, UPPERNODE) VALUES ('PROCESSIDX',			'DOCNUM_BEFORE',			'문서번호 채번직전(모든화면최종결재시)',			'PROCESSIDXS');
INSERT INTO TBL_FORMCONNINFO (CONNNODE, CONNINFO, DESCRIPTION, UPPERNODE) VALUES ('PROCESSIDX',			'DOCNUM_AFTER',				'문서번호 채번직후(모든화면최종결재시)',			'PROCESSIDXS');
INSERT INTO TBL_FORMCONNINFO (CONNNODE, CONNINFO, DESCRIPTION, UPPERNODE) VALUES ('PROCESSIDX',			'DRAFTSAVE_BEFORE',			'기안상신직전(기안기)',					'PROCESSIDXS');
INSERT INTO TBL_FORMCONNINFO (CONNNODE, CONNINFO, DESCRIPTION, UPPERNODE) VALUES ('PROCESSIDX',			'DRAFTSAVE_AFTER',			'기안상신직후(기안기)',					'PROCESSIDXS');
INSERT INTO TBL_FORMCONNINFO (CONNNODE, CONNINFO, DESCRIPTION, UPPERNODE) VALUES ('PROCESSIDX',			'DOCNUM_END',				'최종결재직후(기안기)',					'PROCESSIDXS');
INSERT INTO TBL_FORMCONNINFO (CONNNODE, CONNINFO, DESCRIPTION, UPPERNODE) VALUES ('PROCESSIDX',			'MIDDLE_SIGN_BEFORE',		'중간결재자 사인직전(결재기)',				'PROCESSIDXS');
INSERT INTO TBL_FORMCONNINFO (CONNNODE, CONNINFO, DESCRIPTION, UPPERNODE) VALUES ('PROCESSIDX',			'MIDDLE_SIGN_AFTER',		'중간결재자 사인직후(결재기)',				'PROCESSIDXS');
INSERT INTO TBL_FORMCONNINFO (CONNNODE, CONNINFO, DESCRIPTION, UPPERNODE) VALUES ('PROCESSIDX',			'MIDDLE_END_AFTER',			'중간결재자 결재성공시(결재기)',				'PROCESSIDXS');
INSERT INTO TBL_FORMCONNINFO (CONNNODE, CONNINFO, DESCRIPTION, UPPERNODE) VALUES ('PROCESSIDX',			'MIDDLE_END_FAIL',			'중간결재자 결재실패시(결재기)',				'PROCESSIDXS');
INSERT INTO TBL_FORMCONNINFO (CONNNODE, CONNINFO, DESCRIPTION, UPPERNODE) VALUES ('PROCESSIDX',			'LAST_SIGN_BEFORE',			'최종결재자 사인직전(결재기)',				'PROCESSIDXS');
INSERT INTO TBL_FORMCONNINFO (CONNNODE, CONNINFO, DESCRIPTION, UPPERNODE) VALUES ('PROCESSIDX',			'LAST_SIGN_AFTER',			'최종결재자 사인직후(결재기)',				'PROCESSIDXS');
INSERT INTO TBL_FORMCONNINFO (CONNNODE, CONNINFO, DESCRIPTION, UPPERNODE) VALUES ('PROCESSIDX',			'END_FAIL',					'결재완료 실패시(모든화면 최종결재시)',			'PROCESSIDXS');
INSERT INTO TBL_FORMCONNINFO (CONNNODE, CONNINFO, DESCRIPTION, UPPERNODE) VALUES ('PROCESSIDX',			'SUSIN_DRAFTSAVE_BEFORE',	'접수문서 접수직전(접수기)',					'PROCESSIDXS');
INSERT INTO TBL_FORMCONNINFO (CONNNODE, CONNINFO, DESCRIPTION, UPPERNODE) VALUES ('PROCESSIDX',			'SUSIN_DRAFTSAVE_AFTER',	'접수문서 접수직후(접수기)',					'PROCESSIDXS');
INSERT INTO TBL_FORMCONNINFO (CONNNODE, CONNINFO, DESCRIPTION, UPPERNODE) VALUES ('PROCESSIDX',			'SUSIN_DOCNUM_END',			'접수문서 접수후(접수기)',					'PROCESSIDXS');
INSERT INTO TBL_FORMCONNINFO (CONNNODE, CONNINFO, DESCRIPTION, UPPERNODE) VALUES ('PROCESSIDX',			'LAST_SEND_BEFORE',			'최종결재직전(기안기)',					'PROCESSIDXS');
INSERT INTO TBL_FORMCONNINFO (CONNNODE, CONNINFO, DESCRIPTION, UPPERNODE) VALUES ('PROCESSIDX',			'LAST_END_AFTER',			'최종결재직후(수신문서접수기)',				'PROCESSIDXS');
INSERT INTO TBL_FORMCONNINFO (CONNNODE, CONNINFO, DESCRIPTION, UPPERNODE) VALUES ('PROCESSIDX',			'BANSONG_BEFORE',			'반송직전(결재기)',						'PROCESSIDXS');
INSERT INTO TBL_FORMCONNINFO (CONNNODE, CONNINFO, DESCRIPTION, UPPERNODE) VALUES ('PROCESSIDX',			'BANSONG_AFTER',			'반송성공시(결재기)',						'PROCESSIDXS');
INSERT INTO TBL_FORMCONNINFO (CONNNODE, CONNINFO, DESCRIPTION, UPPERNODE) VALUES ('PROCESSIDX',			'BANSONG_FAIL',				'반송실패시(결재기)',						'PROCESSIDXS');
INSERT INTO TBL_FORMCONNINFO (CONNNODE, CONNINFO, DESCRIPTION, UPPERNODE) VALUES ('PROCESSTIMES',		'',							'',									'ROOT');
INSERT INTO TBL_FORMCONNINFO (CONNNODE, CONNINFO, DESCRIPTION, UPPERNODE) VALUES ('PROCESSTIME',		'DRAFT',					'기안결재시 호출(기안문)',					'PROCESSTIMES');
INSERT INTO TBL_FORMCONNINFO (CONNNODE, CONNINFO, DESCRIPTION, UPPERNODE) VALUES ('PROCESSTIME',		'REDRAFT',					'재기안시 호출(재기안시기안기에서)',			'PROCESSTIMES');
INSERT INTO TBL_FORMCONNINFO (CONNNODE, CONNINFO, DESCRIPTION, UPPERNODE) VALUES ('PROCESSTIME',		'SUSIN',					'수신문서상태 호출(수신문)',					'PROCESSTIMES');
INSERT INTO TBL_FORMCONNINFO (CONNNODE, CONNINFO, DESCRIPTION, UPPERNODE) VALUES ('PROCESSTIME',		'HAPYUI',					'합의문서상태 호출(합의문)',					'PROCESSTIMES');
INSERT INTO TBL_FORMCONNINFO (CONNNODE, CONNINFO, DESCRIPTION, UPPERNODE) VALUES ('PROCESSTIME',		'CHAMJO',					'참조문서상태 호출(미구현)',					'PROCESSTIMES');
INSERT INTO TBL_FORMCONNINFO (CONNNODE, CONNINFO, DESCRIPTION, UPPERNODE) VALUES ('PROCESSTIME',		'GONGRAM',					'공람문서상태 호출(미구현)',					'PROCESSTIMES');
INSERT INTO TBL_FORMCONNINFO (CONNNODE, CONNINFO, DESCRIPTION, UPPERNODE) VALUES ('PROCESSTIME',		'GAMSA',					'사후감사문서상태 호출(미구현)',				'PROCESSTIMES');
INSERT INTO TBL_FORMCONNINFO (CONNNODE, CONNINFO, DESCRIPTION, UPPERNODE) VALUES ('PROCESSTIME',		'B_GAMSA',					'사전감사문서상태 호출(미구현)',				'PROCESSTIMES');
INSERT INTO TBL_FORMCONNINFO (CONNNODE, CONNINFO, DESCRIPTION, UPPERNODE) VALUES ('CONNSTRINGFLAGS',	'',							'',									'ROOT');
INSERT INTO TBL_FORMCONNINFO (CONNNODE, CONNINFO, DESCRIPTION, UPPERNODE) VALUES ('CONNSTRINGFLAG',		'CS',						'커넥션 정보(없으면 자동)',					'CONNSTRINGFLAGS');
INSERT INTO TBL_FORMCONNINFO (CONNNODE, CONNINFO, DESCRIPTION, UPPERNODE) VALUES ('CONNSTRINGFLAG',		'UI',						'화면 다이얼로그 정보',						'CONNSTRINGFLAGS');
INSERT INTO TBL_FORMCONNINFO (CONNNODE, CONNINFO, DESCRIPTION, UPPERNODE) VALUES ('QUERYTYPES',			'',							'',									'ROOT');
INSERT INTO TBL_FORMCONNINFO (CONNNODE, CONNINFO, DESCRIPTION, UPPERNODE) VALUES ('QUERYTYPE',			'Q',						'쿼리 실행',							'QUERYTYPES');
INSERT INTO TBL_FORMCONNINFO (CONNNODE, CONNINFO, DESCRIPTION, UPPERNODE) VALUES ('QUERYTYPE',			'NA',						'UI가 없는 aspx',						'QUERYTYPES');
INSERT INTO TBL_FORMCONNINFO (CONNNODE, CONNINFO, DESCRIPTION, UPPERNODE) VALUES ('QUERYTYPE',			'UA',						'UI가 있는 aspx(xml String을 전달)',		'QUERYTYPES');
INSERT INTO TBL_FORMCONNINFO (CONNNODE, CONNINFO, DESCRIPTION, UPPERNODE) VALUES ('QUERYTYPE',			'UA_EX',					'UI가 있는 aspx(xml Document를 전달)',	'QUERYTYPES');
INSERT INTO TBL_FORMCONNINFO (CONNNODE, CONNINFO, DESCRIPTION, UPPERNODE) VALUES ('KEYKINDS',			'',							'',									'ROOT');
INSERT INTO TBL_FORMCONNINFO (CONNNODE, CONNINFO, DESCRIPTION, UPPERNODE) VALUES ('KEYKIND',			'single',					'필드개체',							'KEYKINDS');
INSERT INTO TBL_FORMCONNINFO (CONNNODE, CONNINFO, DESCRIPTION, UPPERNODE) VALUES ('KEYKIND',			'table',					'테이블지원(미구현)',						'KEYKINDS');

--resource insert

Insert into TBL_RS_BRD (BRD_ID,BRD_COMPANY,BRD_NM,BRD_NM2,BRD_GROUP,BRD_GB,BRD_REF,BRD_LEVEL,BRD_STEP,BRD_POSTTERM,BRD_EXPLAIN,BRD_ACCESS,BRD_UPPER,BRD_COUNT,BRD_URL,ATTACH_SIZE,REPLY_MAIL_FG,OWNDEPTID,OWNDEPTNM,OWNDEPTNM2,OWNERID,OWNERNM,OWNERNM2,OWNERPOSITION,OWNERPOSITION2,OWNERCALL,MAKEDATE,RESLOCATION,BRD_UPPER2,APPROVEFLAG,TENANT_ID) values (1,'S907000','조직도','OrganizationChart','A00','1',0,0,1,365,'',null,0,0,' ',20,null,null,null,null,null,null,null,null,null,null,null,null,null,'0',0);

--portal insert

Insert into TBL_BUILTIN_PARAMETERS (PARAMTYPE,PARAMINFO,DESCRIPTION,SHORTNAME,TENANT_ID) values (0,'HardCoding','지정된 값을 넘겨줍니다','t4086',0);
Insert into TBL_BUILTIN_PARAMETERS (PARAMTYPE,PARAMINFO,DESCRIPTION,SHORTNAME,TENANT_ID) values (1,'USERID','자동으로 사용자 아이디를 넘긴다','t4087',0);
Insert into TBL_BUILTIN_PARAMETERS (PARAMTYPE,PARAMINFO,DESCRIPTION,SHORTNAME,TENANT_ID) values (2,'BASICAUTH','암호화된 기본인증 헤더를 넘긴다','t4088',0);
Insert into TBL_BUILTIN_PARAMETERS (PARAMTYPE,PARAMINFO,DESCRIPTION,SHORTNAME,TENANT_ID) values (3,'DEPTID','자동으로 사용자 부서코드를 넘긴다','t4089',0);
Insert into TBL_BUILTIN_PARAMETERS (PARAMTYPE,PARAMINFO,DESCRIPTION,SHORTNAME,TENANT_ID) values (4,'COMPANYID','자동으로 사용자 회사코드를 넘긴다','t4090',0);
Insert into TBL_BUILTIN_PARAMETERS (PARAMTYPE,PARAMINFO,DESCRIPTION,SHORTNAME,TENANT_ID) values (5,'TITLE','자동으로 사용자 직급을 넘긴다','t4091',0);
Insert into TBL_BUILTIN_PARAMETERS (PARAMTYPE,PARAMINFO,DESCRIPTION,SHORTNAME,TENANT_ID) values (6,'ROLLINFO','자동으로 사용자 권한정보를 넘긴다','t4092',0);

Insert into TBL_MENUITEM_GENERAL (UID_,DISPLAYNAME,TYPE,URL,TENANT_ID) values ('201','t4079',1,null,0);
Insert into TBL_MENUITEM_GENERAL (UID_,DISPLAYNAME,TYPE,URL,TENANT_ID) values ('202','t4080',2,null,0);
Insert into TBL_MENUITEM_GENERAL (UID_,DISPLAYNAME,TYPE,URL,TENANT_ID) values ('203','t4081',3,null,0);
Insert into TBL_MENUITEM_GENERAL (UID_,DISPLAYNAME,TYPE,URL,TENANT_ID) values ('204','t4082',4,null,0);
Insert into TBL_MENUITEM_GENERAL (UID_,DISPLAYNAME,TYPE,URL,TENANT_ID) values ('205','t4083',5,null,0);
Insert into TBL_MENUITEM_GENERAL (UID_,DISPLAYNAME,TYPE,URL,TENANT_ID) values ('206','t4084',6,null,0);
Insert into TBL_MENUITEM_GENERAL (UID_,DISPLAYNAME,TYPE,URL,TENANT_ID) values ('207','t4085',7,null,0);

Insert into TBL_MENUITEM_ITEMS_IMAGE (UID_,OWNERPAGEID,SKINNUM,DISPLAYNAME,DISPLAYNAME2,IMAGETYPE,NORMALIMAGEPATH,OVERIMAGEPATH,IMAGEWIDTH,IMAGEHEIGHT,LINKURL,LINKLOCATION,WINDOWOPTION,TENANT_ID) values ('586258b4-f2ac-4416-b9ec-328132df65d0','d4dcceee-01f5-42da-9093-a243d3056204',1,'메일',null,'2','/files/upload_portal/S907000/Menu/top_menu02(5).gif','/files/upload_portal/S907000/Menu/top_menu02o(3).gif',99,33,'/ezEmail/mailMain.do','main',' ',0);
Insert into TBL_MENUITEM_ITEMS_IMAGE (UID_,OWNERPAGEID,SKINNUM,DISPLAYNAME,DISPLAYNAME2,IMAGETYPE,NORMALIMAGEPATH,OVERIMAGEPATH,IMAGEWIDTH,IMAGEHEIGHT,LINKURL,LINKLOCATION,WINDOWOPTION,TENANT_ID) values ('2d13f9fc-51c1-4dfe-bfa3-d0bed6a22918','d4dcceee-01f5-42da-9093-a243d3056204',1,'게시판',null,'2','/files/upload_portal/S907000/Menu/top_menu05(4).gif','/files/upload_portal/S907000/Menu/top_menu05o(4).gif',101,33,'/ezBoard/boardMain.do','main',' ',0);
Insert into TBL_MENUITEM_ITEMS_IMAGE (UID_,OWNERPAGEID,SKINNUM,DISPLAYNAME,DISPLAYNAME2,IMAGETYPE,NORMALIMAGEPATH,OVERIMAGEPATH,IMAGEWIDTH,IMAGEHEIGHT,LINKURL,LINKLOCATION,WINDOWOPTION,TENANT_ID) values ('388f0b77-9c53-42d5-b860-7eb1e74db215','b0a4e923-d270-4353-9e81-e86c14424262',1,'PIMS',null,'2','/files/upload_portal/S907000/Menu/top_menu03(5).gif','/files/upload_portal/S907000/Menu/top_menu03o(9).gif',118,33,'/ezSchedule/scheduleIndex.do?funCode=2','main',' ',0);
Insert into TBL_MENUITEM_ITEMS_IMAGE (UID_,OWNERPAGEID,SKINNUM,DISPLAYNAME,DISPLAYNAME2,IMAGETYPE,NORMALIMAGEPATH,OVERIMAGEPATH,IMAGEWIDTH,IMAGEHEIGHT,LINKURL,LINKLOCATION,WINDOWOPTION,TENANT_ID) values ('46418adc-1f61-4e30-b8f8-53faebaf83b4','b0a4e923-d270-4353-9e81-e86c14424262',1,'메일',null,'2','/files/upload_portal/S907000/Menu/top_menu02(3).gif','/files/upload_portal/S907000/Menu/top_menu02o(1).gif',102,33,'/ezEmail/mailMain.do','main',' ',0);
Insert into TBL_MENUITEM_ITEMS_IMAGE (UID_,OWNERPAGEID,SKINNUM,DISPLAYNAME,DISPLAYNAME2,IMAGETYPE,NORMALIMAGEPATH,OVERIMAGEPATH,IMAGEWIDTH,IMAGEHEIGHT,LINKURL,LINKLOCATION,WINDOWOPTION,TENANT_ID) values ('1ab34e97-4c6b-4249-a80a-4c4214486b95','b0a4e923-d270-4353-9e81-e86c14424262',1,'전자결재',null,'2','/files/upload_portal/S907000/Menu/top_menu04(3).gif','/files/upload_portal/S907000/Menu/top_menu04o(2).gif',120,33,'/ezApprovalG/apprGMain.do','main',' ',0);
Insert into TBL_MENUITEM_ITEMS_IMAGE (UID_,OWNERPAGEID,SKINNUM,DISPLAYNAME,DISPLAYNAME2,IMAGETYPE,NORMALIMAGEPATH,OVERIMAGEPATH,IMAGEWIDTH,IMAGEHEIGHT,LINKURL,LINKLOCATION,WINDOWOPTION,TENANT_ID) values ('1db3cf2c-742e-4958-8f9f-557bb08aec75','F3633607-8E8B-42A1-B777-6E2969072E58',1,'로고아이템','LogoItem',null,'/files/upload_portal/S907000/Logo/logo.gif',null,106,42,' ',' ',' ',0);
Insert into TBL_MENUITEM_ITEMS_IMAGE (UID_,OWNERPAGEID,SKINNUM,DISPLAYNAME,DISPLAYNAME2,IMAGETYPE,NORMALIMAGEPATH,OVERIMAGEPATH,IMAGEWIDTH,IMAGEHEIGHT,LINKURL,LINKLOCATION,WINDOWOPTION,TENANT_ID) values ('4d8d47b5-7257-4f4e-b70b-d63e09e32299','d4dcceee-01f5-42da-9093-a243d3056204',1,'전자결재',null,'2','/files/upload_portal/S907000/Menu/top_menu04(7).gif','/files/upload_portal/S907000/Menu/top_menu04o(6).gif',115,33,'/ezApproval/apprMain.do','main',' ',0);
Insert into TBL_MENUITEM_ITEMS_IMAGE (UID_,OWNERPAGEID,SKINNUM,DISPLAYNAME,DISPLAYNAME2,IMAGETYPE,NORMALIMAGEPATH,OVERIMAGEPATH,IMAGEWIDTH,IMAGEHEIGHT,LINKURL,LINKLOCATION,WINDOWOPTION,TENANT_ID) values ('55500da7-0de3-4e2c-8acc-e52cbd8bbee8','F3633607-8E8B-42A1-B777-6E2969072E58',1,'자원관리',null,'2','/files/upload_portal/S907000/Menu/top_menu06.gif','/files/upload_portal/S907000/Menu/top_menu06o.gif',121,33,'/ezResource/resMain.do','main',' ',0);
Insert into TBL_MENUITEM_ITEMS_IMAGE (UID_,OWNERPAGEID,SKINNUM,DISPLAYNAME,DISPLAYNAME2,IMAGETYPE,NORMALIMAGEPATH,OVERIMAGEPATH,IMAGEWIDTH,IMAGEHEIGHT,LINKURL,LINKLOCATION,WINDOWOPTION,TENANT_ID) values ('d351b126-4e3a-486c-ab85-ef78738abead','d4dcceee-01f5-42da-9093-a243d3056204',1,'자원관리',null,'2','/files/upload_portal/S907000/Menu/top_menu06(2).gif','/files/upload_portal/S907000/Menu/top_menu06o(2).gif',114,33,'/ezResource/resMain.do','main',' ',0);
Insert into TBL_MENUITEM_ITEMS_IMAGE (UID_,OWNERPAGEID,SKINNUM,DISPLAYNAME,DISPLAYNAME2,IMAGETYPE,NORMALIMAGEPATH,OVERIMAGEPATH,IMAGEWIDTH,IMAGEHEIGHT,LINKURL,LINKLOCATION,WINDOWOPTION,TENANT_ID) values ('d6237135-c331-4fff-92c0-2cd0584347a4','d4dcceee-01f5-42da-9093-a243d3056204',1,'홈',null,'2','/files/upload_portal/S907000/Menu/top_menu01(3).gif','/files/upload_portal/S907000/Menu/top_menu01o(4).gif',95,33,'/ezPortal/myPortal.do','main',' ',0);
Insert into TBL_MENUITEM_ITEMS_IMAGE (UID_,OWNERPAGEID,SKINNUM,DISPLAYNAME,DISPLAYNAME2,IMAGETYPE,NORMALIMAGEPATH,OVERIMAGEPATH,IMAGEWIDTH,IMAGEHEIGHT,LINKURL,LINKLOCATION,WINDOWOPTION,TENANT_ID) values ('d7e86d24-137e-4934-bf70-87fed28f5530','F3633607-8E8B-42A1-B777-6E2969072E58',1,'홈',null,'2','/files/upload_portal/S907000/Menu/top_menu01.gif','/files/upload_portal/S907000/Menu/top_menu01o.gif',86,33,'/ezPortal/myPortal.do','main',' ',0);
Insert into TBL_MENUITEM_ITEMS_IMAGE (UID_,OWNERPAGEID,SKINNUM,DISPLAYNAME,DISPLAYNAME2,IMAGETYPE,NORMALIMAGEPATH,OVERIMAGEPATH,IMAGEWIDTH,IMAGEHEIGHT,LINKURL,LINKLOCATION,WINDOWOPTION,TENANT_ID) values ('e45ac7ba-496d-47fa-a711-db8bb16fd95a','F3633607-8E8B-42A1-B777-6E2969072E58',1,'게시판',null,'2','/files/upload_portal/S907000/Menu/top_menu05.gif','/files/upload_portal/S907000/Menu/top_menu05o.gif',110,33,'/ezBoard/boardMain.do','main',' ',0);
Insert into TBL_MENUITEM_ITEMS_IMAGE (UID_,OWNERPAGEID,SKINNUM,DISPLAYNAME,DISPLAYNAME2,IMAGETYPE,NORMALIMAGEPATH,OVERIMAGEPATH,IMAGEWIDTH,IMAGEHEIGHT,LINKURL,LINKLOCATION,WINDOWOPTION,TENANT_ID) values ('e58fec85-1180-43dc-bbcf-002d86019057','d4dcceee-01f5-42da-9093-a243d3056204',1,'전자결재',null,'2','/files/upload_portal/S907000/Menu/top_menu04(8).gif','/files/upload_portal/S907000/Menu/top_menu04o(7).gif',115,33,'/ezApprovalG/apprGMain.do','main',' ',0);
Insert into TBL_MENUITEM_ITEMS_IMAGE (UID_,OWNERPAGEID,SKINNUM,DISPLAYNAME,DISPLAYNAME2,IMAGETYPE,NORMALIMAGEPATH,OVERIMAGEPATH,IMAGEWIDTH,IMAGEHEIGHT,LINKURL,LINKLOCATION,WINDOWOPTION,TENANT_ID) values ('e6f32470-e5ea-4e38-9d3d-337d41fedccd','b0a4e923-d270-4353-9e81-e86c14424262',1,'게시판',null,'2','/files/upload_portal/S907000/Menu/top_menu05(3).gif','/files/upload_portal/S907000/Menu/top_menu05o(3).gif',108,33,'/ezBoard/boardMain.do','main',' ',0);
Insert into TBL_MENUITEM_ITEMS_IMAGE (UID_,OWNERPAGEID,SKINNUM,DISPLAYNAME,DISPLAYNAME2,IMAGETYPE,NORMALIMAGEPATH,OVERIMAGEPATH,IMAGEWIDTH,IMAGEHEIGHT,LINKURL,LINKLOCATION,WINDOWOPTION,TENANT_ID) values ('ecb5c796-bfce-46a0-9c42-801eca04b31b','d4dcceee-01f5-42da-9093-a243d3056204',1,'PIMS',null,'2','/files/upload_portal/S907000/Menu/top_menu03(7).gif','/files/upload_portal/S907000/Menu/top_menu03o(11).gif',114,33,'/ezSchedule/scheduleIndex.do?funCode=2','main',' ',0);
Insert into TBL_MENUITEM_ITEMS_IMAGE (UID_,OWNERPAGEID,SKINNUM,DISPLAYNAME,DISPLAYNAME2,IMAGETYPE,NORMALIMAGEPATH,OVERIMAGEPATH,IMAGEWIDTH,IMAGEHEIGHT,LINKURL,LINKLOCATION,WINDOWOPTION,TENANT_ID) values ('9da456ad-190e-4ebe-9411-05fd19514278','F3633607-8E8B-42A1-B777-6E2969072E58',1,'전자결재',null,'2','/files/upload_portal/S907000/Menu/top_menu04.gif','/files/upload_portal/S907000/Menu/top_menu04o.gif',123,33,'/ezApproval/apprMain.do','main',' ',0);
Insert into TBL_MENUITEM_ITEMS_IMAGE (UID_,OWNERPAGEID,SKINNUM,DISPLAYNAME,DISPLAYNAME2,IMAGETYPE,NORMALIMAGEPATH,OVERIMAGEPATH,IMAGEWIDTH,IMAGEHEIGHT,LINKURL,LINKLOCATION,WINDOWOPTION,TENANT_ID) values ('9dcb873f-4254-45b2-87f2-1e326a63db78','d4dcceee-01f5-42da-9093-a243d3056204',1,'커뮤니티',null,'2','/files/upload_portal/S907000/Menu/top_menu09(18).gif','/files/upload_portal/S907000/Menu/top_menu09o(23).gif',127,33,'/ezCommunity/communityMain.do','main',' ',0);
Insert into TBL_MENUITEM_ITEMS_IMAGE (UID_,OWNERPAGEID,SKINNUM,DISPLAYNAME,DISPLAYNAME2,IMAGETYPE,NORMALIMAGEPATH,OVERIMAGEPATH,IMAGEWIDTH,IMAGEHEIGHT,LINKURL,LINKLOCATION,WINDOWOPTION,TENANT_ID) values ('a2c52ee7-4e41-493d-8d58-bb26e00d52c1','F3633607-8E8B-42A1-B777-6E2969072E58',1,'전자결재',null,'2','/files/upload_portal/S907000/Menu/top_menu04(1).gif','/files/upload_portal/S907000/Menu/top_menu04o(1).gif',123,33,'/ezApprovalG/apprGMain.do','main',' ',0);
Insert into TBL_MENUITEM_ITEMS_IMAGE (UID_,OWNERPAGEID,SKINNUM,DISPLAYNAME,DISPLAYNAME2,IMAGETYPE,NORMALIMAGEPATH,OVERIMAGEPATH,IMAGEWIDTH,IMAGEHEIGHT,LINKURL,LINKLOCATION,WINDOWOPTION,TENANT_ID) values ('80e37141-1c98-40b4-a7dc-8298e1abdce0','F3633607-8E8B-42A1-B777-6E2969072E58',1,'커뮤니티',null,'2','/files/upload_portal/S907000/Menu/top_menu09(16).gif','/files/upload_portal/S907000/Menu/top_menu09o(21).gif',105,33,'/ezCommunity/communityMain.do','main',' ',0);
Insert into TBL_MENUITEM_ITEMS_IMAGE (UID_,OWNERPAGEID,SKINNUM,DISPLAYNAME,DISPLAYNAME2,IMAGETYPE,NORMALIMAGEPATH,OVERIMAGEPATH,IMAGEWIDTH,IMAGEHEIGHT,LINKURL,LINKLOCATION,WINDOWOPTION,TENANT_ID) values ('856c0213-ae8a-40be-ade0-63ab865fa1fd','b0a4e923-d270-4353-9e81-e86c14424262',1,'로고아이템','LogoItem',null,'/files/upload_portal/S907000/Logo/logo(1).gif',null,106,42,' ',' ',' ',0);
Insert into TBL_MENUITEM_ITEMS_IMAGE (UID_,OWNERPAGEID,SKINNUM,DISPLAYNAME,DISPLAYNAME2,IMAGETYPE,NORMALIMAGEPATH,OVERIMAGEPATH,IMAGEWIDTH,IMAGEHEIGHT,LINKURL,LINKLOCATION,WINDOWOPTION,TENANT_ID) values ('8ac377c8-e8e6-463d-a44f-e6a47202b45f','b0a4e923-d270-4353-9e81-e86c14424262',1,'홈',null,'2','/files/upload_portal/S907000/Menu/top_menu01(1).gif','/files/upload_portal/S907000/Menu/top_menu01o(2).gif',105,33,'/ezPortal/myPortal.do','main',' ',0);
Insert into TBL_MENUITEM_ITEMS_IMAGE (UID_,OWNERPAGEID,SKINNUM,DISPLAYNAME,DISPLAYNAME2,IMAGETYPE,NORMALIMAGEPATH,OVERIMAGEPATH,IMAGEWIDTH,IMAGEHEIGHT,LINKURL,LINKLOCATION,WINDOWOPTION,TENANT_ID) values ('8f89f7ea-cc5b-43f6-a522-d57f584fe3f7','b0a4e923-d270-4353-9e81-e86c14424262',1,'전자결재',null,'2','/files/upload_portal/S907000/Menu/top_menu04(6).gif','/files/upload_portal/S907000/Menu/top_menu04o(5).gif',120,33,'/ezApproval/apprMain.do','main',' ',0);
Insert into TBL_MENUITEM_ITEMS_IMAGE (UID_,OWNERPAGEID,SKINNUM,DISPLAYNAME,DISPLAYNAME2,IMAGETYPE,NORMALIMAGEPATH,OVERIMAGEPATH,IMAGEWIDTH,IMAGEHEIGHT,LINKURL,LINKLOCATION,WINDOWOPTION,TENANT_ID) values ('ac5d2eca-a340-42dc-95ae-1a4c42ff7885','b0a4e923-d270-4353-9e81-e86c14424262',1,'커뮤니티',null,'2','/files/upload_portal/S907000/Menu/top_menu09(17).gif','/files/upload_portal/S907000/Menu/top_menu09o(22).gif',143,33,'/ezCommunity/communityMain.do','main',' ',0);
Insert into TBL_MENUITEM_ITEMS_IMAGE (UID_,OWNERPAGEID,SKINNUM,DISPLAYNAME,DISPLAYNAME2,IMAGETYPE,NORMALIMAGEPATH,OVERIMAGEPATH,IMAGEWIDTH,IMAGEHEIGHT,LINKURL,LINKLOCATION,WINDOWOPTION,TENANT_ID) values ('b56c7f48-99dc-4145-81ea-80e1d6f9db8d','F3633607-8E8B-42A1-B777-6E2969072E58',1,'메일',null,'2','/files/upload_portal/S907000/Menu/top_menu02.gif','/files/upload_portal/S907000/Menu/top_menu02o.gif',94,33,'/ezEmail/mailMain.do','main',' ',0);
Insert into TBL_MENUITEM_ITEMS_IMAGE (UID_,OWNERPAGEID,SKINNUM,DISPLAYNAME,DISPLAYNAME2,IMAGETYPE,NORMALIMAGEPATH,OVERIMAGEPATH,IMAGEWIDTH,IMAGEHEIGHT,LINKURL,LINKLOCATION,WINDOWOPTION,TENANT_ID) values ('bf71381c-4e0e-415a-82aa-dfcc1f0b4c7d','b0a4e923-d270-4353-9e81-e86c14424262',1,'자원관리',null,'2','/files/upload_portal/S907000/Menu/top_menu06(1).gif','/files/upload_portal/S907000/Menu/top_menu06o(1).gif',125,33,'/ezResource/resMain.do','main',' ',0);
Insert into TBL_MENUITEM_ITEMS_IMAGE (UID_,OWNERPAGEID,SKINNUM,DISPLAYNAME,DISPLAYNAME2,IMAGETYPE,NORMALIMAGEPATH,OVERIMAGEPATH,IMAGEWIDTH,IMAGEHEIGHT,LINKURL,LINKLOCATION,WINDOWOPTION,TENANT_ID) values ('c2f44b2e-41f0-48c2-a7ea-607a58a0dd80','d4dcceee-01f5-42da-9093-a243d3056204',1,'로고아이템','LogoItem',null,'/files/upload_portal/S907000/Logo/logo(5).gif',null,106,42,' ',' ',' ',0);
Insert into TBL_MENUITEM_ITEMS_IMAGE (UID_,OWNERPAGEID,SKINNUM,DISPLAYNAME,DISPLAYNAME2,IMAGETYPE,NORMALIMAGEPATH,OVERIMAGEPATH,IMAGEWIDTH,IMAGEHEIGHT,LINKURL,LINKLOCATION,WINDOWOPTION,TENANT_ID) values ('c76829c2-94a9-48e5-b281-c4a8df65afcb','F3633607-8E8B-42A1-B777-6E2969072E58',1,'일정관리',null,'2','/files/upload_portal/S907000/Menu/top_menu03(4).gif','/files/upload_portal/S907000/Menu/top_menu03o(8).gif',115,33,'/ezSchedule/scheduleIndex.do?funCode=2','main',' ',0);
Insert into TBL_MENUITEM_ITEMS_LOGOS (UID_,OWNERPAGEID,TENANT_ID) values ('1db3cf2c-742e-4958-8f9f-557bb08aec75','F3633607-8E8B-42A1-B777-6E2969072E58',0);
Insert into TBL_MENUITEM_ITEMS_LOGOS (UID_,OWNERPAGEID,TENANT_ID) values ('856c0213-ae8a-40be-ade0-63ab865fa1fd','b0a4e923-d270-4353-9e81-e86c14424262',0);
Insert into TBL_MENUITEM_ITEMS_LOGOS (UID_,OWNERPAGEID,TENANT_ID) values ('c2f44b2e-41f0-48c2-a7ea-607a58a0dd80','d4dcceee-01f5-42da-9093-a243d3056204',0);

Insert into TBL_MENUITEM_ITEMS_MENUITEMS (UID_,PARENTUID,PARENTMENUID,OWNERPAGEID,DISPLAYNAME,DISPLAYNAME2,SUBFLAG,COLUMNPOS,IMAGEUID,LINKURL,LINKLOCATION,LEFTMARGIN,WINDOWOPTION,TENANT_ID) values ('4c74feab-07b1-4234-aef0-52c82983547f','204','f932a0fe-a62b-4be0-bcfd-52e27c9c3ca5','b0a4e923-d270-4353-9e81-e86c14424262',null,null,null,null,null,null,null,null,null,0);
Insert into TBL_MENUITEM_ITEMS_MENUITEMS (UID_,PARENTUID,PARENTMENUID,OWNERPAGEID,DISPLAYNAME,DISPLAYNAME2,SUBFLAG,COLUMNPOS,IMAGEUID,LINKURL,LINKLOCATION,LEFTMARGIN,WINDOWOPTION,TENANT_ID) values ('4e9e1389-9e52-4896-8f40-1dd5a6bf59e9','202',null,'F3633607-8E8B-42A1-B777-6E2969072E58','환경설정','eng_환경설정',null,3,null,'/ezPortal/environmentMain.do','main',null,null,0);
Insert into TBL_MENUITEM_ITEMS_MENUITEMS (UID_,PARENTUID,PARENTMENUID,OWNERPAGEID,DISPLAYNAME,DISPLAYNAME2,SUBFLAG,COLUMNPOS,IMAGEUID,LINKURL,LINKLOCATION,LEFTMARGIN,WINDOWOPTION,TENANT_ID) values ('53e846f4-3946-4614-a146-2866c14940dc','203',null,'d4dcceee-01f5-42da-9093-a243d3056204','홈','HOME',null,1,'d6237135-c331-4fff-92c0-2cd0584347a4','/ezPortal/myPortal.do',null,null,null,0);
Insert into TBL_MENUITEM_ITEMS_MENUITEMS (UID_,PARENTUID,PARENTMENUID,OWNERPAGEID,DISPLAYNAME,DISPLAYNAME2,SUBFLAG,COLUMNPOS,IMAGEUID,LINKURL,LINKLOCATION,LEFTMARGIN,WINDOWOPTION,TENANT_ID) values ('55b6ee75-bdbd-4690-821e-9e41ee14603c','203',null,'d4dcceee-01f5-42da-9093-a243d3056204','전자결재','전자결재',null,10,'e58fec85-1180-43dc-bbcf-002d86019057','/ezApprovalG/apprGMain.do',null,null,null,0);
Insert into TBL_MENUITEM_ITEMS_MENUITEMS (UID_,PARENTUID,PARENTMENUID,OWNERPAGEID,DISPLAYNAME,DISPLAYNAME2,SUBFLAG,COLUMNPOS,IMAGEUID,LINKURL,LINKLOCATION,LEFTMARGIN,WINDOWOPTION,TENANT_ID) values ('5aa98062-f4be-4245-9659-94a0d526a9a3','204','cc9b12f3-85b5-40c2-8f90-5db1b543d9a1','b0a4e923-d270-4353-9e81-e86c14424262',null,null,null,null,null,null,null,null,null,0);
Insert into TBL_MENUITEM_ITEMS_MENUITEMS (UID_,PARENTUID,PARENTMENUID,OWNERPAGEID,DISPLAYNAME,DISPLAYNAME2,SUBFLAG,COLUMNPOS,IMAGEUID,LINKURL,LINKLOCATION,LEFTMARGIN,WINDOWOPTION,TENANT_ID) values ('5b61e8f2-f226-48d8-b94e-bc545a909c9e','204','53e846f4-3946-4614-a146-2866c14940dc','d4dcceee-01f5-42da-9093-a243d3056204',null,null,null,null,null,null,null,null,null,0);
Insert into TBL_MENUITEM_ITEMS_MENUITEMS (UID_,PARENTUID,PARENTMENUID,OWNERPAGEID,DISPLAYNAME,DISPLAYNAME2,SUBFLAG,COLUMNPOS,IMAGEUID,LINKURL,LINKLOCATION,LEFTMARGIN,WINDOWOPTION,TENANT_ID) values ('5b6e9111-4b55-473b-ac39-22acb6ff7d16','204','c509b9ce-a545-4bde-bc38-77786cd87c41','F3633607-8E8B-42A1-B777-6E2969072E58',null,null,null,null,null,null,null,null,null,0);
Insert into TBL_MENUITEM_ITEMS_MENUITEMS (UID_,PARENTUID,PARENTMENUID,OWNERPAGEID,DISPLAYNAME,DISPLAYNAME2,SUBFLAG,COLUMNPOS,IMAGEUID,LINKURL,LINKLOCATION,LEFTMARGIN,WINDOWOPTION,TENANT_ID) values ('5e665934-a497-4757-aed9-0502369b5ed1','204','7ad2f4ee-5fd8-4c72-bd39-40f889c07e37','b0a4e923-d270-4353-9e81-e86c14424262',null,null,null,null,null,null,null,null,null,0);
Insert into TBL_MENUITEM_ITEMS_MENUITEMS (UID_,PARENTUID,PARENTMENUID,OWNERPAGEID,DISPLAYNAME,DISPLAYNAME2,SUBFLAG,COLUMNPOS,IMAGEUID,LINKURL,LINKLOCATION,LEFTMARGIN,WINDOWOPTION,TENANT_ID) values ('5f2b7286-5a1e-4f7b-8dff-ddbe41fba8c7','204','c4736cf0-6cf0-42f1-979d-20678b68d171','d4dcceee-01f5-42da-9093-a243d3056204',null,null,null,null,null,null,null,null,null,0);
Insert into TBL_MENUITEM_ITEMS_MENUITEMS (UID_,PARENTUID,PARENTMENUID,OWNERPAGEID,DISPLAYNAME,DISPLAYNAME2,SUBFLAG,COLUMNPOS,IMAGEUID,LINKURL,LINKLOCATION,LEFTMARGIN,WINDOWOPTION,TENANT_ID) values ('654c49f3-ea51-4e09-a4f8-396d767733b3','204','4c66937f-83ee-45ea-9f0b-cada9d179280','b0a4e923-d270-4353-9e81-e86c14424262',null,null,null,null,null,null,null,null,null,0);
Insert into TBL_MENUITEM_ITEMS_MENUITEMS (UID_,PARENTUID,PARENTMENUID,OWNERPAGEID,DISPLAYNAME,DISPLAYNAME2,SUBFLAG,COLUMNPOS,IMAGEUID,LINKURL,LINKLOCATION,LEFTMARGIN,WINDOWOPTION,TENANT_ID) values ('68924dd0-5369-41ce-9a5c-c6a8ae9cb22a','204','0ad5cb7c-a4b9-46d5-a7c7-6ff05bd46d5b','b0a4e923-d270-4353-9e81-e86c14424262',null,null,null,null,null,null,null,null,null,0);
Insert into TBL_MENUITEM_ITEMS_MENUITEMS (UID_,PARENTUID,PARENTMENUID,OWNERPAGEID,DISPLAYNAME,DISPLAYNAME2,SUBFLAG,COLUMNPOS,IMAGEUID,LINKURL,LINKLOCATION,LEFTMARGIN,WINDOWOPTION,TENANT_ID) values ('284127a1-adb4-4ce5-be48-00ed37100d38','204','f5c278f0-b62d-4437-8b08-1a81c2410497','F3633607-8E8B-42A1-B777-6E2969072E58',null,null,null,null,null,null,null,null,null,0);
Insert into TBL_MENUITEM_ITEMS_MENUITEMS (UID_,PARENTUID,PARENTMENUID,OWNERPAGEID,DISPLAYNAME,DISPLAYNAME2,SUBFLAG,COLUMNPOS,IMAGEUID,LINKURL,LINKLOCATION,LEFTMARGIN,WINDOWOPTION,TENANT_ID) values ('28e8af74-de0c-4e3e-a392-0e63ff623981','202',null,'d4dcceee-01f5-42da-9093-a243d3056204','設定','設定',null,3,null,'/ezPortal/environmentMain.do','main',null,' ',0);
Insert into TBL_MENUITEM_ITEMS_MENUITEMS (UID_,PARENTUID,PARENTMENUID,OWNERPAGEID,DISPLAYNAME,DISPLAYNAME2,SUBFLAG,COLUMNPOS,IMAGEUID,LINKURL,LINKLOCATION,LEFTMARGIN,WINDOWOPTION,TENANT_ID) values ('2ceeaab8-3ec5-47fd-87ff-6e9b684b0594','204','4d0e8144-011d-4483-ac42-43c179b9dc87','F3633607-8E8B-42A1-B777-6E2969072E58',null,null,null,null,null,null,null,null,null,0);
Insert into TBL_MENUITEM_ITEMS_MENUITEMS (UID_,PARENTUID,PARENTMENUID,OWNERPAGEID,DISPLAYNAME,DISPLAYNAME2,SUBFLAG,COLUMNPOS,IMAGEUID,LINKURL,LINKLOCATION,LEFTMARGIN,WINDOWOPTION,TENANT_ID) values ('2e1803bc-9df3-412a-98ae-045fa345ed98','203',null,'b0a4e923-d270-4353-9e81-e86c14424262','메일','메일',null,2,'46418adc-1f61-4e30-b8f8-53faebaf83b4','/ezEmail/mailMain.do',null,null,null,0);
Insert into TBL_MENUITEM_ITEMS_MENUITEMS (UID_,PARENTUID,PARENTMENUID,OWNERPAGEID,DISPLAYNAME,DISPLAYNAME2,SUBFLAG,COLUMNPOS,IMAGEUID,LINKURL,LINKLOCATION,LEFTMARGIN,WINDOWOPTION,TENANT_ID) values ('2f9e65ff-b89b-4089-819c-8a1dd13561ae','202',null,'d4dcceee-01f5-42da-9093-a243d3056204','ヘルプ','ヘルプ',null,4,null,'/ezPortal/help/help.do','helpWindow',null,'height=700px,width=1000px, status = no, toolbar=no, menubar=no, location=no, resizable=0',0);
Insert into TBL_MENUITEM_ITEMS_MENUITEMS (UID_,PARENTUID,PARENTMENUID,OWNERPAGEID,DISPLAYNAME,DISPLAYNAME2,SUBFLAG,COLUMNPOS,IMAGEUID,LINKURL,LINKLOCATION,LEFTMARGIN,WINDOWOPTION,TENANT_ID) values ('30e786cb-d358-4335-b0b1-234eca27d56c','204','8a485e8a-9162-479d-a21a-fda9585e0e3e','F3633607-8E8B-42A1-B777-6E2969072E58',null,null,null,null,null,null,null,null,null,0);
Insert into TBL_MENUITEM_ITEMS_MENUITEMS (UID_,PARENTUID,PARENTMENUID,OWNERPAGEID,DISPLAYNAME,DISPLAYNAME2,SUBFLAG,COLUMNPOS,IMAGEUID,LINKURL,LINKLOCATION,LEFTMARGIN,WINDOWOPTION,TENANT_ID) values ('7acbc603-5383-4da4-ae14-523112a5c167','203',null,'b0a4e923-d270-4353-9e81-e86c14424262','전자결재','전자결재',null,4,'8f89f7ea-cc5b-43f6-a522-d57f584fe3f7','/ezApproval/apprMain.do',null,null,null,0);
Insert into TBL_MENUITEM_ITEMS_MENUITEMS (UID_,PARENTUID,PARENTMENUID,OWNERPAGEID,DISPLAYNAME,DISPLAYNAME2,SUBFLAG,COLUMNPOS,IMAGEUID,LINKURL,LINKLOCATION,LEFTMARGIN,WINDOWOPTION,TENANT_ID) values ('0258f59a-2478-48cd-8145-0323bedc2cb7','204','49e1b202-c2ae-4a4d-980a-29239b3e6e14','F3633607-8E8B-42A1-B777-6E2969072E58',null,null,null,null,null,null,null,null,null,0);
Insert into TBL_MENUITEM_ITEMS_MENUITEMS (UID_,PARENTUID,PARENTMENUID,OWNERPAGEID,DISPLAYNAME,DISPLAYNAME2,SUBFLAG,COLUMNPOS,IMAGEUID,LINKURL,LINKLOCATION,LEFTMARGIN,WINDOWOPTION,TENANT_ID) values ('0260dc48-e5b6-477b-9a15-3ad6a9b31dd0','202',null,'F3633607-8E8B-42A1-B777-6E2969072E58','로그아웃','eng_로그아웃',null,5,null,'/user/login/actionLogout.do','top',null,null,0);
Insert into TBL_MENUITEM_ITEMS_MENUITEMS (UID_,PARENTUID,PARENTMENUID,OWNERPAGEID,DISPLAYNAME,DISPLAYNAME2,SUBFLAG,COLUMNPOS,IMAGEUID,LINKURL,LINKLOCATION,LEFTMARGIN,WINDOWOPTION,TENANT_ID) values ('04bc1910-6e80-4904-9da2-e6c86eccc366','203',null,'d4dcceee-01f5-42da-9093-a243d3056204','메일','메일',null,2,'586258b4-f2ac-4416-b9ec-328132df65d0','/ezEmail/mailMain.do',null,null,null,0);
Insert into TBL_MENUITEM_ITEMS_MENUITEMS (UID_,PARENTUID,PARENTMENUID,OWNERPAGEID,DISPLAYNAME,DISPLAYNAME2,SUBFLAG,COLUMNPOS,IMAGEUID,LINKURL,LINKLOCATION,LEFTMARGIN,WINDOWOPTION,TENANT_ID) values ('07350485-7e46-4dc6-a8ec-1d6ca89ac7ed','202',null,'d4dcceee-01f5-42da-9093-a243d3056204','管理者','管理者',null,1,null,'/admin/main.do',null,null,' ',0);
Insert into TBL_MENUITEM_ITEMS_MENUITEMS (UID_,PARENTUID,PARENTMENUID,OWNERPAGEID,DISPLAYNAME,DISPLAYNAME2,SUBFLAG,COLUMNPOS,IMAGEUID,LINKURL,LINKLOCATION,LEFTMARGIN,WINDOWOPTION,TENANT_ID) values ('08eb7695-3b27-4003-b5c4-eea1a99bbd05','202',null,'b0a4e923-d270-4353-9e81-e86c14424262','Administrator','Administrator',null,1,null,'/admin/main.do',null,null,' ',0);
Insert into TBL_MENUITEM_ITEMS_MENUITEMS (UID_,PARENTUID,PARENTMENUID,OWNERPAGEID,DISPLAYNAME,DISPLAYNAME2,SUBFLAG,COLUMNPOS,IMAGEUID,LINKURL,LINKLOCATION,LEFTMARGIN,WINDOWOPTION,TENANT_ID) values ('09e1d12c-5ffd-4240-8791-020431a5c47b','203',null,'F3633607-8E8B-42A1-B777-6E2969072E58','메일','메일',null,2,'b56c7f48-99dc-4145-81ea-80e1d6f9db8d','/ezEmail/mailMain.do','main',null,' ',0);
Insert into TBL_MENUITEM_ITEMS_MENUITEMS (UID_,PARENTUID,PARENTMENUID,OWNERPAGEID,DISPLAYNAME,DISPLAYNAME2,SUBFLAG,COLUMNPOS,IMAGEUID,LINKURL,LINKLOCATION,LEFTMARGIN,WINDOWOPTION,TENANT_ID) values ('0e5a0f4a-9f85-4fe7-bb26-ee0dcceda821','204','7431401e-6b06-4363-ba5b-fc7026757d63','F3633607-8E8B-42A1-B777-6E2969072E58',null,null,null,null,null,null,null,null,null,0);
Insert into TBL_MENUITEM_ITEMS_MENUITEMS (UID_,PARENTUID,PARENTMENUID,OWNERPAGEID,DISPLAYNAME,DISPLAYNAME2,SUBFLAG,COLUMNPOS,IMAGEUID,LINKURL,LINKLOCATION,LEFTMARGIN,WINDOWOPTION,TENANT_ID) values ('0f3de424-a078-4165-87d5-4fd21534803c','202',null,'F3633607-8E8B-42A1-B777-6E2969072E58','관리자','eng_관리자',null,1,null,'/admin/main.do',null,null,null,0);
Insert into TBL_MENUITEM_ITEMS_MENUITEMS (UID_,PARENTUID,PARENTMENUID,OWNERPAGEID,DISPLAYNAME,DISPLAYNAME2,SUBFLAG,COLUMNPOS,IMAGEUID,LINKURL,LINKLOCATION,LEFTMARGIN,WINDOWOPTION,TENANT_ID) values ('0f75caac-ed19-47be-bab1-9240c09ccfcc','204','ef6672bd-e78e-4889-b7c0-edff98814f2c','b0a4e923-d270-4353-9e81-e86c14424262',null,null,null,null,null,null,null,null,null,0);
Insert into TBL_MENUITEM_ITEMS_MENUITEMS (UID_,PARENTUID,PARENTMENUID,OWNERPAGEID,DISPLAYNAME,DISPLAYNAME2,SUBFLAG,COLUMNPOS,IMAGEUID,LINKURL,LINKLOCATION,LEFTMARGIN,WINDOWOPTION,TENANT_ID) values ('11f6ac57-a9bf-4373-bb54-da94d71f957f','204','f31e5262-c633-4f0d-ac95-817843fc5f38','F3633607-8E8B-42A1-B777-6E2969072E58',null,null,null,null,null,null,null,null,null,0);
Insert into TBL_MENUITEM_ITEMS_MENUITEMS (UID_,PARENTUID,PARENTMENUID,OWNERPAGEID,DISPLAYNAME,DISPLAYNAME2,SUBFLAG,COLUMNPOS,IMAGEUID,LINKURL,LINKLOCATION,LEFTMARGIN,WINDOWOPTION,TENANT_ID) values ('134c1c56-02c1-4159-a067-b2a495d969e0','204','4100d63f-5203-49f3-bf0e-22a6a4e437d1','b0a4e923-d270-4353-9e81-e86c14424262',null,null,null,null,null,null,null,null,null,0);
Insert into TBL_MENUITEM_ITEMS_MENUITEMS (UID_,PARENTUID,PARENTMENUID,OWNERPAGEID,DISPLAYNAME,DISPLAYNAME2,SUBFLAG,COLUMNPOS,IMAGEUID,LINKURL,LINKLOCATION,LEFTMARGIN,WINDOWOPTION,TENANT_ID) values ('155f4e89-c405-4e5b-9391-97c7d3dc0dcd','204','62ef609e-ab67-4b30-bde9-0412c3378290','F3633607-8E8B-42A1-B777-6E2969072E58',null,null,null,null,null,null,null,null,null,0);
Insert into TBL_MENUITEM_ITEMS_MENUITEMS (UID_,PARENTUID,PARENTMENUID,OWNERPAGEID,DISPLAYNAME,DISPLAYNAME2,SUBFLAG,COLUMNPOS,IMAGEUID,LINKURL,LINKLOCATION,LEFTMARGIN,WINDOWOPTION,TENANT_ID) values ('1cd70cfa-44ad-4e43-98dd-ed07c659b4b7','204','03b0ee1d-8cd7-4e73-afe4-4696a6662922','b0a4e923-d270-4353-9e81-e86c14424262',null,null,null,null,null,null,null,null,null,0);
Insert into TBL_MENUITEM_ITEMS_MENUITEMS (UID_,PARENTUID,PARENTMENUID,OWNERPAGEID,DISPLAYNAME,DISPLAYNAME2,SUBFLAG,COLUMNPOS,IMAGEUID,LINKURL,LINKLOCATION,LEFTMARGIN,WINDOWOPTION,TENANT_ID) values ('1dc7d4e1-303f-4d13-a8b6-d5ebf8f3f32d','203',null,'F3633607-8E8B-42A1-B777-6E2969072E58','게시판','게시판',null,5,'e45ac7ba-496d-47fa-a711-db8bb16fd95a','/ezBoard/boardMain.do','main',null,' ',0);
Insert into TBL_MENUITEM_ITEMS_MENUITEMS (UID_,PARENTUID,PARENTMENUID,OWNERPAGEID,DISPLAYNAME,DISPLAYNAME2,SUBFLAG,COLUMNPOS,IMAGEUID,LINKURL,LINKLOCATION,LEFTMARGIN,WINDOWOPTION,TENANT_ID) values ('1f07c057-1fa1-4e35-a51f-2c3aa99f3c0c','204','1dc7d4e1-303f-4d13-a8b6-d5ebf8f3f32d','F3633607-8E8B-42A1-B777-6E2969072E58',null,null,null,null,null,null,null,null,null,0);
Insert into TBL_MENUITEM_ITEMS_MENUITEMS (UID_,PARENTUID,PARENTMENUID,OWNERPAGEID,DISPLAYNAME,DISPLAYNAME2,SUBFLAG,COLUMNPOS,IMAGEUID,LINKURL,LINKLOCATION,LEFTMARGIN,WINDOWOPTION,TENANT_ID) values ('1f3ab4e9-787e-41f5-a691-6b1e0e52380b','204','ac7b2e1b-71b2-4c46-b544-66468bfaf2f9','F3633607-8E8B-42A1-B777-6E2969072E58',null,null,null,null,null,null,null,null,null,0);
Insert into TBL_MENUITEM_ITEMS_MENUITEMS (UID_,PARENTUID,PARENTMENUID,OWNERPAGEID,DISPLAYNAME,DISPLAYNAME2,SUBFLAG,COLUMNPOS,IMAGEUID,LINKURL,LINKLOCATION,LEFTMARGIN,WINDOWOPTION,TENANT_ID) values ('1f613cb1-a2f6-4f73-8b89-f0511cd2f911','203',null,'b0a4e923-d270-4353-9e81-e86c14424262','게시판','게시판',null,5,'e6f32470-e5ea-4e38-9d3d-337d41fedccd','/ezBoard/boardMain.do',null,null,null,0);
Insert into TBL_MENUITEM_ITEMS_MENUITEMS (UID_,PARENTUID,PARENTMENUID,OWNERPAGEID,DISPLAYNAME,DISPLAYNAME2,SUBFLAG,COLUMNPOS,IMAGEUID,LINKURL,LINKLOCATION,LEFTMARGIN,WINDOWOPTION,TENANT_ID) values ('37e4a9c1-a923-4ba6-9f08-2757cf4d4693','202',null,'F3633607-8E8B-42A1-B777-6E2969072E58','직원조회','eng_직원조회',null,2,null,'/ezPersonal/personSearch.do',' ',null,'height=560px,width=750px, status = no, toolbar=no, menubar=no,location=no, resizable=0',0);
Insert into TBL_MENUITEM_ITEMS_MENUITEMS (UID_,PARENTUID,PARENTMENUID,OWNERPAGEID,DISPLAYNAME,DISPLAYNAME2,SUBFLAG,COLUMNPOS,IMAGEUID,LINKURL,LINKLOCATION,LEFTMARGIN,WINDOWOPTION,TENANT_ID) values ('404591f7-fae8-452b-bb20-31b78d189325','204','55b6ee75-bdbd-4690-821e-9e41ee14603c','d4dcceee-01f5-42da-9093-a243d3056204',null,null,null,null,null,null,null,null,null,0);
Insert into TBL_MENUITEM_ITEMS_MENUITEMS (UID_,PARENTUID,PARENTMENUID,OWNERPAGEID,DISPLAYNAME,DISPLAYNAME2,SUBFLAG,COLUMNPOS,IMAGEUID,LINKURL,LINKLOCATION,LEFTMARGIN,WINDOWOPTION,TENANT_ID) values ('4330099a-4889-497b-ac76-912fc6e10994','203',null,'b0a4e923-d270-4353-9e81-e86c14424262','커뮤니티','커뮤니티en',null,6,'ac5d2eca-a340-42dc-95ae-1a4c42ff7885','/ezCommunity/communityMain.do',null,null,null,0);
Insert into TBL_MENUITEM_ITEMS_MENUITEMS (UID_,PARENTUID,PARENTMENUID,OWNERPAGEID,DISPLAYNAME,DISPLAYNAME2,SUBFLAG,COLUMNPOS,IMAGEUID,LINKURL,LINKLOCATION,LEFTMARGIN,WINDOWOPTION,TENANT_ID) values ('43bd6bc5-808b-4a2f-b0a9-da4abf1bb7b2','202',null,'d4dcceee-01f5-42da-9093-a243d3056204','ログアウト','ログアウト',null,5,null,'/user/login/actionLogout.do','top',null,null,0);
Insert into TBL_MENUITEM_ITEMS_MENUITEMS (UID_,PARENTUID,PARENTMENUID,OWNERPAGEID,DISPLAYNAME,DISPLAYNAME2,SUBFLAG,COLUMNPOS,IMAGEUID,LINKURL,LINKLOCATION,LEFTMARGIN,WINDOWOPTION,TENANT_ID) values ('f17d98c7-6331-428d-9d4e-421312eec8ee','203',null,'d4dcceee-01f5-42da-9093-a243d3056204','자원관리','자원관리',null,9,'d351b126-4e3a-486c-ab85-ef78738abead','/ezResource/resMain.do',null,null,null,0);
Insert into TBL_MENUITEM_ITEMS_MENUITEMS (UID_,PARENTUID,PARENTMENUID,OWNERPAGEID,DISPLAYNAME,DISPLAYNAME2,SUBFLAG,COLUMNPOS,IMAGEUID,LINKURL,LINKLOCATION,LEFTMARGIN,WINDOWOPTION,TENANT_ID) values ('f5c278f0-b62d-4437-8b08-1a81c2410497','203',null,'F3633607-8E8B-42A1-B777-6E2969072E58','커뮤니티','커뮤니티en',null,6,'80e37141-1c98-40b4-a7dc-8298e1abdce0','/ezCommunity/communityMain.do','main',null,' ',0);
Insert into TBL_MENUITEM_ITEMS_MENUITEMS (UID_,PARENTUID,PARENTMENUID,OWNERPAGEID,DISPLAYNAME,DISPLAYNAME2,SUBFLAG,COLUMNPOS,IMAGEUID,LINKURL,LINKLOCATION,LEFTMARGIN,WINDOWOPTION,TENANT_ID) values ('f805822c-f0da-4911-89dc-c71aa2c3bb62','204','89c88f6b-b68e-45a8-9a2b-58817f6d6cab','b0a4e923-d270-4353-9e81-e86c14424262',null,null,null,null,null,null,null,null,null,0);
Insert into TBL_MENUITEM_ITEMS_MENUITEMS (UID_,PARENTUID,PARENTMENUID,OWNERPAGEID,DISPLAYNAME,DISPLAYNAME2,SUBFLAG,COLUMNPOS,IMAGEUID,LINKURL,LINKLOCATION,LEFTMARGIN,WINDOWOPTION,TENANT_ID) values ('6a1ea8aa-cceb-4928-bba1-076a73b62223','204','7acbc603-5383-4da4-ae14-523112a5c167','b0a4e923-d270-4353-9e81-e86c14424262',null,null,null,null,null,null,null,null,null,0);
Insert into TBL_MENUITEM_ITEMS_MENUITEMS (UID_,PARENTUID,PARENTMENUID,OWNERPAGEID,DISPLAYNAME,DISPLAYNAME2,SUBFLAG,COLUMNPOS,IMAGEUID,LINKURL,LINKLOCATION,LEFTMARGIN,WINDOWOPTION,TENANT_ID) values ('6cdb78b7-ae72-48ce-990f-5c0f6838fbbc','203',null,'F3633607-8E8B-42A1-B777-6E2969072E58','일정관리','Schedule',null,3,'c76829c2-94a9-48e5-b281-c4a8df65afcb','/ezSchedule/scheduleIndex.do?funCode=2','main',null,' ',0);
Insert into TBL_MENUITEM_ITEMS_MENUITEMS (UID_,PARENTUID,PARENTMENUID,OWNERPAGEID,DISPLAYNAME,DISPLAYNAME2,SUBFLAG,COLUMNPOS,IMAGEUID,LINKURL,LINKLOCATION,LEFTMARGIN,WINDOWOPTION,TENANT_ID) values ('6db81dc5-e8ba-49c8-b625-df4fd375a43a','203',null,'F3633607-8E8B-42A1-B777-6E2969072E58','자원관리','자원관리',null,7,'55500da7-0de3-4e2c-8acc-e52cbd8bbee8','/ezResource/resMain.do',null,null,null,0);
Insert into TBL_MENUITEM_ITEMS_MENUITEMS (UID_,PARENTUID,PARENTMENUID,OWNERPAGEID,DISPLAYNAME,DISPLAYNAME2,SUBFLAG,COLUMNPOS,IMAGEUID,LINKURL,LINKLOCATION,LEFTMARGIN,WINDOWOPTION,TENANT_ID) values ('70fd0c61-af80-4f22-bf6e-d17d3f666bf9','202',null,'b0a4e923-d270-4353-9e81-e86c14424262','Help','Help',null,4,null,'/ezPortal/help/help.do','helpWindow',null,'height=700px,width=1000px, status = no, toolbar=no, menubar=no, location=no, resizable=0',0);
Insert into TBL_MENUITEM_ITEMS_MENUITEMS (UID_,PARENTUID,PARENTMENUID,OWNERPAGEID,DISPLAYNAME,DISPLAYNAME2,SUBFLAG,COLUMNPOS,IMAGEUID,LINKURL,LINKLOCATION,LEFTMARGIN,WINDOWOPTION,TENANT_ID) values ('723443ed-b168-45db-9176-fb1aa3de0513','204','6cdb78b7-ae72-48ce-990f-5c0f6838fbbc','F3633607-8E8B-42A1-B777-6E2969072E58',null,null,null,null,null,null,null,null,null,0);
Insert into TBL_MENUITEM_ITEMS_MENUITEMS (UID_,PARENTUID,PARENTMENUID,OWNERPAGEID,DISPLAYNAME,DISPLAYNAME2,SUBFLAG,COLUMNPOS,IMAGEUID,LINKURL,LINKLOCATION,LEFTMARGIN,WINDOWOPTION,TENANT_ID) values ('72bcbef1-6b4c-41ec-b884-9762c21e4dcb','204','c4cb8eef-6f1c-4c7b-b8cb-de1cd5196da9','b0a4e923-d270-4353-9e81-e86c14424262',null,null,null,null,null,null,null,null,null,0);
Insert into TBL_MENUITEM_ITEMS_MENUITEMS (UID_,PARENTUID,PARENTMENUID,OWNERPAGEID,DISPLAYNAME,DISPLAYNAME2,SUBFLAG,COLUMNPOS,IMAGEUID,LINKURL,LINKLOCATION,LEFTMARGIN,WINDOWOPTION,TENANT_ID) values ('73bf6744-6693-4142-ae0e-8570f13c5c69','204','52bd442b-58c4-4f2e-aadf-3cf6264631a5','F3633607-8E8B-42A1-B777-6E2969072E58',null,null,null,null,null,null,null,null,null,0);
Insert into TBL_MENUITEM_ITEMS_MENUITEMS (UID_,PARENTUID,PARENTMENUID,OWNERPAGEID,DISPLAYNAME,DISPLAYNAME2,SUBFLAG,COLUMNPOS,IMAGEUID,LINKURL,LINKLOCATION,LEFTMARGIN,WINDOWOPTION,TENANT_ID) values ('73fc6012-c812-4a54-bdc1-0bc580f837a4','203',null,'b0a4e923-d270-4353-9e81-e86c14424262','Schedule','Schedule',null,3,'388f0b77-9c53-42d5-b860-7eb1e74db215','/ezSchedule/scheduleIndex.do?funCode=2',null,null,null,0);
Insert into TBL_MENUITEM_ITEMS_MENUITEMS (UID_,PARENTUID,PARENTMENUID,OWNERPAGEID,DISPLAYNAME,DISPLAYNAME2,SUBFLAG,COLUMNPOS,IMAGEUID,LINKURL,LINKLOCATION,LEFTMARGIN,WINDOWOPTION,TENANT_ID) values ('74220b1f-342a-441d-b7e2-a644ec208db0','204','f96d5cd6-17f3-4765-9657-f1d18475ba4b','F3633607-8E8B-42A1-B777-6E2969072E58',null,null,null,null,null,null,null,null,null,0);
Insert into TBL_MENUITEM_ITEMS_MENUITEMS (UID_,PARENTUID,PARENTMENUID,OWNERPAGEID,DISPLAYNAME,DISPLAYNAME2,SUBFLAG,COLUMNPOS,IMAGEUID,LINKURL,LINKLOCATION,LEFTMARGIN,WINDOWOPTION,TENANT_ID) values ('78940244-839d-46af-ba00-463bc4648b80','204','f78914fe-351f-473b-87da-ed967bce5060','b0a4e923-d270-4353-9e81-e86c14424262',null,null,null,null,null,null,null,null,null,0);
Insert into TBL_MENUITEM_ITEMS_MENUITEMS (UID_,PARENTUID,PARENTMENUID,OWNERPAGEID,DISPLAYNAME,DISPLAYNAME2,SUBFLAG,COLUMNPOS,IMAGEUID,LINKURL,LINKLOCATION,LEFTMARGIN,WINDOWOPTION,TENANT_ID) values ('fb438703-6026-44f8-8878-84c2a206e3b3','204','64f696d4-4b57-445a-aadf-1e171ae7bcb8','F3633607-8E8B-42A1-B777-6E2969072E58',null,null,null,null,null,null,null,null,null,0);
Insert into TBL_MENUITEM_ITEMS_MENUITEMS (UID_,PARENTUID,PARENTMENUID,OWNERPAGEID,DISPLAYNAME,DISPLAYNAME2,SUBFLAG,COLUMNPOS,IMAGEUID,LINKURL,LINKLOCATION,LEFTMARGIN,WINDOWOPTION,TENANT_ID) values ('63d37f4d-967e-4182-84ab-b26b7c351c71','204','a912118a-f4e7-4917-8547-71e8149fdb9d','F3633607-8E8B-42A1-B777-6E2969072E58',null,null,null,null,null,null,null,null,null,0);
Insert into TBL_MENUITEM_ITEMS_MENUITEMS (UID_,PARENTUID,PARENTMENUID,OWNERPAGEID,DISPLAYNAME,DISPLAYNAME2,SUBFLAG,COLUMNPOS,IMAGEUID,LINKURL,LINKLOCATION,LEFTMARGIN,WINDOWOPTION,TENANT_ID) values ('b11d5737-e06c-4387-bcd0-7792b6053b0d','204','4a213121-bb22-4d43-81df-982e1ba07be2','F3633607-8E8B-42A1-B777-6E2969072E58',null,null,null,null,null,null,null,null,null,0);
Insert into TBL_MENUITEM_ITEMS_MENUITEMS (UID_,PARENTUID,PARENTMENUID,OWNERPAGEID,DISPLAYNAME,DISPLAYNAME2,SUBFLAG,COLUMNPOS,IMAGEUID,LINKURL,LINKLOCATION,LEFTMARGIN,WINDOWOPTION,TENANT_ID) values ('d1dbcb93-cce0-4311-a202-6effcdcf0358','204','a52e3c9c-171e-44aa-b540-b4311f357b55','d4dcceee-01f5-42da-9093-a243d3056204',null,null,null,null,null,null,null,null,null,0);
Insert into TBL_MENUITEM_ITEMS_MENUITEMS (UID_,PARENTUID,PARENTMENUID,OWNERPAGEID,DISPLAYNAME,DISPLAYNAME2,SUBFLAG,COLUMNPOS,IMAGEUID,LINKURL,LINKLOCATION,LEFTMARGIN,WINDOWOPTION,TENANT_ID) values ('d2cb8420-4efe-4b56-986e-69a4a2c20814','204','8e35e3f1-ec52-4ee4-8638-af25a8737da7','d4dcceee-01f5-42da-9093-a243d3056204',null,null,null,null,null,null,null,null,null,0);
Insert into TBL_MENUITEM_ITEMS_MENUITEMS (UID_,PARENTUID,PARENTMENUID,OWNERPAGEID,DISPLAYNAME,DISPLAYNAME2,SUBFLAG,COLUMNPOS,IMAGEUID,LINKURL,LINKLOCATION,LEFTMARGIN,WINDOWOPTION,TENANT_ID) values ('d6de0e54-85fe-45a0-b9f1-52564900961e','204','04bc1910-6e80-4904-9da2-e6c86eccc366','d4dcceee-01f5-42da-9093-a243d3056204',null,null,null,null,null,null,null,null,null,0);
Insert into TBL_MENUITEM_ITEMS_MENUITEMS (UID_,PARENTUID,PARENTMENUID,OWNERPAGEID,DISPLAYNAME,DISPLAYNAME2,SUBFLAG,COLUMNPOS,IMAGEUID,LINKURL,LINKLOCATION,LEFTMARGIN,WINDOWOPTION,TENANT_ID) values ('d780c364-c267-4302-bef5-3fba95b06619','204','73fc6012-c812-4a54-bdc1-0bc580f837a4','b0a4e923-d270-4353-9e81-e86c14424262',null,null,null,null,null,null,null,null,null,0);
Insert into TBL_MENUITEM_ITEMS_MENUITEMS (UID_,PARENTUID,PARENTMENUID,OWNERPAGEID,DISPLAYNAME,DISPLAYNAME2,SUBFLAG,COLUMNPOS,IMAGEUID,LINKURL,LINKLOCATION,LEFTMARGIN,WINDOWOPTION,TENANT_ID) values ('ea075496-9065-4f2a-b9f0-f8181ca1928d','202',null,'F3633607-8E8B-42A1-B777-6E2969072E58','도움말','eng_도움말',null,4,null,'/ezPortal/help/help.do','helpWindow',null,'height=700px,width=1000px, status = no, toolbar=no, menubar=no, location=no, resizable=0',0);
Insert into TBL_MENUITEM_ITEMS_MENUITEMS (UID_,PARENTUID,PARENTMENUID,OWNERPAGEID,DISPLAYNAME,DISPLAYNAME2,SUBFLAG,COLUMNPOS,IMAGEUID,LINKURL,LINKLOCATION,LEFTMARGIN,WINDOWOPTION,TENANT_ID) values ('ec86804a-415b-41b9-97fc-164e7876a14e','204','cf34747c-d809-461d-93d9-e50486ae3b68','F3633607-8E8B-42A1-B777-6E2969072E58',null,null,null,null,null,null,null,null,null,0);
Insert into TBL_MENUITEM_ITEMS_MENUITEMS (UID_,PARENTUID,PARENTMENUID,OWNERPAGEID,DISPLAYNAME,DISPLAYNAME2,SUBFLAG,COLUMNPOS,IMAGEUID,LINKURL,LINKLOCATION,LEFTMARGIN,WINDOWOPTION,TENANT_ID) values ('94ef77fe-04fd-434a-8508-7fba98631bb8','203',null,'d4dcceee-01f5-42da-9093-a243d3056204','게시판','게시판',null,5,'2d13f9fc-51c1-4dfe-bfa3-d0bed6a22918','/ezBoard/boardMain.do',null,null,null,0);
Insert into TBL_MENUITEM_ITEMS_MENUITEMS (UID_,PARENTUID,PARENTMENUID,OWNERPAGEID,DISPLAYNAME,DISPLAYNAME2,SUBFLAG,COLUMNPOS,IMAGEUID,LINKURL,LINKLOCATION,LEFTMARGIN,WINDOWOPTION,TENANT_ID) values ('9770dc92-5da3-48aa-a674-dfeaefb4a7ec','204','1294c930-12b3-4fa7-9c53-86fb0261589a','b0a4e923-d270-4353-9e81-e86c14424262',null,null,null,null,null,null,null,null,null,0);
Insert into TBL_MENUITEM_ITEMS_MENUITEMS (UID_,PARENTUID,PARENTMENUID,OWNERPAGEID,DISPLAYNAME,DISPLAYNAME2,SUBFLAG,COLUMNPOS,IMAGEUID,LINKURL,LINKLOCATION,LEFTMARGIN,WINDOWOPTION,TENANT_ID) values ('98c8d196-a0c8-4767-b641-69e0c2020150','204','d00d04fb-3d8f-466c-9f0f-7fc974954c1c','b0a4e923-d270-4353-9e81-e86c14424262',null,null,null,null,null,null,null,null,null,0);
Insert into TBL_MENUITEM_ITEMS_MENUITEMS (UID_,PARENTUID,PARENTMENUID,OWNERPAGEID,DISPLAYNAME,DISPLAYNAME2,SUBFLAG,COLUMNPOS,IMAGEUID,LINKURL,LINKLOCATION,LEFTMARGIN,WINDOWOPTION,TENANT_ID) values ('9a434395-e198-4aa1-a424-74d035b5128e','204','5cf0b82b-dd98-4d68-b6e2-fc54eb1e950f','b0a4e923-d270-4353-9e81-e86c14424262',null,null,null,null,null,null,null,null,null,0);
Insert into TBL_MENUITEM_ITEMS_MENUITEMS (UID_,PARENTUID,PARENTMENUID,OWNERPAGEID,DISPLAYNAME,DISPLAYNAME2,SUBFLAG,COLUMNPOS,IMAGEUID,LINKURL,LINKLOCATION,LEFTMARGIN,WINDOWOPTION,TENANT_ID) values ('9ab26aa1-a70f-40e5-b22f-e1994d01897b','204','0e3e00ce-6046-4883-9afd-5b394d02e423','F3633607-8E8B-42A1-B777-6E2969072E58',null,null,null,null,null,null,null,null,null,0);
Insert into TBL_MENUITEM_ITEMS_MENUITEMS (UID_,PARENTUID,PARENTMENUID,OWNERPAGEID,DISPLAYNAME,DISPLAYNAME2,SUBFLAG,COLUMNPOS,IMAGEUID,LINKURL,LINKLOCATION,LEFTMARGIN,WINDOWOPTION,TENANT_ID) values ('9b2a3574-b823-4956-83b2-2f671f90a547','204','b39f97e9-4272-45d2-bcda-2ceb6d6e46d0','F3633607-8E8B-42A1-B777-6E2969072E58',null,null,null,null,null,null,null,null,null,0);
Insert into TBL_MENUITEM_ITEMS_MENUITEMS (UID_,PARENTUID,PARENTMENUID,OWNERPAGEID,DISPLAYNAME,DISPLAYNAME2,SUBFLAG,COLUMNPOS,IMAGEUID,LINKURL,LINKLOCATION,LEFTMARGIN,WINDOWOPTION,TENANT_ID) values ('9eb0fd34-725e-47ed-93e4-06e06a66dd92','202',null,'b0a4e923-d270-4353-9e81-e86c14424262','Logout','Logout',null,5,null,'/user/login/actionLogout.do','top',null,' ',0);
Insert into TBL_MENUITEM_ITEMS_MENUITEMS (UID_,PARENTUID,PARENTMENUID,OWNERPAGEID,DISPLAYNAME,DISPLAYNAME2,SUBFLAG,COLUMNPOS,IMAGEUID,LINKURL,LINKLOCATION,LEFTMARGIN,WINDOWOPTION,TENANT_ID) values ('9f190819-a7f1-4742-8ad3-0be1a75cb0db','204','94ef77fe-04fd-434a-8508-7fba98631bb8','d4dcceee-01f5-42da-9093-a243d3056204',null,null,null,null,null,null,null,null,null,0);
Insert into TBL_MENUITEM_ITEMS_MENUITEMS (UID_,PARENTUID,PARENTMENUID,OWNERPAGEID,DISPLAYNAME,DISPLAYNAME2,SUBFLAG,COLUMNPOS,IMAGEUID,LINKURL,LINKLOCATION,LEFTMARGIN,WINDOWOPTION,TENANT_ID) values ('9fbb793a-565d-4a42-ad88-2f3df5c87616','204','f17d98c7-6331-428d-9d4e-421312eec8ee','d4dcceee-01f5-42da-9093-a243d3056204',null,null,null,null,null,null,null,null,null,0);
Insert into TBL_MENUITEM_ITEMS_MENUITEMS (UID_,PARENTUID,PARENTMENUID,OWNERPAGEID,DISPLAYNAME,DISPLAYNAME2,SUBFLAG,COLUMNPOS,IMAGEUID,LINKURL,LINKLOCATION,LEFTMARGIN,WINDOWOPTION,TENANT_ID) values ('a20f58e8-6df9-4ec4-9a86-f08afee5bbe1','204','2e1803bc-9df3-412a-98ae-045fa345ed98','b0a4e923-d270-4353-9e81-e86c14424262',null,null,null,null,null,null,null,null,null,0);
Insert into TBL_MENUITEM_ITEMS_MENUITEMS (UID_,PARENTUID,PARENTMENUID,OWNERPAGEID,DISPLAYNAME,DISPLAYNAME2,SUBFLAG,COLUMNPOS,IMAGEUID,LINKURL,LINKLOCATION,LEFTMARGIN,WINDOWOPTION,TENANT_ID) values ('a52e3c9c-171e-44aa-b540-b4311f357b55','203',null,'d4dcceee-01f5-42da-9093-a243d3056204','전자결재','전자결재',null,4,'4d8d47b5-7257-4f4e-b70b-d63e09e32299','/ezApproval/apprMain.do',null,null,null,0);
Insert into TBL_MENUITEM_ITEMS_MENUITEMS (UID_,PARENTUID,PARENTMENUID,OWNERPAGEID,DISPLAYNAME,DISPLAYNAME2,SUBFLAG,COLUMNPOS,IMAGEUID,LINKURL,LINKLOCATION,LEFTMARGIN,WINDOWOPTION,TENANT_ID) values ('69b6d233-c50d-4b38-bb50-5bf51c02c35b','202',null,'b0a4e923-d270-4353-9e81-e86c14424262','Organization ','Organization ',null,2,null,'/ezPersonal/personSearch.do',null,null,'height=560px,width=750px, status = no, toolbar=no, menubar=no,location=no, resizable=0',0);
Insert into TBL_MENUITEM_ITEMS_MENUITEMS (UID_,PARENTUID,PARENTMENUID,OWNERPAGEID,DISPLAYNAME,DISPLAYNAME2,SUBFLAG,COLUMNPOS,IMAGEUID,LINKURL,LINKLOCATION,LEFTMARGIN,WINDOWOPTION,TENANT_ID) values ('69edeceb-c945-41bd-861f-987814fcc2a4','204','193e8246-8215-4680-9fc0-3f7a5c13e12c','F3633607-8E8B-42A1-B777-6E2969072E58',null,null,null,null,null,null,null,null,null,0);
Insert into TBL_MENUITEM_ITEMS_MENUITEMS (UID_,PARENTUID,PARENTMENUID,OWNERPAGEID,DISPLAYNAME,DISPLAYNAME2,SUBFLAG,COLUMNPOS,IMAGEUID,LINKURL,LINKLOCATION,LEFTMARGIN,WINDOWOPTION,TENANT_ID) values ('7dd03f77-b6ac-4e1e-918d-a4354fa25608','204','7fde32ad-5e48-4357-b24c-5f2594919b88','b0a4e923-d270-4353-9e81-e86c14424262',null,null,null,null,null,null,null,null,null,0);
Insert into TBL_MENUITEM_ITEMS_MENUITEMS (UID_,PARENTUID,PARENTMENUID,OWNERPAGEID,DISPLAYNAME,DISPLAYNAME2,SUBFLAG,COLUMNPOS,IMAGEUID,LINKURL,LINKLOCATION,LEFTMARGIN,WINDOWOPTION,TENANT_ID) values ('7f942e44-bc4d-42d5-bb51-30f7eee96525','204','6260bacb-398a-4391-8871-fd80142981bf','b0a4e923-d270-4353-9e81-e86c14424262',null,null,null,null,null,null,null,null,null,0);
Insert into TBL_MENUITEM_ITEMS_MENUITEMS (UID_,PARENTUID,PARENTMENUID,OWNERPAGEID,DISPLAYNAME,DISPLAYNAME2,SUBFLAG,COLUMNPOS,IMAGEUID,LINKURL,LINKLOCATION,LEFTMARGIN,WINDOWOPTION,TENANT_ID) values ('7fde32ad-5e48-4357-b24c-5f2594919b88','203',null,'b0a4e923-d270-4353-9e81-e86c14424262','홈','HOME',null,1,'8ac377c8-e8e6-463d-a44f-e6a47202b45f','/ezPortal/myPortal.do',null,null,null,0);
Insert into TBL_MENUITEM_ITEMS_MENUITEMS (UID_,PARENTUID,PARENTMENUID,OWNERPAGEID,DISPLAYNAME,DISPLAYNAME2,SUBFLAG,COLUMNPOS,IMAGEUID,LINKURL,LINKLOCATION,LEFTMARGIN,WINDOWOPTION,TENANT_ID) values ('8139c1a3-eb8b-4cf9-8c5a-a1bde7078a09','204','1f613cb1-a2f6-4f73-8b89-f0511cd2f911','b0a4e923-d270-4353-9e81-e86c14424262',null,null,null,null,null,null,null,null,null,0);
Insert into TBL_MENUITEM_ITEMS_MENUITEMS (UID_,PARENTUID,PARENTMENUID,OWNERPAGEID,DISPLAYNAME,DISPLAYNAME2,SUBFLAG,COLUMNPOS,IMAGEUID,LINKURL,LINKLOCATION,LEFTMARGIN,WINDOWOPTION,TENANT_ID) values ('821d9667-737e-4666-84c3-09ab96a545dd','204','6db81dc5-e8ba-49c8-b625-df4fd375a43a','F3633607-8E8B-42A1-B777-6E2969072E58',null,null,null,null,null,null,null,null,null,0);
Insert into TBL_MENUITEM_ITEMS_MENUITEMS (UID_,PARENTUID,PARENTMENUID,OWNERPAGEID,DISPLAYNAME,DISPLAYNAME2,SUBFLAG,COLUMNPOS,IMAGEUID,LINKURL,LINKLOCATION,LEFTMARGIN,WINDOWOPTION,TENANT_ID) values ('841cc601-4327-459d-9a81-87347e0283c6','204','4330099a-4889-497b-ac76-912fc6e10994','b0a4e923-d270-4353-9e81-e86c14424262',null,null,null,null,null,null,null,null,null,0);
Insert into TBL_MENUITEM_ITEMS_MENUITEMS (UID_,PARENTUID,PARENTMENUID,OWNERPAGEID,DISPLAYNAME,DISPLAYNAME2,SUBFLAG,COLUMNPOS,IMAGEUID,LINKURL,LINKLOCATION,LEFTMARGIN,WINDOWOPTION,TENANT_ID) values ('87c4bcf7-ac7f-455a-8ad7-a1698ccc3e7e','204','b8d8195c-c484-4409-a9bd-89e93d76e262','b0a4e923-d270-4353-9e81-e86c14424262',null,null,null,null,null,null,null,null,null,0);
Insert into TBL_MENUITEM_ITEMS_MENUITEMS (UID_,PARENTUID,PARENTMENUID,OWNERPAGEID,DISPLAYNAME,DISPLAYNAME2,SUBFLAG,COLUMNPOS,IMAGEUID,LINKURL,LINKLOCATION,LEFTMARGIN,WINDOWOPTION,TENANT_ID) values ('887ef24b-a0f6-438b-a3e6-032c4b9c580b','204','68be0f39-94ad-4b46-8ff5-304bdfddb47a','F3633607-8E8B-42A1-B777-6E2969072E58',null,null,null,null,null,null,null,null,null,0);
Insert into TBL_MENUITEM_ITEMS_MENUITEMS (UID_,PARENTUID,PARENTMENUID,OWNERPAGEID,DISPLAYNAME,DISPLAYNAME2,SUBFLAG,COLUMNPOS,IMAGEUID,LINKURL,LINKLOCATION,LEFTMARGIN,WINDOWOPTION,TENANT_ID) values ('8e35e3f1-ec52-4ee4-8638-af25a8737da7','203',null,'d4dcceee-01f5-42da-9093-a243d3056204','일정관리','Schedule',null,3,'ecb5c796-bfce-46a0-9c42-801eca04b31b','/ezSchedule/scheduleIndex.do?funCode=2',null,null,null,0);
Insert into TBL_MENUITEM_ITEMS_MENUITEMS (UID_,PARENTUID,PARENTMENUID,OWNERPAGEID,DISPLAYNAME,DISPLAYNAME2,SUBFLAG,COLUMNPOS,IMAGEUID,LINKURL,LINKLOCATION,LEFTMARGIN,WINDOWOPTION,TENANT_ID) values ('902628a5-92a6-4622-96fe-a8ed2ebf6bb0','204','517efcdf-3e2d-4588-ba6f-14eebeee48d9','b0a4e923-d270-4353-9e81-e86c14424262',null,null,null,null,null,null,null,null,null,0);
Insert into TBL_MENUITEM_ITEMS_MENUITEMS (UID_,PARENTUID,PARENTMENUID,OWNERPAGEID,DISPLAYNAME,DISPLAYNAME2,SUBFLAG,COLUMNPOS,IMAGEUID,LINKURL,LINKLOCATION,LEFTMARGIN,WINDOWOPTION,TENANT_ID) values ('a56082ad-9136-43a7-9749-c867f1f5529e','202',null,'d4dcceee-01f5-42da-9093-a243d3056204','組織','組織',null,2,null,'/ezPersonal/personSearch.do',null,null,'height=560px,width=750px, status = no, toolbar=no, menubar=no,location=no, resizable=0',0);
Insert into TBL_MENUITEM_ITEMS_MENUITEMS (UID_,PARENTUID,PARENTMENUID,OWNERPAGEID,DISPLAYNAME,DISPLAYNAME2,SUBFLAG,COLUMNPOS,IMAGEUID,LINKURL,LINKLOCATION,LEFTMARGIN,WINDOWOPTION,TENANT_ID) values ('a889fc9d-13e5-4656-874b-cfb58c989007','204','109faf7e-faf4-464f-8206-c19a3880a206','b0a4e923-d270-4353-9e81-e86c14424262',null,null,null,null,null,null,null,null,null,0);
Insert into TBL_MENUITEM_ITEMS_MENUITEMS (UID_,PARENTUID,PARENTMENUID,OWNERPAGEID,DISPLAYNAME,DISPLAYNAME2,SUBFLAG,COLUMNPOS,IMAGEUID,LINKURL,LINKLOCATION,LEFTMARGIN,WINDOWOPTION,TENANT_ID) values ('ac53a787-6411-4b12-9528-e7a9178e4f7d','204','763e71e3-4d56-4ecb-bfb0-6f8b743f4601','F3633607-8E8B-42A1-B777-6E2969072E58',null,null,null,null,null,null,null,null,null,0);
Insert into TBL_MENUITEM_ITEMS_MENUITEMS (UID_,PARENTUID,PARENTMENUID,OWNERPAGEID,DISPLAYNAME,DISPLAYNAME2,SUBFLAG,COLUMNPOS,IMAGEUID,LINKURL,LINKLOCATION,LEFTMARGIN,WINDOWOPTION,TENANT_ID) values ('b39f97e9-4272-45d2-bcda-2ceb6d6e46d0','203',null,'F3633607-8E8B-42A1-B777-6E2969072E58','전자결재','전자결재',null,4,'a2c52ee7-4e41-493d-8d58-bb26e00d52c1','/ezApprovalG/apprGMain.do','main',null,' ',0);
Insert into TBL_MENUITEM_ITEMS_MENUITEMS (UID_,PARENTUID,PARENTMENUID,OWNERPAGEID,DISPLAYNAME,DISPLAYNAME2,SUBFLAG,COLUMNPOS,IMAGEUID,LINKURL,LINKLOCATION,LEFTMARGIN,WINDOWOPTION,TENANT_ID) values ('bc70e84c-1ae0-4e2a-9e7a-e8dbfaf09719','204','062d1b08-991f-414b-80b2-406312da7095','F3633607-8E8B-42A1-B777-6E2969072E58',null,null,null,null,null,null,null,null,null,0);
Insert into TBL_MENUITEM_ITEMS_MENUITEMS (UID_,PARENTUID,PARENTMENUID,OWNERPAGEID,DISPLAYNAME,DISPLAYNAME2,SUBFLAG,COLUMNPOS,IMAGEUID,LINKURL,LINKLOCATION,LEFTMARGIN,WINDOWOPTION,TENANT_ID) values ('c2fd093d-7923-4262-8a18-1fb3b47a99d1','204','09e1d12c-5ffd-4240-8791-020431a5c47b','F3633607-8E8B-42A1-B777-6E2969072E58',null,null,null,null,null,null,null,100,null,0);
Insert into TBL_MENUITEM_ITEMS_MENUITEMS (UID_,PARENTUID,PARENTMENUID,OWNERPAGEID,DISPLAYNAME,DISPLAYNAME2,SUBFLAG,COLUMNPOS,IMAGEUID,LINKURL,LINKLOCATION,LEFTMARGIN,WINDOWOPTION,TENANT_ID) values ('c4736cf0-6cf0-42f1-979d-20678b68d171','203',null,'d4dcceee-01f5-42da-9093-a243d3056204','커뮤니티','커뮤니티',null,6,'9dcb873f-4254-45b2-87f2-1e326a63db78','/ezCommunity/communityMain.do',null,null,null,0);
Insert into TBL_MENUITEM_ITEMS_MENUITEMS (UID_,PARENTUID,PARENTMENUID,OWNERPAGEID,DISPLAYNAME,DISPLAYNAME2,SUBFLAG,COLUMNPOS,IMAGEUID,LINKURL,LINKLOCATION,LEFTMARGIN,WINDOWOPTION,TENANT_ID) values ('cc9b12f3-85b5-40c2-8f90-5db1b543d9a1','203',null,'b0a4e923-d270-4353-9e81-e86c14424262','자원관리','자원관리',null,9,'bf71381c-4e0e-415a-82aa-dfcc1f0b4c7d','/ezResource/resMain.do',null,null,null,0);
Insert into TBL_MENUITEM_ITEMS_MENUITEMS (UID_,PARENTUID,PARENTMENUID,OWNERPAGEID,DISPLAYNAME,DISPLAYNAME2,SUBFLAG,COLUMNPOS,IMAGEUID,LINKURL,LINKLOCATION,LEFTMARGIN,WINDOWOPTION,TENANT_ID) values ('cf34747c-d809-461d-93d9-e50486ae3b68','203',null,'F3633607-8E8B-42A1-B777-6E2969072E58','홈','HOME',null,1,'d7e86d24-137e-4934-bf70-87fed28f5530','/ezPortal/myPortal.do','main',null,' ',0);
Insert into TBL_MENUITEM_ITEMS_MENUITEMS (UID_,PARENTUID,PARENTMENUID,OWNERPAGEID,DISPLAYNAME,DISPLAYNAME2,SUBFLAG,COLUMNPOS,IMAGEUID,LINKURL,LINKLOCATION,LEFTMARGIN,WINDOWOPTION,TENANT_ID) values ('d00d04fb-3d8f-466c-9f0f-7fc974954c1c','203',null,'b0a4e923-d270-4353-9e81-e86c14424262','전자결재','전자결재',null,10,'1ab34e97-4c6b-4249-a80a-4c4214486b95','/ezApprovalG/apprGMain.do',null,null,null,0);
Insert into TBL_MENUITEM_ITEMS_MENUITEMS (UID_,PARENTUID,PARENTMENUID,OWNERPAGEID,DISPLAYNAME,DISPLAYNAME2,SUBFLAG,COLUMNPOS,IMAGEUID,LINKURL,LINKLOCATION,LEFTMARGIN,WINDOWOPTION,TENANT_ID) values ('edabe052-f573-4377-ad95-7743f9093151','202',null,'b0a4e923-d270-4353-9e81-e86c14424262','Configuration','Configuration',null,3,null,'/ezPortal/environmentMain.do','main',null,' ',0);
Insert into TBL_MENUITEM_ITEMS_MENUITEMS (UID_,PARENTUID,PARENTMENUID,OWNERPAGEID,DISPLAYNAME,DISPLAYNAME2,SUBFLAG,COLUMNPOS,IMAGEUID,LINKURL,LINKLOCATION,LEFTMARGIN,WINDOWOPTION,TENANT_ID) values ('edc0803a-5e67-443a-bc8b-9659e39f87cf','204','0fbe027c-9241-4922-bf97-cc6d10e402c9','F3633607-8E8B-42A1-B777-6E2969072E58',null,null,null,null,null,null,null,null,null,0);
Insert into TBL_MENUITEM_ITEMS_MENUITEMS (UID_,PARENTUID,PARENTMENUID,OWNERPAGEID,DISPLAYNAME,DISPLAYNAME2,SUBFLAG,COLUMNPOS,IMAGEUID,LINKURL,LINKLOCATION,LEFTMARGIN,WINDOWOPTION,TENANT_ID) values ('f9da0e32-1ef0-440a-9796-d061c802a112','204','e254ef6f-d602-4d40-8e39-b44177a8737c','F3633607-8E8B-42A1-B777-6E2969072E58',null,null,null,null,null,null,null,null,null,0);
Insert into TBL_MENUITEM_ITEMS_MENUITEMS (UID_,PARENTUID,PARENTMENUID,OWNERPAGEID,DISPLAYNAME,DISPLAYNAME2,SUBFLAG,COLUMNPOS,IMAGEUID,LINKURL,LINKLOCATION,LEFTMARGIN,WINDOWOPTION,TENANT_ID) values ('6f321dd7-9626-4962-ac76-af4ef759824f','204','2016a429-cb39-4653-b92c-c9595c12acec','F3633607-8E8B-42A1-B777-6E2969072E58',null,null,null,null,null,null,null,null,null,0);
Insert into TBL_MENUITEM_ITEMS_MENUITEMS (UID_,PARENTUID,PARENTMENUID,OWNERPAGEID,DISPLAYNAME,DISPLAYNAME2,SUBFLAG,COLUMNPOS,IMAGEUID,LINKURL,LINKLOCATION,LEFTMARGIN,WINDOWOPTION,TENANT_ID) values ('9440231a-414b-4133-8fef-8859375b542a','204','8593cc87-7630-420b-a6d5-f7a8577c5a31','F3633607-8E8B-42A1-B777-6E2969072E58',null,null,null,null,null,null,null,null,null,0);
Insert into TBL_MENUITEM_ITEMS_MENUITEMS (UID_,PARENTUID,PARENTMENUID,OWNERPAGEID,DISPLAYNAME,DISPLAYNAME2,SUBFLAG,COLUMNPOS,IMAGEUID,LINKURL,LINKLOCATION,LEFTMARGIN,WINDOWOPTION,TENANT_ID) values ('dc2ee231-aedf-4cae-9741-155ddf055475','204','8e9ebb41-5631-4c6f-9887-ec824464bce3','F3633607-8E8B-42A1-B777-6E2969072E58',null,null,null,null,null,null,null,null,null,0);
Insert into TBL_MENUITEM_ITEMS_MENUITEMS (UID_,PARENTUID,PARENTMENUID,OWNERPAGEID,DISPLAYNAME,DISPLAYNAME2,SUBFLAG,COLUMNPOS,IMAGEUID,LINKURL,LINKLOCATION,LEFTMARGIN,WINDOWOPTION,TENANT_ID) values ('e14fa5b9-acdd-494f-9c69-7e1c924898d0','204','f6f7ecd7-1969-4025-9bcc-bbc181e41073','F3633607-8E8B-42A1-B777-6E2969072E58',null,null,null,null,null,null,null,null,null,0);
Insert into TBL_MENUITEM_ITEMS_MENUITEMS (UID_,PARENTUID,PARENTMENUID,OWNERPAGEID,DISPLAYNAME,DISPLAYNAME2,SUBFLAG,COLUMNPOS,IMAGEUID,LINKURL,LINKLOCATION,LEFTMARGIN,WINDOWOPTION,TENANT_ID) values ('ff61d3fe-8d14-4752-8cd7-b40eb64611e9','204','ce2fd9b5-3934-4cba-b13f-a32d36a5d63a','F3633607-8E8B-42A1-B777-6E2969072E58',null,null,null,null,null,null,null,null,null,0);
Insert into TBL_MENUITEM_ITEMS_MENUITEMS (UID_,PARENTUID,PARENTMENUID,OWNERPAGEID,DISPLAYNAME,DISPLAYNAME2,SUBFLAG,COLUMNPOS,IMAGEUID,LINKURL,LINKLOCATION,LEFTMARGIN,WINDOWOPTION,TENANT_ID) values ('38f17c9a-292c-41fc-bbe4-d767e42f2e27','204','56b67047-d14a-46fa-aebb-6e95041a8929','F3633607-8E8B-42A1-B777-6E2969072E58',null,null,null,null,null,null,null,null,null,0);
Insert into TBL_MENUITEM_ITEMS_MENUITEMS (UID_,PARENTUID,PARENTMENUID,OWNERPAGEID,DISPLAYNAME,DISPLAYNAME2,SUBFLAG,COLUMNPOS,IMAGEUID,LINKURL,LINKLOCATION,LEFTMARGIN,WINDOWOPTION,TENANT_ID) values ('e18e476b-9dd7-47d8-8be4-0e3d3ba496e4','204','8eef9794-1eeb-4f8d-9aa3-9c6b1126540e','F3633607-8E8B-42A1-B777-6E2969072E58',null,null,null,null,null,null,null,null,null,0);
Insert into TBL_MENUITEM_ITEMS_MENUITEMS (UID_,PARENTUID,PARENTMENUID,OWNERPAGEID,DISPLAYNAME,DISPLAYNAME2,SUBFLAG,COLUMNPOS,IMAGEUID,LINKURL,LINKLOCATION,LEFTMARGIN,WINDOWOPTION,TENANT_ID) values ('19fe8ed4-6be5-4ccc-a1c5-3dd538a88ecb','204','47211276-30bb-45c5-8735-873b5af59e64','b0a4e923-d270-4353-9e81-e86c14424262',null,null,null,null,null,null,null,null,null,0);
Insert into TBL_MENUITEM_ITEMS_MENUITEMS (UID_,PARENTUID,PARENTMENUID,OWNERPAGEID,DISPLAYNAME,DISPLAYNAME2,SUBFLAG,COLUMNPOS,IMAGEUID,LINKURL,LINKLOCATION,LEFTMARGIN,WINDOWOPTION,TENANT_ID) values ('d8c4d0ba-120d-411f-96ee-fd8715fd77dd','204','d29fe5ad-1dc6-413d-a208-d9c2b052acfc','F3633607-8E8B-42A1-B777-6E2969072E58',null,null,null,null,null,null,null,null,null,0);
Insert into TBL_MENUITEM_ITEMS_MENUITEMS (UID_,PARENTUID,PARENTMENUID,OWNERPAGEID,DISPLAYNAME,DISPLAYNAME2,SUBFLAG,COLUMNPOS,IMAGEUID,LINKURL,LINKLOCATION,LEFTMARGIN,WINDOWOPTION,TENANT_ID) values ('13027555-4d6a-4d59-99bf-f562880cd767','204','36b3c83f-0062-4313-90b1-91b029f11d03','F3633607-8E8B-42A1-B777-6E2969072E58',null,null,null,null,null,null,null,null,null,0);
Insert into TBL_MENUITEM_ITEMS_MENUITEMS (UID_,PARENTUID,PARENTMENUID,OWNERPAGEID,DISPLAYNAME,DISPLAYNAME2,SUBFLAG,COLUMNPOS,IMAGEUID,LINKURL,LINKLOCATION,LEFTMARGIN,WINDOWOPTION,TENANT_ID) values ('13371bff-4bf3-4018-a327-8c4b8aae408c','204','eca0b70d-7324-4c49-bc35-15e72f148fe2','F3633607-8E8B-42A1-B777-6E2969072E58',null,null,null,null,null,null,null,null,null,0);
Insert into TBL_MENUITEM_ITEMS_MENUITEMS (UID_,PARENTUID,PARENTMENUID,OWNERPAGEID,DISPLAYNAME,DISPLAYNAME2,SUBFLAG,COLUMNPOS,IMAGEUID,LINKURL,LINKLOCATION,LEFTMARGIN,WINDOWOPTION,TENANT_ID) values ('e527a052-3a14-4379-8bd5-150c14726138','204','ba0d5a0d-7ea9-469a-a981-a00e2b8825ec','F3633607-8E8B-42A1-B777-6E2969072E58',null,null,null,null,null,null,null,null,null,0);
Insert into TBL_MENUITEM_ITEMS_MENUITEMS (UID_,PARENTUID,PARENTMENUID,OWNERPAGEID,DISPLAYNAME,DISPLAYNAME2,SUBFLAG,COLUMNPOS,IMAGEUID,LINKURL,LINKLOCATION,LEFTMARGIN,WINDOWOPTION,TENANT_ID) values ('464b8cc3-d778-4c6b-9a2b-221187d138b4','204','698d7b32-1fe1-4fcc-af02-643b08fddfce','F3633607-8E8B-42A1-B777-6E2969072E58',null,null,null,null,null,null,null,null,null,0);
Insert into TBL_MENUITEM_ITEMS_MENUITEMS (UID_,PARENTUID,PARENTMENUID,OWNERPAGEID,DISPLAYNAME,DISPLAYNAME2,SUBFLAG,COLUMNPOS,IMAGEUID,LINKURL,LINKLOCATION,LEFTMARGIN,WINDOWOPTION,TENANT_ID) values ('f3b97b60-a177-4086-a460-29c04db4a824','204','7d3b9b37-5975-4cf5-9096-1adb43f7e755','F3633607-8E8B-42A1-B777-6E2969072E58',null,null,null,null,null,null,null,null,null,0);

Insert into TBL_MENUITEM_ITEMS_MENUITEMS_S (UID_,PARENTMENUID,OWNERPAGEID,DISPLAYNAME,DISPLAYNAME2,COLUMNPOS,IMAGEUID,LINKURL,LINKLOCATION,WINDOWOPTION,TENANT_ID) values ('04fccf89-e849-4c87-b364-ce5768c67031','55b6ee75-bdbd-4690-821e-9e41ee14603c','d4dcceee-01f5-42da-9093-a243d3056204','承認・決裁待ち','承認・決裁待ち',1,' ','/ezApprovalG/apprGMain.do','main',' ',0);
Insert into TBL_MENUITEM_ITEMS_MENUITEMS_S (UID_,PARENTMENUID,OWNERPAGEID,DISPLAYNAME,DISPLAYNAME2,COLUMNPOS,IMAGEUID,LINKURL,LINKLOCATION,WINDOWOPTION,TENANT_ID) values ('0d99fc50-55f4-4243-b47b-bf36c7ae58aa','2e1803bc-9df3-412a-98ae-045fa345ed98','b0a4e923-d270-4353-9e81-e86c14424262','Address','Address',2,' ','/ezEmail/mailMain.do?funCode=2','main',' ',0);
Insert into TBL_MENUITEM_ITEMS_MENUITEMS_S (UID_,PARENTMENUID,OWNERPAGEID,DISPLAYNAME,DISPLAYNAME2,COLUMNPOS,IMAGEUID,LINKURL,LINKLOCATION,WINDOWOPTION,TENANT_ID) values ('101d7cc4-555d-4c8a-a108-b776fabdad47','a52e3c9c-171e-44aa-b540-b4311f357b55','d4dcceee-01f5-42da-9093-a243d3056204','起案した文書','起案した文書',3,' ','/ezApproval/apprMain.do?listType=2','main',' ',0);
Insert into TBL_MENUITEM_ITEMS_MENUITEMS_S (UID_,PARENTMENUID,OWNERPAGEID,DISPLAYNAME,DISPLAYNAME2,COLUMNPOS,IMAGEUID,LINKURL,LINKLOCATION,WINDOWOPTION,TENANT_ID) values ('14c7302b-063e-4ba7-8233-8e8f257a0551','94ef77fe-04fd-434a-8508-7fba98631bb8','d4dcceee-01f5-42da-9093-a243d3056204','私の掲示','私の掲示',2,' ','/ezBoard/boardMain.do?subFunc=1','main',' ',0);
Insert into TBL_MENUITEM_ITEMS_MENUITEMS_S (UID_,PARENTMENUID,OWNERPAGEID,DISPLAYNAME,DISPLAYNAME2,COLUMNPOS,IMAGEUID,LINKURL,LINKLOCATION,WINDOWOPTION,TENANT_ID) values ('22adf8b9-b12d-449b-9b91-ece274f32eb5','55b6ee75-bdbd-4690-821e-9e41ee14603c','d4dcceee-01f5-42da-9093-a243d3056204','起案した文書','起案した文書',3,' ','/ezApprovalG/apprGMain.do?listType=2','main',' ',0);
Insert into TBL_MENUITEM_ITEMS_MENUITEMS_S (UID_,PARENTMENUID,OWNERPAGEID,DISPLAYNAME,DISPLAYNAME2,COLUMNPOS,IMAGEUID,LINKURL,LINKLOCATION,WINDOWOPTION,TENANT_ID) values ('2341220c-33d9-430e-9a30-0cce35335552','55b6ee75-bdbd-4690-821e-9e41ee14603c','d4dcceee-01f5-42da-9093-a243d3056204','部署受信文書','部署受信文書',4,' ','/ezApprovalG/apprGMain.do?listType=4','main',' ',0);
Insert into TBL_MENUITEM_ITEMS_MENUITEMS_S (UID_,PARENTMENUID,OWNERPAGEID,DISPLAYNAME,DISPLAYNAME2,COLUMNPOS,IMAGEUID,LINKURL,LINKLOCATION,WINDOWOPTION,TENANT_ID) values ('26aa5ca6-986a-410c-8522-9b020580ee65','a52e3c9c-171e-44aa-b540-b4311f357b55','d4dcceee-01f5-42da-9093-a243d3056204','決裁進捗文書','決裁進捗文書',2,' ','/ezApproval/apprMain.do?listType=3','main',' ',0);
Insert into TBL_MENUITEM_ITEMS_MENUITEMS_S (UID_,PARENTMENUID,OWNERPAGEID,DISPLAYNAME,DISPLAYNAME2,COLUMNPOS,IMAGEUID,LINKURL,LINKLOCATION,WINDOWOPTION,TENANT_ID) values ('7d237704-4123-4c60-95cc-16b6b0a06642','b39f97e9-4272-45d2-bcda-2ceb6d6e46d0','F3633607-8E8B-42A1-B777-6E2969072E58','결재할문서','결재할문서_en',1,' ','/ezApprovalG/apprGMain.do','main',' ',0);
Insert into TBL_MENUITEM_ITEMS_MENUITEMS_S (UID_,PARENTMENUID,OWNERPAGEID,DISPLAYNAME,DISPLAYNAME2,COLUMNPOS,IMAGEUID,LINKURL,LINKLOCATION,WINDOWOPTION,TENANT_ID) values ('8d13543c-7747-4828-a141-1e28045ff722','09e1d12c-5ffd-4240-8791-020431a5c47b','F3633607-8E8B-42A1-B777-6E2969072E58','주소록','ezAddress',2,' ','/ezEmail/mailMain.do?funCode=2','main',' ',0);
Insert into TBL_MENUITEM_ITEMS_MENUITEMS_S (UID_,PARENTMENUID,OWNERPAGEID,DISPLAYNAME,DISPLAYNAME2,COLUMNPOS,IMAGEUID,LINKURL,LINKLOCATION,WINDOWOPTION,TENANT_ID) values ('9d853064-592b-4d07-a731-bd71b2832325','55b6ee75-bdbd-4690-821e-9e41ee14603c','d4dcceee-01f5-42da-9093-a243d3056204','決裁進行中文書',' 決裁進行中文書',2,' ','/ezApprovalG/apprGMain.do?listType=3','main',' ',0);
Insert into TBL_MENUITEM_ITEMS_MENUITEMS_S (UID_,PARENTMENUID,OWNERPAGEID,DISPLAYNAME,DISPLAYNAME2,COLUMNPOS,IMAGEUID,LINKURL,LINKLOCATION,WINDOWOPTION,TENANT_ID) values ('32c593d8-6d84-457c-bce3-28d66c15453b','1f613cb1-a2f6-4f73-8b89-f0511cd2f911','b0a4e923-d270-4353-9e81-e86c14424262','Reserved post','Reserved post',3,' ','/ezBoard/boardMain.do?subFunc=2','main',' ',0);
Insert into TBL_MENUITEM_ITEMS_MENUITEMS_S (UID_,PARENTMENUID,OWNERPAGEID,DISPLAYNAME,DISPLAYNAME2,COLUMNPOS,IMAGEUID,LINKURL,LINKLOCATION,WINDOWOPTION,TENANT_ID) values ('356bae53-0b8f-42af-b0e2-16cdd9a42a95','2e1803bc-9df3-412a-98ae-045fa345ed98','b0a4e923-d270-4353-9e81-e86c14424262','E-mail','E-mail',1,' ','/ezEmail/mailMain.do?funCode=1','main',' ',0);
Insert into TBL_MENUITEM_ITEMS_MENUITEMS_S (UID_,PARENTMENUID,OWNERPAGEID,DISPLAYNAME,DISPLAYNAME2,COLUMNPOS,IMAGEUID,LINKURL,LINKLOCATION,WINDOWOPTION,TENANT_ID) values ('39f98e56-8eaa-49e0-95cf-b64fa2697f04','d00d04fb-3d8f-466c-9f0f-7fc974954c1c','b0a4e923-d270-4353-9e81-e86c14424262','Proposed','Proposed',4,' ','/ezApprovalG/apprGMain.do?listType=2','main',' ',0);
Insert into TBL_MENUITEM_ITEMS_MENUITEMS_S (UID_,PARENTMENUID,OWNERPAGEID,DISPLAYNAME,DISPLAYNAME2,COLUMNPOS,IMAGEUID,LINKURL,LINKLOCATION,WINDOWOPTION,TENANT_ID) values ('3a666e56-b5c5-4dc3-b455-2a4b607ce332','1dc7d4e1-303f-4d13-a8b6-d5ebf8f3f32d','F3633607-8E8B-42A1-B777-6E2969072E58','즐겨찾기','즐겨찾기_en',2,' ','/ezBoard/boardMain.do?subFunc=1','main',' ',0);
Insert into TBL_MENUITEM_ITEMS_MENUITEMS_S (UID_,PARENTMENUID,OWNERPAGEID,DISPLAYNAME,DISPLAYNAME2,COLUMNPOS,IMAGEUID,LINKURL,LINKLOCATION,WINDOWOPTION,TENANT_ID) values ('4046c701-2829-4dc9-8814-02bff616d2c4','7acbc603-5383-4da4-ae14-523112a5c167','b0a4e923-d270-4353-9e81-e86c14424262','Proposed','Proposed',3,' ','/ezApproval/apprMain.do?listType=2','main',' ',0);
Insert into TBL_MENUITEM_ITEMS_MENUITEMS_S (UID_,PARENTMENUID,OWNERPAGEID,DISPLAYNAME,DISPLAYNAME2,COLUMNPOS,IMAGEUID,LINKURL,LINKLOCATION,WINDOWOPTION,TENANT_ID) values ('449adeff-b4db-4840-8fb6-9436fcaaf9df','a52e3c9c-171e-44aa-b540-b4311f357b55','d4dcceee-01f5-42da-9093-a243d3056204','部署受信箱','部署受信箱',4,' ','/ezApproval/apprMain.do?listType=4','main',' ',0);
Insert into TBL_MENUITEM_ITEMS_MENUITEMS_S (UID_,PARENTMENUID,OWNERPAGEID,DISPLAYNAME,DISPLAYNAME2,COLUMNPOS,IMAGEUID,LINKURL,LINKLOCATION,WINDOWOPTION,TENANT_ID) values ('451ef007-5316-472d-9a22-eeafbe8367e9','1dc7d4e1-303f-4d13-a8b6-d5ebf8f3f32d','F3633607-8E8B-42A1-B777-6E2969072E58','예약게시물','예약게시물_en',3,' ','/ezBoard/boardMain.do?subFunc=2','main',' ',0);
Insert into TBL_MENUITEM_ITEMS_MENUITEMS_S (UID_,PARENTMENUID,OWNERPAGEID,DISPLAYNAME,DISPLAYNAME2,COLUMNPOS,IMAGEUID,LINKURL,LINKLOCATION,WINDOWOPTION,TENANT_ID) values ('53fbc413-b279-4bc8-9a0b-e490660a6495','7acbc603-5383-4da4-ae14-523112a5c167','b0a4e923-d270-4353-9e81-e86c14424262','Dept.receipt folder','Dept.receipt folder',4,' ','/ezApproval/apprMain.do?listType=4','main',' ',0);
Insert into TBL_MENUITEM_ITEMS_MENUITEMS_S (UID_,PARENTMENUID,OWNERPAGEID,DISPLAYNAME,DISPLAYNAME2,COLUMNPOS,IMAGEUID,LINKURL,LINKLOCATION,WINDOWOPTION,TENANT_ID) values ('55eaf17c-55e9-485a-9b82-a5096d47a19c','1dc7d4e1-303f-4d13-a8b6-d5ebf8f3f32d','F3633607-8E8B-42A1-B777-6E2969072E58','전자설문','ezQuestion',4,' ','/ezBoard/boardMain.do?func=1','main',' ',0);
Insert into TBL_MENUITEM_ITEMS_MENUITEMS_S (UID_,PARENTMENUID,OWNERPAGEID,DISPLAYNAME,DISPLAYNAME2,COLUMNPOS,IMAGEUID,LINKURL,LINKLOCATION,WINDOWOPTION,TENANT_ID) values ('45eaf17c-55e9-326j-12hf-b6096d47789g','1dc7d4e1-303f-4d13-a8b6-d5ebf8f3f32d','F3633607-8E8B-42A1-B777-6E2969072E58','투표','ezPoll',5,' ','/ezBoard/boardMain.do?func=3','main',' ',0);
Insert into TBL_MENUITEM_ITEMS_MENUITEMS_S (UID_,PARENTMENUID,OWNERPAGEID,DISPLAYNAME,DISPLAYNAME2,COLUMNPOS,IMAGEUID,LINKURL,LINKLOCATION,WINDOWOPTION,TENANT_ID) values ('63ad15a0-524c-4c30-b9d4-04cb6beae971','1dc7d4e1-303f-4d13-a8b6-d5ebf8f3f32d','F3633607-8E8B-42A1-B777-6E2969072E58','사다리게임','ezLadder',7,' ','/ezBoard/boardMain.do?func=4','main',' ',0);
Insert into TBL_MENUITEM_ITEMS_MENUITEMS_S (UID_,PARENTMENUID,OWNERPAGEID,DISPLAYNAME,DISPLAYNAME2,COLUMNPOS,IMAGEUID,LINKURL,LINKLOCATION,WINDOWOPTION,TENANT_ID) values ('57773384-f434-4450-92eb-1bdfe7e8a725','d00d04fb-3d8f-466c-9f0f-7fc974954c1c','b0a4e923-d270-4353-9e81-e86c14424262','To be process','To be process',1,' ','/ezApprovalG/apprGMain.do','main',' ',0);
Insert into TBL_MENUITEM_ITEMS_MENUITEMS_S (UID_,PARENTMENUID,OWNERPAGEID,DISPLAYNAME,DISPLAYNAME2,COLUMNPOS,IMAGEUID,LINKURL,LINKLOCATION,WINDOWOPTION,TENANT_ID) values ('5f930a90-0a15-4a5a-a48e-2111e86bd503','04bc1910-6e80-4904-9da2-e6c86eccc366','d4dcceee-01f5-42da-9093-a243d3056204','アドレス帳','アドレス帳',2,' ','/ezEmail/mailMain.do?funCode=2','main',' ',0);
Insert into TBL_MENUITEM_ITEMS_MENUITEMS_S (UID_,PARENTMENUID,OWNERPAGEID,DISPLAYNAME,DISPLAYNAME2,COLUMNPOS,IMAGEUID,LINKURL,LINKLOCATION,WINDOWOPTION,TENANT_ID) values ('64f2e977-8759-43a4-b746-555378d22274','d00d04fb-3d8f-466c-9f0f-7fc974954c1c','b0a4e923-d270-4353-9e81-e86c14424262','In process','In process',2,' ','/ezApprovalG/apprGMain.do?listType=3','main',' ',0);
Insert into TBL_MENUITEM_ITEMS_MENUITEMS_S (UID_,PARENTMENUID,OWNERPAGEID,DISPLAYNAME,DISPLAYNAME2,COLUMNPOS,IMAGEUID,LINKURL,LINKLOCATION,WINDOWOPTION,TENANT_ID) values ('9f3651b2-fb17-429b-88db-b9d91cadfdbe','1dc7d4e1-303f-4d13-a8b6-d5ebf8f3f32d','F3633607-8E8B-42A1-B777-6E2969072E58','즐겨찾기','즐겨찾기_en',1,' ','/ezBoard/boardMain.do','main',' ',0);
Insert into TBL_MENUITEM_ITEMS_MENUITEMS_S (UID_,PARENTMENUID,OWNERPAGEID,DISPLAYNAME,DISPLAYNAME2,COLUMNPOS,IMAGEUID,LINKURL,LINKLOCATION,WINDOWOPTION,TENANT_ID) values ('a463482f-2e87-4ab1-be9f-e0ed5e054f76','1f613cb1-a2f6-4f73-8b89-f0511cd2f911','b0a4e923-d270-4353-9e81-e86c14424262','My Posts','My Posts',2,' ','/ezBoard/boardMain.do?subFunc=1','main',' ',0);
Insert into TBL_MENUITEM_ITEMS_MENUITEMS_S (UID_,PARENTMENUID,OWNERPAGEID,DISPLAYNAME,DISPLAYNAME2,COLUMNPOS,IMAGEUID,LINKURL,LINKLOCATION,WINDOWOPTION,TENANT_ID) values ('a8ec0f1d-e9f5-4689-a953-5338ce70f75c','7acbc603-5383-4da4-ae14-523112a5c167','b0a4e923-d270-4353-9e81-e86c14424262','To be process','To be process',1,' ','/ezApproval/apprMain.do','main',' ',0);
Insert into TBL_MENUITEM_ITEMS_MENUITEMS_S (UID_,PARENTMENUID,OWNERPAGEID,DISPLAYNAME,DISPLAYNAME2,COLUMNPOS,IMAGEUID,LINKURL,LINKLOCATION,WINDOWOPTION,TENANT_ID) values ('ad35d4e0-d885-43dc-899a-9c0ec92add53','1f613cb1-a2f6-4f73-8b89-f0511cd2f911','b0a4e923-d270-4353-9e81-e86c14424262','Favorites','Favorites',1,' ','/ezBoard/boardMain.do','main',' ',0);
Insert into TBL_MENUITEM_ITEMS_MENUITEMS_S (UID_,PARENTMENUID,OWNERPAGEID,DISPLAYNAME,DISPLAYNAME2,COLUMNPOS,IMAGEUID,LINKURL,LINKLOCATION,WINDOWOPTION,TENANT_ID) values ('c443c133-3172-4e22-b681-5edb5318628a','94ef77fe-04fd-434a-8508-7fba98631bb8','d4dcceee-01f5-42da-9093-a243d3056204','電子アンケート','電子アンケート',4,' ','/ezBoard/boardMain.do?func=1','main',' ',0);
Insert into TBL_MENUITEM_ITEMS_MENUITEMS_S (UID_,PARENTMENUID,OWNERPAGEID,DISPLAYNAME,DISPLAYNAME2,COLUMNPOS,IMAGEUID,LINKURL,LINKLOCATION,WINDOWOPTION,TENANT_ID) values ('c422d596-4890-8h34-g556-6sgj4236289t','94ef77fe-04fd-434a-8508-7fba98631bb8','d4dcceee-01f5-42da-9093-a243d3056204','投票','投票',5,' ','/ezBoard/boardMain.do?func=3','main',' ',0);
Insert into TBL_MENUITEM_ITEMS_MENUITEMS_S (UID_,PARENTMENUID,OWNERPAGEID,DISPLAYNAME,DISPLAYNAME2,COLUMNPOS,IMAGEUID,LINKURL,LINKLOCATION,WINDOWOPTION,TENANT_ID) values ('c54e8173-ad8f-43dd-a220-05e4cc979788','1f613cb1-a2f6-4f73-8b89-f0511cd2f911','b0a4e923-d270-4353-9e81-e86c14424262','Question','Question',4,' ','/ezBoard/boardMain.do?func=1','main',' ',0);
Insert into TBL_MENUITEM_ITEMS_MENUITEMS_S (UID_,PARENTMENUID,OWNERPAGEID,DISPLAYNAME,DISPLAYNAME2,COLUMNPOS,IMAGEUID,LINKURL,LINKLOCATION,WINDOWOPTION,TENANT_ID) values ('c76e9210-b9df-21gh-b110-34t2sg147345','1f613cb1-a2f6-4f73-8b89-f0511cd2f911','b0a4e923-d270-4353-9e81-e86c14424262','Vote','Vote',5,' ','/ezBoard/boardMain.do?func=3','main',' ',0);
Insert into TBL_MENUITEM_ITEMS_MENUITEMS_S (UID_,PARENTMENUID,OWNERPAGEID,DISPLAYNAME,DISPLAYNAME2,COLUMNPOS,IMAGEUID,LINKURL,LINKLOCATION,WINDOWOPTION,TENANT_ID) values ('c93e6f29-ac0a-46a4-84c2-ae809e9c7c9e','09e1d12c-5ffd-4240-8791-020431a5c47b','F3633607-8E8B-42A1-B777-6E2969072E58','메일','mail',1,' ','/ezEmail/mailMain.do?funCode=1','main',' ',0);
Insert into TBL_MENUITEM_ITEMS_MENUITEMS_S (UID_,PARENTMENUID,OWNERPAGEID,DISPLAYNAME,DISPLAYNAME2,COLUMNPOS,IMAGEUID,LINKURL,LINKLOCATION,WINDOWOPTION,TENANT_ID) values ('c9cd4fa8-4806-47e7-92c2-3daccb0bd6bb','b39f97e9-4272-45d2-bcda-2ceb6d6e46d0','F3633607-8E8B-42A1-B777-6E2969072E58','결재진행문서','결재진행문서_en',2,' ','/ezApprovalG/apprGMain.do?listType=3','main',' ',0);
Insert into TBL_MENUITEM_ITEMS_MENUITEMS_S (UID_,PARENTMENUID,OWNERPAGEID,DISPLAYNAME,DISPLAYNAME2,COLUMNPOS,IMAGEUID,LINKURL,LINKLOCATION,WINDOWOPTION,TENANT_ID) values ('ce4f389f-47bf-4cb8-ab86-76e049eb9dc8','a52e3c9c-171e-44aa-b540-b4311f357b55','d4dcceee-01f5-42da-9093-a243d3056204','決裁待ちの文書','決裁待ちの文書',1,' ','/ezApproval/apprMain.do','main',' ',0);
Insert into TBL_MENUITEM_ITEMS_MENUITEMS_S (UID_,PARENTMENUID,OWNERPAGEID,DISPLAYNAME,DISPLAYNAME2,COLUMNPOS,IMAGEUID,LINKURL,LINKLOCATION,WINDOWOPTION,TENANT_ID) values ('8755e9ee-b116-4fa0-90c9-4ba174e33944','b39f97e9-4272-45d2-bcda-2ceb6d6e46d0','F3633607-8E8B-42A1-B777-6E2969072E58','회람수신함','회람수신함_en',4,' ','/ezApprovalG/apprGMain.do?listType=99','main',' ',0);
Insert into TBL_MENUITEM_ITEMS_MENUITEMS_S (UID_,PARENTMENUID,OWNERPAGEID,DISPLAYNAME,DISPLAYNAME2,COLUMNPOS,IMAGEUID,LINKURL,LINKLOCATION,WINDOWOPTION,TENANT_ID) values ('cffefdb6-e3d5-4336-a1e9-1e1a973981eb','b39f97e9-4272-45d2-bcda-2ceb6d6e46d0','F3633607-8E8B-42A1-B777-6E2969072E58','부서수신함','부서수신함_en',5,' ','/ezApprovalG/apprGMain.do?listType=4','main',' ',0);
Insert into TBL_MENUITEM_ITEMS_MENUITEMS_S (UID_,PARENTMENUID,OWNERPAGEID,DISPLAYNAME,DISPLAYNAME2,COLUMNPOS,IMAGEUID,LINKURL,LINKLOCATION,WINDOWOPTION,TENANT_ID) values ('d3dfdede-b4c7-48d6-a6e6-0b14f54d3ed9','04bc1910-6e80-4904-9da2-e6c86eccc366','d4dcceee-01f5-42da-9093-a243d3056204','メール','メール',1,' ','/ezEmail/mailMain.do?funCode=1','main',' ',0);
Insert into TBL_MENUITEM_ITEMS_MENUITEMS_S (UID_,PARENTMENUID,OWNERPAGEID,DISPLAYNAME,DISPLAYNAME2,COLUMNPOS,IMAGEUID,LINKURL,LINKLOCATION,WINDOWOPTION,TENANT_ID) values ('d48b3355-defd-4a62-b373-3369f7f46bb3','b39f97e9-4272-45d2-bcda-2ceb6d6e46d0','F3633607-8E8B-42A1-B777-6E2969072E58','기안한문서','기안한문서_en',3,' ','/ezApprovalG/apprGMain.do?listType=2','main',' ',0);
Insert into TBL_MENUITEM_ITEMS_MENUITEMS_S (UID_,PARENTMENUID,OWNERPAGEID,DISPLAYNAME,DISPLAYNAME2,COLUMNPOS,IMAGEUID,LINKURL,LINKLOCATION,WINDOWOPTION,TENANT_ID) values ('d95e558c-e454-4e26-9ddf-688aba9aa89b','94ef77fe-04fd-434a-8508-7fba98631bb8','d4dcceee-01f5-42da-9093-a243d3056204','お気に入り','お気に入り',1,' ','/ezBoard/boardMain.do','main',' ',0);
Insert into TBL_MENUITEM_ITEMS_MENUITEMS_S (UID_,PARENTMENUID,OWNERPAGEID,DISPLAYNAME,DISPLAYNAME2,COLUMNPOS,IMAGEUID,LINKURL,LINKLOCATION,WINDOWOPTION,TENANT_ID) values ('e3d09096-0258-4528-98d0-d2313a512897','7acbc603-5383-4da4-ae14-523112a5c167','b0a4e923-d270-4353-9e81-e86c14424262','In process','In process',2,' ','/ezApproval/apprMain.do?listType=3','main',' ',0);
Insert into TBL_MENUITEM_ITEMS_MENUITEMS_S (UID_,PARENTMENUID,OWNERPAGEID,DISPLAYNAME,DISPLAYNAME2,COLUMNPOS,IMAGEUID,LINKURL,LINKLOCATION,WINDOWOPTION,TENANT_ID) values ('f4fa93e8-e87d-4a21-ae9a-36099e8b3d56','d00d04fb-3d8f-466c-9f0f-7fc974954c1c','b0a4e923-d270-4353-9e81-e86c14424262','Dept.receipt folder','Dept.receipt folder',3,' ','/ezApprovalG/apprGMain.do?listType=4','main',' ',0);
Insert into TBL_MENUITEM_ITEMS_MENUITEMS_S (UID_,PARENTMENUID,OWNERPAGEID,DISPLAYNAME,DISPLAYNAME2,COLUMNPOS,IMAGEUID,LINKURL,LINKLOCATION,WINDOWOPTION,TENANT_ID) values ('fff4584e-3c0c-4b2f-98e5-4834138de988','94ef77fe-04fd-434a-8508-7fba98631bb8','d4dcceee-01f5-42da-9093-a243d3056204','予約掲示','予約掲示',3,' ','/ezBoard/boardMain.do?subFunc=2','main',' ',0);
Insert into TBL_MENUITEM_ITEMS_MENUITEMS_S (UID_,PARENTMENUID,OWNERPAGEID,DISPLAYNAME,DISPLAYNAME2,COLUMNPOS,IMAGEUID,LINKURL,LINKLOCATION,WINDOWOPTION,TENANT_ID) values ('9c7cfadb-4f21-4cbf-94b9-60669936a9f8','6cdb78b7-ae72-48ce-990f-5c0f6838fbbc','F3633607-8E8B-42A1-B777-6E2969072E58','업무관리','ToDo',1,' ','/ezSchedule/scheduleIndex.do?funCode=3','main',' ',0);

Insert into TBL_PORTALPAGE_CATEGORY (CATEGORY,DISPLAYNAME,TENANT_ID) values ('1','마이포탈',0);
Insert into TBL_PORTALPAGE_CATEGORY (CATEGORY,DISPLAYNAME,TENANT_ID) values ('2','비즈메카',0);
Insert into TBL_PORTALPAGE_CATEGORY (CATEGORY,DISPLAYNAME,TENANT_ID) values ('3','교수포탈',0);

Insert into TBL_PORTALPAGE_GENERAL (UID_,PARENTUID,DEPTH,DISPLAYNAME,DISPLAYNAME2,CREATORID,CREATORNAME,CREATEDATE,MODIFYDATE,WIDTH,HEIGHT,ROWLENGTH,COLUMNLENGTH,ROWSPLIT,COLUMNSPLIT,GUBUNFLAG,USEFLAG,COMPANYID,BASETYPE,THEMEUID,DEFAULTPAGE,TABLEVIEWOPTION,TENANT_ID) values ('ba3541ea-8da9-4fcf-b24b-29b1fb1aedf6','top',1,'ba3541ea-8da9-4fcf-b24b-29b1fb1aedf6',null,'gisa1','기사원','14/06/27',null,-1,225,0,3,null,'250;250;9999;','1',null,'S907000',null,'f2de22b9-9a3f-49a9-884b-2e179e564cbf',null,'D',0);
Insert into TBL_PORTALPAGE_GENERAL (UID_,PARENTUID,DEPTH,DISPLAYNAME,DISPLAYNAME2,CREATORID,CREATORNAME,CREATEDATE,MODIFYDATE,WIDTH,HEIGHT,ROWLENGTH,COLUMNLENGTH,ROWSPLIT,COLUMNSPLIT,GUBUNFLAG,USEFLAG,COMPANYID,BASETYPE,THEMEUID,DEFAULTPAGE,TABLEVIEWOPTION,TENANT_ID) values ('bd7d2263-939b-481e-ae95-7aa70e67c5c3','top',1,'A theme','A theme','gisa1','기사원','14/06/27',null,-1,500,0,1,null,'9999;','1','Y         ','S907000',null,'f2de22b9-9a3f-49a9-884b-2e179e564cbf','Y','D',0);
Insert into TBL_PORTALPAGE_GENERAL (UID_,PARENTUID,DEPTH,DISPLAYNAME,DISPLAYNAME2,CREATORID,CREATORNAME,CREATEDATE,MODIFYDATE,WIDTH,HEIGHT,ROWLENGTH,COLUMNLENGTH,ROWSPLIT,COLUMNSPLIT,GUBUNFLAG,USEFLAG,COMPANYID,BASETYPE,THEMEUID,DEFAULTPAGE,TABLEVIEWOPTION,TENANT_ID) values ('d6e9c786-3af3-4c46-809d-267c2fd96976','top',1,'d6e9c786-3af3-4c46-809d-267c2fd96976',null,'gisa1','기사원','14/06/27',null,-1,110,0,1,null,'9999;','1',null,'S907000',null,'f2de22b9-9a3f-49a9-884b-2e179e564cbf',null,'D',0);
Insert into TBL_PORTALPAGE_GENERAL (UID_,PARENTUID,DEPTH,DISPLAYNAME,DISPLAYNAME2,CREATORID,CREATORNAME,CREATEDATE,MODIFYDATE,WIDTH,HEIGHT,ROWLENGTH,COLUMNLENGTH,ROWSPLIT,COLUMNSPLIT,GUBUNFLAG,USEFLAG,COMPANYID,BASETYPE,THEMEUID,DEFAULTPAGE,TABLEVIEWOPTION,TENANT_ID) values ('d8dc7da6-7572-4853-801a-14072d823c65','top',1,'d8dc7da6-7572-4853-801a-14072d823c65',null,'gisa1','기사원','14/06/27',null,-1,110,0,3,null,'250;250;9999;','1',null,'S907000',null,'f2de22b9-9a3f-49a9-884b-2e179e564cbf',null,'D',0);
Insert into TBL_PORTALPAGE_GENERAL (UID_,PARENTUID,DEPTH,DISPLAYNAME,DISPLAYNAME2,CREATORID,CREATORNAME,CREATEDATE,MODIFYDATE,WIDTH,HEIGHT,ROWLENGTH,COLUMNLENGTH,ROWSPLIT,COLUMNSPLIT,GUBUNFLAG,USEFLAG,COMPANYID,BASETYPE,THEMEUID,DEFAULTPAGE,TABLEVIEWOPTION,TENANT_ID) values ('e6e189b3-6a83-4c5e-90f3-61cbfd50c59c','top',1,'e6e189b3-6a83-4c5e-90f3-61cbfd50c59c',null,'gisa1','기사원','14/06/27',null,-1,110,0,2,null,'500;9999;','1',null,'S907000',null,'f2de22b9-9a3f-49a9-884b-2e179e564cbf',null,'D',0);
Insert into TBL_PORTALPAGE_GENERAL (UID_,PARENTUID,DEPTH,DISPLAYNAME,DISPLAYNAME2,CREATORID,CREATORNAME,CREATEDATE,MODIFYDATE,WIDTH,HEIGHT,ROWLENGTH,COLUMNLENGTH,ROWSPLIT,COLUMNSPLIT,GUBUNFLAG,USEFLAG,COMPANYID,BASETYPE,THEMEUID,DEFAULTPAGE,TABLEVIEWOPTION,TENANT_ID) values ('054a5b35-d8d5-4b07-9e47-d7820bf59435','top',1,'054a5b35-d8d5-4b07-9e47-d7820bf59435',null,'gisa1','기사원','14/06/27',null,-1,110,0,3,null,'250;250;9999;','1',null,'S907000',null,'f2de22b9-9a3f-49a9-884b-2e179e564cbf',null,'D',0);
Insert into TBL_PORTALPAGE_GENERAL (UID_,PARENTUID,DEPTH,DISPLAYNAME,DISPLAYNAME2,CREATORID,CREATORNAME,CREATEDATE,MODIFYDATE,WIDTH,HEIGHT,ROWLENGTH,COLUMNLENGTH,ROWSPLIT,COLUMNSPLIT,GUBUNFLAG,USEFLAG,COMPANYID,BASETYPE,THEMEUID,DEFAULTPAGE,TABLEVIEWOPTION,TENANT_ID) values ('df178301-cfe4-46d9-8c0f-80e9f92673a9','top',1,'df178301-cfe4-46d9-8c0f-80e9f92673a9',null,'gisa1','gisa1','15/12/24',null,-1,110,0,1,null,'9999;','1',null,'S907000',null,'69ae464d-e0ab-4558-b42b-4c9679474377',null,'D',0);

Insert into TBL_PORTALPAGE_ITEMS (UID_,PAGEUID,PARENTPAGEUID,OWNERPAGEUID,PORTLETTYPE,DISPLAYNAME,WIDTH,HEIGHT,ROWPOS,COLUMNPOS,CANREMOVE,CANRESIZE,CANREPLACE,ALIGN,VALIGN,TOPMARGIN,BOTTOMMARGIN,LEFTMARGIN,RIGHTMARGIN,MANDATORY,TENANT_ID) values ('d6e9c786-3af3-4c46-809d-267c2fd96976','bd7d2263-939b-481e-ae95-7aa70e67c5c3','top','bd7d2263-939b-481e-ae95-7aa70e67c5c3',1,'bd7d2263-939b-481e-ae95-7aa70e67c5c3',0,100,10000,1,1,1,0,null,null,null,null,null,null,null,0);
Insert into TBL_PORTALPAGE_ITEMS (UID_,PAGEUID,PARENTPAGEUID,OWNERPAGEUID,PORTLETTYPE,DISPLAYNAME,WIDTH,HEIGHT,ROWPOS,COLUMNPOS,CANREMOVE,CANRESIZE,CANREPLACE,ALIGN,VALIGN,TOPMARGIN,BOTTOMMARGIN,LEFTMARGIN,RIGHTMARGIN,MANDATORY,TENANT_ID) values ('d8dc7da6-7572-4853-801a-14072d823c65','bd7d2263-939b-481e-ae95-7aa70e67c5c3','top','bd7d2263-939b-481e-ae95-7aa70e67c5c3',1,'bd7d2263-939b-481e-ae95-7aa70e67c5c3',0,110,150000,1,1,1,0,null,null,null,null,null,null,null,0);
Insert into TBL_PORTALPAGE_ITEMS (UID_,PAGEUID,PARENTPAGEUID,OWNERPAGEUID,PORTLETTYPE,DISPLAYNAME,WIDTH,HEIGHT,ROWPOS,COLUMNPOS,CANREMOVE,CANRESIZE,CANREPLACE,ALIGN,VALIGN,TOPMARGIN,BOTTOMMARGIN,LEFTMARGIN,RIGHTMARGIN,MANDATORY,TENANT_ID) values ('e6e189b3-6a83-4c5e-90f3-61cbfd50c59c','bd7d2263-939b-481e-ae95-7aa70e67c5c3','top','bd7d2263-939b-481e-ae95-7aa70e67c5c3',1,'bd7d2263-939b-481e-ae95-7aa70e67c5c3',0,110,60000,1,1,1,0,null,null,null,null,null,null,null,0);
Insert into TBL_PORTALPAGE_ITEMS (UID_,PAGEUID,PARENTPAGEUID,OWNERPAGEUID,PORTLETTYPE,DISPLAYNAME,WIDTH,HEIGHT,ROWPOS,COLUMNPOS,CANREMOVE,CANRESIZE,CANREPLACE,ALIGN,VALIGN,TOPMARGIN,BOTTOMMARGIN,LEFTMARGIN,RIGHTMARGIN,MANDATORY,TENANT_ID) values ('054a5b35-d8d5-4b07-9e47-d7820bf59435','bd7d2263-939b-481e-ae95-7aa70e67c5c3','top','bd7d2263-939b-481e-ae95-7aa70e67c5c3',1,'bd7d2263-939b-481e-ae95-7aa70e67c5c3',0,110,100000,1,1,1,0,null,null,null,null,null,null,null,0);
Insert into TBL_PORTALPAGE_ITEMS (UID_,PAGEUID,PARENTPAGEUID,OWNERPAGEUID,PORTLETTYPE,DISPLAYNAME,WIDTH,HEIGHT,ROWPOS,COLUMNPOS,CANREMOVE,CANRESIZE,CANREPLACE,ALIGN,VALIGN,TOPMARGIN,BOTTOMMARGIN,LEFTMARGIN,RIGHTMARGIN,MANDATORY,TENANT_ID) values ('0b4d7088-ea3c-4afb-ac2e-862cfa69bbb3','ba3541ea-8da9-4fcf-b24b-29b1fb1aedf6','top','bd7d2263-939b-481e-ae95-7aa70e67c5c3',0,'슬라이드이미지_포틀릿',517,225,10000,2,1,1,1,null,null,null,null,null,null,null,0);
Insert into TBL_PORTALPAGE_ITEMS (UID_,PAGEUID,PARENTPAGEUID,OWNERPAGEUID,PORTLETTYPE,DISPLAYNAME,WIDTH,HEIGHT,ROWPOS,COLUMNPOS,CANREMOVE,CANRESIZE,CANREPLACE,ALIGN,VALIGN,TOPMARGIN,BOTTOMMARGIN,LEFTMARGIN,RIGHTMARGIN,MANDATORY,TENANT_ID) values ('8af6e9a5-0970-45a9-9495-ba0c7a9163fd','e6e189b3-6a83-4c5e-90f3-61cbfd50c59c','top','bd7d2263-939b-481e-ae95-7aa70e67c5c3',0,'결재_메일 통합 포틀릿',797,235,40000,1,1,1,0,null,null,null,null,null,null,null,0);
Insert into TBL_PORTALPAGE_ITEMS (UID_,PAGEUID,PARENTPAGEUID,OWNERPAGEUID,PORTLETTYPE,DISPLAYNAME,WIDTH,HEIGHT,ROWPOS,COLUMNPOS,CANREMOVE,CANRESIZE,CANREPLACE,ALIGN,VALIGN,TOPMARGIN,BOTTOMMARGIN,LEFTMARGIN,RIGHTMARGIN,MANDATORY,TENANT_ID) values ('8fd70c9a-83b2-4294-a57b-9a59abe3850d','054a5b35-d8d5-4b07-9e47-d7820bf59435','top','bd7d2263-939b-481e-ae95-7aa70e67c5c3',0,'설문통계_포틀릿',265,235,10000,2,1,1,0,null,null,null,null,null,null,null,0);
Insert into TBL_PORTALPAGE_ITEMS (UID_,PAGEUID,PARENTPAGEUID,OWNERPAGEUID,PORTLETTYPE,DISPLAYNAME,WIDTH,HEIGHT,ROWPOS,COLUMNPOS,CANREMOVE,CANRESIZE,CANREPLACE,ALIGN,VALIGN,TOPMARGIN,BOTTOMMARGIN,LEFTMARGIN,RIGHTMARGIN,MANDATORY,TENANT_ID) values ('9b157fdc-057d-4c5c-b036-f2107adf7f0b','d8dc7da6-7572-4853-801a-14072d823c65','top','bd7d2263-939b-481e-ae95-7aa70e67c5c3',0,'활용하기_포틀릿',230,225,110000,1,1,1,0,null,null,null,null,null,null,null,0);
Insert into TBL_PORTALPAGE_ITEMS (UID_,PAGEUID,PARENTPAGEUID,OWNERPAGEUID,PORTLETTYPE,DISPLAYNAME,WIDTH,HEIGHT,ROWPOS,COLUMNPOS,CANREMOVE,CANRESIZE,CANREPLACE,ALIGN,VALIGN,TOPMARGIN,BOTTOMMARGIN,LEFTMARGIN,RIGHTMARGIN,MANDATORY,TENANT_ID) values ('a2149765-4c0b-466c-9e61-310925139d3c','d6e9c786-3af3-4c46-809d-267c2fd96976','top','bd7d2263-939b-481e-ae95-7aa70e67c5c3',0,'사용자정보통합_포틀릿',1150,220,10000,1,1,1,0,null,null,null,null,null,null,null,0);
Insert into TBL_PORTALPAGE_ITEMS (UID_,PAGEUID,PARENTPAGEUID,OWNERPAGEUID,PORTLETTYPE,DISPLAYNAME,WIDTH,HEIGHT,ROWPOS,COLUMNPOS,CANREMOVE,CANRESIZE,CANREPLACE,ALIGN,VALIGN,TOPMARGIN,BOTTOMMARGIN,LEFTMARGIN,RIGHTMARGIN,MANDATORY,TENANT_ID) values ('ba3541ea-8da9-4fcf-b24b-29b1fb1aedf6','bd7d2263-939b-481e-ae95-7aa70e67c5c3','top','bd7d2263-939b-481e-ae95-7aa70e67c5c3',1,'bd7d2263-939b-481e-ae95-7aa70e67c5c3',0,225,30000,1,1,1,0,null,null,null,null,null,null,null,0);
Insert into TBL_PORTALPAGE_ITEMS (UID_,PAGEUID,PARENTPAGEUID,OWNERPAGEUID,PORTLETTYPE,DISPLAYNAME,WIDTH,HEIGHT,ROWPOS,COLUMNPOS,CANREMOVE,CANRESIZE,CANREPLACE,ALIGN,VALIGN,TOPMARGIN,BOTTOMMARGIN,LEFTMARGIN,RIGHTMARGIN,MANDATORY,TENANT_ID) values ('c06b1862-ce83-4472-91d7-fd92cee3a7ac','d8dc7da6-7572-4853-801a-14072d823c65','top','bd7d2263-939b-481e-ae95-7aa70e67c5c3',0,'포토게시판_포틀릿',558,225,10000,2,1,1,1,null,null,null,null,null,null,'2         ',0);
Insert into TBL_PORTALPAGE_ITEMS (UID_,PAGEUID,PARENTPAGEUID,OWNERPAGEUID,PORTLETTYPE,DISPLAYNAME,WIDTH,HEIGHT,ROWPOS,COLUMNPOS,CANREMOVE,CANRESIZE,CANREPLACE,ALIGN,VALIGN,TOPMARGIN,BOTTOMMARGIN,LEFTMARGIN,RIGHTMARGIN,MANDATORY,TENANT_ID) values ('c08c6efa-7494-4185-b1dc-09ecc908f683','ba3541ea-8da9-4fcf-b24b-29b1fb1aedf6','top','bd7d2263-939b-481e-ae95-7aa70e67c5c3',0,'공지게시판_포틀릿',280,225,20000,1,1,1,1,null,null,null,null,null,null,null,0);
Insert into TBL_PORTALPAGE_ITEMS (UID_,PAGEUID,PARENTPAGEUID,OWNERPAGEUID,PORTLETTYPE,DISPLAYNAME,WIDTH,HEIGHT,ROWPOS,COLUMNPOS,CANREMOVE,CANRESIZE,CANREPLACE,ALIGN,VALIGN,TOPMARGIN,BOTTOMMARGIN,LEFTMARGIN,RIGHTMARGIN,MANDATORY,TENANT_ID) values ('c1479aa0-824d-43ff-a7f6-999ad660378a','ba3541ea-8da9-4fcf-b24b-29b1fb1aedf6','top','bd7d2263-939b-481e-ae95-7aa70e67c5c3',0,'배너_우수사원_포틀릿',330,225,10000,3,1,1,0,null,null,null,null,null,null,null,0);
Insert into TBL_PORTALPAGE_ITEMS (UID_,PAGEUID,PARENTPAGEUID,OWNERPAGEUID,PORTLETTYPE,DISPLAYNAME,WIDTH,HEIGHT,ROWPOS,COLUMNPOS,CANREMOVE,CANRESIZE,CANREPLACE,ALIGN,VALIGN,TOPMARGIN,BOTTOMMARGIN,LEFTMARGIN,RIGHTMARGIN,MANDATORY,TENANT_ID) values ('a37406b2-7a0a-48b0-a2a9-aacf811e9bd4','d8dc7da6-7572-4853-801a-14072d823c65','top','bd7d2263-939b-481e-ae95-7aa70e67c5c3',0,'직원생일_포틀릿',338,225,10000,3,1,1,1,null,null,null,null,null,null,null,0);
Insert into TBL_PORTALPAGE_ITEMS (UID_,PAGEUID,PARENTPAGEUID,OWNERPAGEUID,PORTLETTYPE,DISPLAYNAME,WIDTH,HEIGHT,ROWPOS,COLUMNPOS,CANREMOVE,CANRESIZE,CANREPLACE,ALIGN,VALIGN,TOPMARGIN,BOTTOMMARGIN,LEFTMARGIN,RIGHTMARGIN,MANDATORY,TENANT_ID) values ('f90b6413-c94c-4c6f-abe5-39480da308f1','e6e189b3-6a83-4c5e-90f3-61cbfd50c59c','top','bd7d2263-939b-481e-ae95-7aa70e67c5c3',0,'우수커뮤니티_포틀릿',330,235,10000,2,1,1,1,null,null,null,null,null,null,null,0);
Insert into TBL_PORTALPAGE_ITEMS (UID_,PAGEUID,PARENTPAGEUID,OWNERPAGEUID,PORTLETTYPE,DISPLAYNAME,WIDTH,HEIGHT,ROWPOS,COLUMNPOS,CANREMOVE,CANRESIZE,CANREPLACE,ALIGN,VALIGN,TOPMARGIN,BOTTOMMARGIN,LEFTMARGIN,RIGHTMARGIN,MANDATORY,TENANT_ID) values ('7851b606-aa1c-4f96-ba9b-562432b922a6','054a5b35-d8d5-4b07-9e47-d7820bf59435','top','bd7d2263-939b-481e-ae95-7aa70e67c5c3',0,'결재사용현황_포틀릿',348,235,10000,3,1,1,1,null,null,null,null,null,null,null,0);
Insert into TBL_PORTALPAGE_ITEMS (UID_,PAGEUID,PARENTPAGEUID,OWNERPAGEUID,PORTLETTYPE,DISPLAYNAME,WIDTH,HEIGHT,ROWPOS,COLUMNPOS,CANREMOVE,CANRESIZE,CANREPLACE,ALIGN,VALIGN,TOPMARGIN,BOTTOMMARGIN,LEFTMARGIN,RIGHTMARGIN,MANDATORY,TENANT_ID) values ('94dfe6d0-043a-4284-bde5-8275aba64d6e','054a5b35-d8d5-4b07-9e47-d7820bf59435','top','bd7d2263-939b-481e-ae95-7aa70e67c5c3',0,'마이게시판_포틀릿',512,235,70000,1,1,1,1,null,null,null,null,null,null,null,0);

Insert into TBL_PORTAL_ACL (UID_,ACCESSID,ACCESSNAME,VIEW_RIGHT,EDIT_RIGHT,TENANT_ID) values (' ','gisa1','gisa1',2,2,0);
Insert into TBL_PORTAL_ACL (UID_,ACCESSID,ACCESSNAME,VIEW_RIGHT,EDIT_RIGHT,TENANT_ID) values (' ','masteradmin','masteradmin',2,2,0);
Insert into TBL_PORTAL_ACL (UID_,ACCESSID,ACCESSNAME,VIEW_RIGHT,EDIT_RIGHT,TENANT_ID) values ('0260dc48-e5b6-477b-9a15-3ad6a9b31dd0','everyone','조직도',2,2,0);
Insert into TBL_PORTAL_ACL (UID_,ACCESSID,ACCESSNAME,VIEW_RIGHT,EDIT_RIGHT,TENANT_ID) values ('04bc1910-6e80-4904-9da2-e6c86eccc366','everyone','ENG_조직도',2,2,0);
Insert into TBL_PORTAL_ACL (UID_,ACCESSID,ACCESSNAME,VIEW_RIGHT,EDIT_RIGHT,TENANT_ID) values ('04fccf89-e849-4c87-b364-ce5768c67031','everyone','조직도',2,2,0);
Insert into TBL_PORTAL_ACL (UID_,ACCESSID,ACCESSNAME,VIEW_RIGHT,EDIT_RIGHT,TENANT_ID) values ('07350485-7e46-4dc6-a8ec-1d6ca89ac7ed','everyone','조직도',2,2,0);
Insert into TBL_PORTAL_ACL (UID_,ACCESSID,ACCESSNAME,VIEW_RIGHT,EDIT_RIGHT,TENANT_ID) values ('08eb7695-3b27-4003-b5c4-eea1a99bbd05','everyone','조직도',2,2,0);
Insert into TBL_PORTAL_ACL (UID_,ACCESSID,ACCESSNAME,VIEW_RIGHT,EDIT_RIGHT,TENANT_ID) values ('09e1d12c-5ffd-4240-8791-020431a5c47b','everyone','조직도',2,2,0);
Insert into TBL_PORTAL_ACL (UID_,ACCESSID,ACCESSNAME,VIEW_RIGHT,EDIT_RIGHT,TENANT_ID) values ('0b4d7088-ea3c-4afb-ac2e-862cfa69bbb3','everyone','조직도',2,2,0);
Insert into TBL_PORTAL_ACL (UID_,ACCESSID,ACCESSNAME,VIEW_RIGHT,EDIT_RIGHT,TENANT_ID) values ('0d99fc50-55f4-4243-b47b-bf36c7ae58aa','everyone','조직도',2,2,0);
Insert into TBL_PORTAL_ACL (UID_,ACCESSID,ACCESSNAME,VIEW_RIGHT,EDIT_RIGHT,TENANT_ID) values ('0f3de424-a078-4165-87d5-4fd21534803c','gisa1','gisa1',2,2,0);
Insert into TBL_PORTAL_ACL (UID_,ACCESSID,ACCESSNAME,VIEW_RIGHT,EDIT_RIGHT,TENANT_ID) values ('0f3de424-a078-4165-87d5-4fd21534803c','masteradmin','masteradmin',2,2,0);
Insert into TBL_PORTAL_ACL (UID_,ACCESSID,ACCESSNAME,VIEW_RIGHT,EDIT_RIGHT,TENANT_ID) values ('101d7cc4-555d-4c8a-a108-b776fabdad47','everyone','조직도',2,2,0);
Insert into TBL_PORTAL_ACL (UID_,ACCESSID,ACCESSNAME,VIEW_RIGHT,EDIT_RIGHT,TENANT_ID) values ('14c7302b-063e-4ba7-8233-8e8f257a0551','everyone','조직도',2,2,0);
Insert into TBL_PORTAL_ACL (UID_,ACCESSID,ACCESSNAME,VIEW_RIGHT,EDIT_RIGHT,TENANT_ID) values ('64f2e977-8759-43a4-b746-555378d22274','everyone','조직도',2,2,0);
Insert into TBL_PORTAL_ACL (UID_,ACCESSID,ACCESSNAME,VIEW_RIGHT,EDIT_RIGHT,TENANT_ID) values ('69b6d233-c50d-4b38-bb50-5bf51c02c35b','everyone','조직도',2,2,0);
Insert into TBL_PORTAL_ACL (UID_,ACCESSID,ACCESSNAME,VIEW_RIGHT,EDIT_RIGHT,TENANT_ID) values ('69f68282-5617-45ca-9118-27b6170df5c3','everyone','조직도',2,2,0);
Insert into TBL_PORTAL_ACL (UID_,ACCESSID,ACCESSNAME,VIEW_RIGHT,EDIT_RIGHT,TENANT_ID) values ('6cdb78b7-ae72-48ce-990f-5c0f6838fbbc','everyone','조직도',2,2,0);
Insert into TBL_PORTAL_ACL (UID_,ACCESSID,ACCESSNAME,VIEW_RIGHT,EDIT_RIGHT,TENANT_ID) values ('6db81dc5-e8ba-49c8-b625-df4fd375a43a','everyone','조직도',2,2,0);
Insert into TBL_PORTAL_ACL (UID_,ACCESSID,ACCESSNAME,VIEW_RIGHT,EDIT_RIGHT,TENANT_ID) values ('70fd0c61-af80-4f22-bf6e-d17d3f666bf9','everyone','조직도',2,2,0);
Insert into TBL_PORTAL_ACL (UID_,ACCESSID,ACCESSNAME,VIEW_RIGHT,EDIT_RIGHT,TENANT_ID) values ('73fc6012-c812-4a54-bdc1-0bc580f837a4','everyone','ENG_조직도',2,2,0);
Insert into TBL_PORTAL_ACL (UID_,ACCESSID,ACCESSNAME,VIEW_RIGHT,EDIT_RIGHT,TENANT_ID) values ('7851b606-aa1c-4f96-ba9b-562432b922a6','everyone','조직도',2,2,0);
Insert into TBL_PORTAL_ACL (UID_,ACCESSID,ACCESSNAME,VIEW_RIGHT,EDIT_RIGHT,TENANT_ID) values ('7acbc603-5383-4da4-ae14-523112a5c167','everyone','ENG_조직도',2,2,0);
Insert into TBL_PORTAL_ACL (UID_,ACCESSID,ACCESSNAME,VIEW_RIGHT,EDIT_RIGHT,TENANT_ID) values ('1db3cf2c-742e-4958-8f9f-557bb08aec75','everyone','조직도',2,1,0);
Insert into TBL_PORTAL_ACL (UID_,ACCESSID,ACCESSNAME,VIEW_RIGHT,EDIT_RIGHT,TENANT_ID) values ('1dc7d4e1-303f-4d13-a8b6-d5ebf8f3f32d','everyone','조직도',2,2,0);
Insert into TBL_PORTAL_ACL (UID_,ACCESSID,ACCESSNAME,VIEW_RIGHT,EDIT_RIGHT,TENANT_ID) values ('1f613cb1-a2f6-4f73-8b89-f0511cd2f911','everyone','ENG_조직도',2,2,0);
Insert into TBL_PORTAL_ACL (UID_,ACCESSID,ACCESSNAME,VIEW_RIGHT,EDIT_RIGHT,TENANT_ID) values ('22adf8b9-b12d-449b-9b91-ece274f32eb5','everyone','조직도',2,2,0);
Insert into TBL_PORTAL_ACL (UID_,ACCESSID,ACCESSNAME,VIEW_RIGHT,EDIT_RIGHT,TENANT_ID) values ('2341220c-33d9-430e-9a30-0cce35335552','everyone','조직도',2,2,0);
Insert into TBL_PORTAL_ACL (UID_,ACCESSID,ACCESSNAME,VIEW_RIGHT,EDIT_RIGHT,TENANT_ID) values ('26aa5ca6-986a-410c-8522-9b020580ee65','everyone','조직도',2,2,0);
Insert into TBL_PORTAL_ACL (UID_,ACCESSID,ACCESSNAME,VIEW_RIGHT,EDIT_RIGHT,TENANT_ID) values ('28e8af74-de0c-4e3e-a392-0e63ff623981','everyone','조직도',2,2,0);
Insert into TBL_PORTAL_ACL (UID_,ACCESSID,ACCESSNAME,VIEW_RIGHT,EDIT_RIGHT,TENANT_ID) values ('2e1803bc-9df3-412a-98ae-045fa345ed98','everyone','ENG_조직도',2,2,0);
Insert into TBL_PORTAL_ACL (UID_,ACCESSID,ACCESSNAME,VIEW_RIGHT,EDIT_RIGHT,TENANT_ID) values ('2f9e65ff-b89b-4089-819c-8a1dd13561ae','everyone','조직도',2,2,0);
Insert into TBL_PORTAL_ACL (UID_,ACCESSID,ACCESSNAME,VIEW_RIGHT,EDIT_RIGHT,TENANT_ID) values ('32c593d8-6d84-457c-bce3-28d66c15453b','everyone','조직도',2,2,0);
Insert into TBL_PORTAL_ACL (UID_,ACCESSID,ACCESSNAME,VIEW_RIGHT,EDIT_RIGHT,TENANT_ID) values ('356bae53-0b8f-42af-b0e2-16cdd9a42a95','everyone','조직도',2,2,0);
Insert into TBL_PORTAL_ACL (UID_,ACCESSID,ACCESSNAME,VIEW_RIGHT,EDIT_RIGHT,TENANT_ID) values ('37e4a9c1-a923-4ba6-9f08-2757cf4d4693','everyone','조직도',2,2,0);
Insert into TBL_PORTAL_ACL (UID_,ACCESSID,ACCESSNAME,VIEW_RIGHT,EDIT_RIGHT,TENANT_ID) values ('39f98e56-8eaa-49e0-95cf-b64fa2697f04','everyone','조직도',2,2,0);
Insert into TBL_PORTAL_ACL (UID_,ACCESSID,ACCESSNAME,VIEW_RIGHT,EDIT_RIGHT,TENANT_ID) values ('3a666e56-b5c5-4dc3-b455-2a4b607ce332','everyone','조직도',2,2,0);
Insert into TBL_PORTAL_ACL (UID_,ACCESSID,ACCESSNAME,VIEW_RIGHT,EDIT_RIGHT,TENANT_ID) values ('4046c701-2829-4dc9-8814-02bff616d2c4','everyone','조직도',2,2,0);
Insert into TBL_PORTAL_ACL (UID_,ACCESSID,ACCESSNAME,VIEW_RIGHT,EDIT_RIGHT,TENANT_ID) values ('4330099a-4889-497b-ac76-912fc6e10994','everyone','ENG_조직도',2,2,0);
Insert into TBL_PORTAL_ACL (UID_,ACCESSID,ACCESSNAME,VIEW_RIGHT,EDIT_RIGHT,TENANT_ID) values ('43bd6bc5-808b-4a2f-b0a9-da4abf1bb7b2','everyone','조직도',2,2,0);
Insert into TBL_PORTAL_ACL (UID_,ACCESSID,ACCESSNAME,VIEW_RIGHT,EDIT_RIGHT,TENANT_ID) values ('449adeff-b4db-4840-8fb6-9436fcaaf9df','everyone','조직도',2,2,0);
Insert into TBL_PORTAL_ACL (UID_,ACCESSID,ACCESSNAME,VIEW_RIGHT,EDIT_RIGHT,TENANT_ID) values ('451ef007-5316-472d-9a22-eeafbe8367e9','everyone','조직도',2,2,0);
Insert into TBL_PORTAL_ACL (UID_,ACCESSID,ACCESSNAME,VIEW_RIGHT,EDIT_RIGHT,TENANT_ID) values ('4e9e1389-9e52-4896-8f40-1dd5a6bf59e9','everyone','조직도',2,2,0);
Insert into TBL_PORTAL_ACL (UID_,ACCESSID,ACCESSNAME,VIEW_RIGHT,EDIT_RIGHT,TENANT_ID) values ('53e846f4-3946-4614-a146-2866c14940dc','everyone','ENG_조직도',2,2,0);
Insert into TBL_PORTAL_ACL (UID_,ACCESSID,ACCESSNAME,VIEW_RIGHT,EDIT_RIGHT,TENANT_ID) values ('53fbc413-b279-4bc8-9a0b-e490660a6495','everyone','조직도',2,2,0);
Insert into TBL_PORTAL_ACL (UID_,ACCESSID,ACCESSNAME,VIEW_RIGHT,EDIT_RIGHT,TENANT_ID) values ('55eaf17c-55e9-485a-9b82-a5096d47a19c','everyone','조직도',2,2,0);
Insert into TBL_PORTAL_ACL (UID_,ACCESSID,ACCESSNAME,VIEW_RIGHT,EDIT_RIGHT,TENANT_ID) values ('45eaf17c-55e9-326j-12hf-b6096d47789g','everyone','조직도',2,2,0);
Insert into TBL_PORTAL_ACL (UID_,ACCESSID,ACCESSNAME,VIEW_RIGHT,EDIT_RIGHT,TENANT_ID) values ('63ad15a0-524c-4c30-b9d4-04cb6beae971','everyone','조직도',2,2,0);
Insert into TBL_PORTAL_ACL (UID_,ACCESSID,ACCESSNAME,VIEW_RIGHT,EDIT_RIGHT,TENANT_ID) values ('57773384-f434-4450-92eb-1bdfe7e8a725','everyone','조직도',2,2,0);
Insert into TBL_PORTAL_ACL (UID_,ACCESSID,ACCESSNAME,VIEW_RIGHT,EDIT_RIGHT,TENANT_ID) values ('5f930a90-0a15-4a5a-a48e-2111e86bd503','everyone','조직도',2,2,0);
Insert into TBL_PORTAL_ACL (UID_,ACCESSID,ACCESSNAME,VIEW_RIGHT,EDIT_RIGHT,TENANT_ID) values ('c06b1862-ce83-4472-91d7-fd92cee3a7ac','everyone','조직도',2,2,0);
Insert into TBL_PORTAL_ACL (UID_,ACCESSID,ACCESSNAME,VIEW_RIGHT,EDIT_RIGHT,TENANT_ID) values ('c1479aa0-824d-43ff-a7f6-999ad660378a','everyone','조직도',2,2,0);
Insert into TBL_PORTAL_ACL (UID_,ACCESSID,ACCESSNAME,VIEW_RIGHT,EDIT_RIGHT,TENANT_ID) values ('c2f44b2e-41f0-48c2-a7ea-607a58a0dd80','masteradmin','관리자',2,1,0);
Insert into TBL_PORTAL_ACL (UID_,ACCESSID,ACCESSNAME,VIEW_RIGHT,EDIT_RIGHT,TENANT_ID) values ('c443c133-3172-4e22-b681-5edb5318628a','everyone','조직도',2,2,0);
Insert into TBL_PORTAL_ACL (UID_,ACCESSID,ACCESSNAME,VIEW_RIGHT,EDIT_RIGHT,TENANT_ID) values ('c422d596-4890-8h34-g556-6sgj4236289t','everyone','조직도',2,2,0);
Insert into TBL_PORTAL_ACL (UID_,ACCESSID,ACCESSNAME,VIEW_RIGHT,EDIT_RIGHT,TENANT_ID) values ('c4736cf0-6cf0-42f1-979d-20678b68d171','everyone','ENG_조직도',2,2,0);
Insert into TBL_PORTAL_ACL (UID_,ACCESSID,ACCESSNAME,VIEW_RIGHT,EDIT_RIGHT,TENANT_ID) values ('c54e8173-ad8f-43dd-a220-05e4cc979788','everyone','조직도',2,2,0);
Insert into TBL_PORTAL_ACL (UID_,ACCESSID,ACCESSNAME,VIEW_RIGHT,EDIT_RIGHT,TENANT_ID) values ('c76e9210-b9df-21gh-b110-34t2sg147345','everyone','조직도',2,2,0);
Insert into TBL_PORTAL_ACL (UID_,ACCESSID,ACCESSNAME,VIEW_RIGHT,EDIT_RIGHT,TENANT_ID) values ('c93e6f29-ac0a-46a4-84c2-ae809e9c7c9e','everyone','조직도',2,2,0);
Insert into TBL_PORTAL_ACL (UID_,ACCESSID,ACCESSNAME,VIEW_RIGHT,EDIT_RIGHT,TENANT_ID) values ('c9cd4fa8-4806-47e7-92c2-3daccb0bd6bb','everyone','조직도',2,1,0);
Insert into TBL_PORTAL_ACL (UID_,ACCESSID,ACCESSNAME,VIEW_RIGHT,EDIT_RIGHT,TENANT_ID) values ('cc9b12f3-85b5-40c2-8f90-5db1b543d9a1','everyone','조직도',2,2,0);
Insert into TBL_PORTAL_ACL (UID_,ACCESSID,ACCESSNAME,VIEW_RIGHT,EDIT_RIGHT,TENANT_ID) values ('ce4f389f-47bf-4cb8-ab86-76e049eb9dc8','everyone','조직도',2,2,0);
Insert into TBL_PORTAL_ACL (UID_,ACCESSID,ACCESSNAME,VIEW_RIGHT,EDIT_RIGHT,TENANT_ID) values ('cf34747c-d809-461d-93d9-e50486ae3b68','everyone','조직도',2,2,0);
Insert into TBL_PORTAL_ACL (UID_,ACCESSID,ACCESSNAME,VIEW_RIGHT,EDIT_RIGHT,TENANT_ID) values ('8755e9ee-b116-4fa0-90c9-4ba174e33944','everyone','조직도',2,2,0);
Insert into TBL_PORTAL_ACL (UID_,ACCESSID,ACCESSNAME,VIEW_RIGHT,EDIT_RIGHT,TENANT_ID) values ('cffefdb6-e3d5-4336-a1e9-1e1a973981eb','everyone','조직도',2,2,0);
Insert into TBL_PORTAL_ACL (UID_,ACCESSID,ACCESSNAME,VIEW_RIGHT,EDIT_RIGHT,TENANT_ID) values ('d00d04fb-3d8f-466c-9f0f-7fc974954c1c','everyone','ENG_조직도',2,2,0);
Insert into TBL_PORTAL_ACL (UID_,ACCESSID,ACCESSNAME,VIEW_RIGHT,EDIT_RIGHT,TENANT_ID) values ('ea075496-9065-4f2a-b9f0-f8181ca1928d','everyone','조직도',2,2,0);
Insert into TBL_PORTAL_ACL (UID_,ACCESSID,ACCESSNAME,VIEW_RIGHT,EDIT_RIGHT,TENANT_ID) values ('edabe052-f573-4377-ad95-7743f9093151','everyone','조직도',2,2,0);
Insert into TBL_PORTAL_ACL (UID_,ACCESSID,ACCESSNAME,VIEW_RIGHT,EDIT_RIGHT,TENANT_ID) values ('f17d98c7-6331-428d-9d4e-421312eec8ee','everyone','조직도',2,2,0);
Insert into TBL_PORTAL_ACL (UID_,ACCESSID,ACCESSNAME,VIEW_RIGHT,EDIT_RIGHT,TENANT_ID) values ('f4fa93e8-e87d-4a21-ae9a-36099e8b3d56','everyone','조직도',2,2,0);
Insert into TBL_PORTAL_ACL (UID_,ACCESSID,ACCESSNAME,VIEW_RIGHT,EDIT_RIGHT,TENANT_ID) values ('f5c278f0-b62d-4437-8b08-1a81c2410497','everyone','조직도',2,2,0);
Insert into TBL_PORTAL_ACL (UID_,ACCESSID,ACCESSNAME,VIEW_RIGHT,EDIT_RIGHT,TENANT_ID) values ('f90b6413-c94c-4c6f-abe5-39480da308f1','everyone','조직도',2,2,0);
Insert into TBL_PORTAL_ACL (UID_,ACCESSID,ACCESSNAME,VIEW_RIGHT,EDIT_RIGHT,TENANT_ID) values ('fff4584e-3c0c-4b2f-98e5-4834138de988','everyone','조직도',2,2,0);
Insert into TBL_PORTAL_ACL (UID_,ACCESSID,ACCESSNAME,VIEW_RIGHT,EDIT_RIGHT,TENANT_ID) values ('8fd70c9a-83b2-4294-a57b-9a59abe3850d','everyone','조직도',2,2,0);
Insert into TBL_PORTAL_ACL (UID_,ACCESSID,ACCESSNAME,VIEW_RIGHT,EDIT_RIGHT,TENANT_ID) values ('c08c6efa-7494-4185-b1dc-09ecc908f683','everyone','조직도',2,2,0);
Insert into TBL_PORTAL_ACL (UID_,ACCESSID,ACCESSNAME,VIEW_RIGHT,EDIT_RIGHT,TENANT_ID) values ('94dfe6d0-043a-4284-bde5-8275aba64d6e','everyone','조직도',2,2,0);
Insert into TBL_PORTAL_ACL (UID_,ACCESSID,ACCESSNAME,VIEW_RIGHT,EDIT_RIGHT,TENANT_ID) values ('a37406b2-7a0a-48b0-a2a9-aacf811e9bd4','everyone','조직도',2,2,0);
Insert into TBL_PORTAL_ACL (UID_,ACCESSID,ACCESSNAME,VIEW_RIGHT,EDIT_RIGHT,TENANT_ID) values ('b39f97e9-4272-45d2-bcda-2ceb6d6e46d0','everyone','조직도',2,2,0);
Insert into TBL_PORTAL_ACL (UID_,ACCESSID,ACCESSNAME,VIEW_RIGHT,EDIT_RIGHT,TENANT_ID) values ('8593cc87-7630-420b-a6d5-f7a8577c5a31','everyone','조직도',2,2,0);
Insert into TBL_PORTAL_ACL (UID_,ACCESSID,ACCESSNAME,VIEW_RIGHT,EDIT_RIGHT,TENANT_ID) values ('e254ef6f-d602-4d40-8e39-b44177a8737c','everyone','조직도',2,2,0);
Insert into TBL_PORTAL_ACL (UID_,ACCESSID,ACCESSNAME,VIEW_RIGHT,EDIT_RIGHT,TENANT_ID) values ('d3dfdede-b4c7-48d6-a6e6-0b14f54d3ed9','everyone','조직도',2,2,0);
Insert into TBL_PORTAL_ACL (UID_,ACCESSID,ACCESSNAME,VIEW_RIGHT,EDIT_RIGHT,TENANT_ID) values ('d48b3355-defd-4a62-b373-3369f7f46bb3','everyone','조직도',2,1,0);
Insert into TBL_PORTAL_ACL (UID_,ACCESSID,ACCESSNAME,VIEW_RIGHT,EDIT_RIGHT,TENANT_ID) values ('d95e558c-e454-4e26-9ddf-688aba9aa89b','everyone','조직도',2,2,0);
Insert into TBL_PORTAL_ACL (UID_,ACCESSID,ACCESSNAME,VIEW_RIGHT,EDIT_RIGHT,TENANT_ID) values ('e3d09096-0258-4528-98d0-d2313a512897','everyone','조직도',2,2,0);
Insert into TBL_PORTAL_ACL (UID_,ACCESSID,ACCESSNAME,VIEW_RIGHT,EDIT_RIGHT,TENANT_ID) values ('7d237704-4123-4c60-95cc-16b6b0a06642','everyone','조직도',2,2,0);
Insert into TBL_PORTAL_ACL (UID_,ACCESSID,ACCESSNAME,VIEW_RIGHT,EDIT_RIGHT,TENANT_ID) values ('7fde32ad-5e48-4357-b24c-5f2594919b88','everyone','조직도',2,2,0);
Insert into TBL_PORTAL_ACL (UID_,ACCESSID,ACCESSNAME,VIEW_RIGHT,EDIT_RIGHT,TENANT_ID) values ('856c0213-ae8a-40be-ade0-63ab865fa1fd','everyone','조직도',2,1,0);
Insert into TBL_PORTAL_ACL (UID_,ACCESSID,ACCESSNAME,VIEW_RIGHT,EDIT_RIGHT,TENANT_ID) values ('8af6e9a5-0970-45a9-9495-ba0c7a9163fd','everyone','조직도',2,2,0);
Insert into TBL_PORTAL_ACL (UID_,ACCESSID,ACCESSNAME,VIEW_RIGHT,EDIT_RIGHT,TENANT_ID) values ('8d13543c-7747-4828-a141-1e28045ff722','everyone','조직도',2,2,0);
Insert into TBL_PORTAL_ACL (UID_,ACCESSID,ACCESSNAME,VIEW_RIGHT,EDIT_RIGHT,TENANT_ID) values ('8e35e3f1-ec52-4ee4-8638-af25a8737da7','everyone','ENG_조직도',2,2,0);
Insert into TBL_PORTAL_ACL (UID_,ACCESSID,ACCESSNAME,VIEW_RIGHT,EDIT_RIGHT,TENANT_ID) values ('94ef77fe-04fd-434a-8508-7fba98631bb8','everyone','ENG_조직도',2,2,0);
Insert into TBL_PORTAL_ACL (UID_,ACCESSID,ACCESSNAME,VIEW_RIGHT,EDIT_RIGHT,TENANT_ID) values ('9b157fdc-057d-4c5c-b036-f2107adf7f0b','everyone','조직도',2,2,0);
Insert into TBL_PORTAL_ACL (UID_,ACCESSID,ACCESSNAME,VIEW_RIGHT,EDIT_RIGHT,TENANT_ID) values ('9d853064-592b-4d07-a731-bd71b2832325','everyone','조직도',2,2,0);
Insert into TBL_PORTAL_ACL (UID_,ACCESSID,ACCESSNAME,VIEW_RIGHT,EDIT_RIGHT,TENANT_ID) values ('9eb0fd34-725e-47ed-93e4-06e06a66dd92','everyone','조직도',2,2,0);
Insert into TBL_PORTAL_ACL (UID_,ACCESSID,ACCESSNAME,VIEW_RIGHT,EDIT_RIGHT,TENANT_ID) values ('9f3651b2-fb17-429b-88db-b9d91cadfdbe','everyone','조직도',2,2,0);
Insert into TBL_PORTAL_ACL (UID_,ACCESSID,ACCESSNAME,VIEW_RIGHT,EDIT_RIGHT,TENANT_ID) values ('a52e3c9c-171e-44aa-b540-b4311f357b55','everyone','ENG_조직도',2,2,0);
Insert into TBL_PORTAL_ACL (UID_,ACCESSID,ACCESSNAME,VIEW_RIGHT,EDIT_RIGHT,TENANT_ID) values ('a56082ad-9136-43a7-9749-c867f1f5529e','everyone','조직도',2,2,0);
Insert into TBL_PORTAL_ACL (UID_,ACCESSID,ACCESSNAME,VIEW_RIGHT,EDIT_RIGHT,TENANT_ID) values ('a8ec0f1d-e9f5-4689-a953-5338ce70f75c','everyone','조직도',2,2,0);
Insert into TBL_PORTAL_ACL (UID_,ACCESSID,ACCESSNAME,VIEW_RIGHT,EDIT_RIGHT,TENANT_ID) values ('ad35d4e0-d885-43dc-899a-9c0ec92add53','everyone','조직도',2,2,0);
Insert into TBL_PORTAL_ACL (UID_,ACCESSID,ACCESSNAME,VIEW_RIGHT,EDIT_RIGHT,TENANT_ID) values ('bd7d2263-939b-481e-ae95-7aa70e67c5c3','S907000','조직도',2,2,0);
Insert into TBL_PORTAL_ACL (UID_,ACCESSID,ACCESSNAME,VIEW_RIGHT,EDIT_RIGHT,TENANT_ID) values ('55b6ee75-bdbd-4690-821e-9e41ee14603c','everyone','조직도',2,2,0);
Insert into TBL_PORTAL_ACL (UID_,ACCESSID,ACCESSNAME,VIEW_RIGHT,EDIT_RIGHT,TENANT_ID) values ('a2149765-4c0b-466c-9e61-310925139d3c','everyone','조직도',2,2,0);
Insert into TBL_PORTAL_ACL (UID_,ACCESSID,ACCESSNAME,VIEW_RIGHT,EDIT_RIGHT,TENANT_ID) values ('a463482f-2e87-4ab1-be9f-e0ed5e054f76','everyone','조직도',2,2,0);
Insert into TBL_PORTAL_ACL (UID_,ACCESSID,ACCESSNAME,VIEW_RIGHT,EDIT_RIGHT,TENANT_ID) values ('9c7cfadb-4f21-4cbf-94b9-60669936a9f8','everyone','조직도',2,2,0);

Insert into TBL_PORTLET_CATEGORY (CATEGORY,DISPLAYNAME,TENANT_ID) values ('1','t4075',0);
Insert into TBL_PORTLET_CATEGORY (CATEGORY,DISPLAYNAME,TENANT_ID) values ('2','t4076',0);
Insert into TBL_PORTLET_CATEGORY (CATEGORY,DISPLAYNAME,TENANT_ID) values ('3','t4077',0);
Insert into TBL_PORTLET_CATEGORY (CATEGORY,DISPLAYNAME,TENANT_ID) values ('4','t4078',0);

Insert into TBL_PORTLET_GENERAL (UID_,DISPLAYNAME,DISPLAYNAME2,PORTLET_TYPE,URL,MAXURL,SHOWTITLEBAR,USERTYPE,HEIGHT,GUBUNFLAG,COMPANYID,BASETYPE,USEPOTALGUBUN,WIDTH,FRAMETYPE,TENANT_ID) values ('c06b1862-ce83-4472-91d7-fd92cee3a7ac','포토게시판_포틀릿','en_포토게시판_포틀릿',1,'/ezPortal/urlPortlet.do?uID=c06b1862-ce83-4472-91d7-fd92cee3a7ac',null,'0         ','1         ',225,'0','S907000',null,null,548,'iFrame    ',0);
Insert into TBL_PORTLET_GENERAL (UID_,DISPLAYNAME,DISPLAYNAME2,PORTLET_TYPE,URL,MAXURL,SHOWTITLEBAR,USERTYPE,HEIGHT,GUBUNFLAG,COMPANYID,BASETYPE,USEPOTALGUBUN,WIDTH,FRAMETYPE,TENANT_ID) values ('c08c6efa-7494-4185-b1dc-09ecc908f683','공지게시판_포틀릿','en_공지게시판_포틀릿',1,'/ezPortal/urlPortlet.do?uID=c08c6efa-7494-4185-b1dc-09ecc908f683',' ','0         ','1         ',225,'0','S907000',null,null,280,null,0);
Insert into TBL_PORTLET_GENERAL (UID_,DISPLAYNAME,DISPLAYNAME2,PORTLET_TYPE,URL,MAXURL,SHOWTITLEBAR,USERTYPE,HEIGHT,GUBUNFLAG,COMPANYID,BASETYPE,USEPOTALGUBUN,WIDTH,FRAMETYPE,TENANT_ID) values ('c1479aa0-824d-43ff-a7f6-999ad660378a','배너_우수사원_포틀릿','en_배너_우수사원_포틀릿',1,'/ezPortal/urlPortlet.do?uID=c1479aa0-824d-43ff-a7f6-999ad660378a',' ','0         ','1         ',225,'0','S907000',null,null,330,null,0);
Insert into TBL_PORTLET_GENERAL (UID_,DISPLAYNAME,DISPLAYNAME2,PORTLET_TYPE,URL,MAXURL,SHOWTITLEBAR,USERTYPE,HEIGHT,GUBUNFLAG,COMPANYID,BASETYPE,USEPOTALGUBUN,WIDTH,FRAMETYPE,TENANT_ID) values ('f90b6413-c94c-4c6f-abe5-39480da308f1','우수커뮤니티_포틀릿','en_우수커뮤니티_포틀릿',1,'/ezPortal/urlPortlet.do?uID=f90b6413-c94c-4c6f-abe5-39480da308f1',' ','0         ','1         ',235,'0','S907000',null,null,330,null,0);
Insert into TBL_PORTLET_GENERAL (UID_,DISPLAYNAME,DISPLAYNAME2,PORTLET_TYPE,URL,MAXURL,SHOWTITLEBAR,USERTYPE,HEIGHT,GUBUNFLAG,COMPANYID,BASETYPE,USEPOTALGUBUN,WIDTH,FRAMETYPE,TENANT_ID) values ('0b4d7088-ea3c-4afb-ac2e-862cfa69bbb3','슬라이드이미지_포틀릿','en_슬라이드이미지_포틀릿',1,'/ezPortal/urlPortlet.do?uID=0b4d7088-ea3c-4afb-ac2e-862cfa69bbb3',' ','0         ','1         ',225,'0','S907000',null,null,517,null,0);
Insert into TBL_PORTLET_GENERAL (UID_,DISPLAYNAME,DISPLAYNAME2,PORTLET_TYPE,URL,MAXURL,SHOWTITLEBAR,USERTYPE,HEIGHT,GUBUNFLAG,COMPANYID,BASETYPE,USEPOTALGUBUN,WIDTH,FRAMETYPE,TENANT_ID) values ('69f68282-5617-45ca-9118-27b6170df5c3','포토_생일 통합 포틀릿','포토_생일 통합 포틀릿_en',1,'/ezPortal/urlPortlet.do?uID=69f68282-5617-45ca-9118-27b6170df5c3',' ','0         ','1         ',240,'0','S907000',null,null,1150,null,0);
Insert into TBL_PORTLET_GENERAL (UID_,DISPLAYNAME,DISPLAYNAME2,PORTLET_TYPE,URL,MAXURL,SHOWTITLEBAR,USERTYPE,HEIGHT,GUBUNFLAG,COMPANYID,BASETYPE,USEPOTALGUBUN,WIDTH,FRAMETYPE,TENANT_ID) values ('73c0940e-5d44-4edc-bfa3-822fd6fd17b5','공지_슬라이드_이모저모 통합 포틀릿','공지_슬라이드_이모저모 통합 포틀릿_en',1,'/ezPortal/urlPortlet.do?uID=73c0940e-5d44-4edc-bfa3-822fd6fd17b5',' ','0         ','1         ',240,'0','S907000',null,null,1150,null,0);
Insert into TBL_PORTLET_GENERAL (UID_,DISPLAYNAME,DISPLAYNAME2,PORTLET_TYPE,URL,MAXURL,SHOWTITLEBAR,USERTYPE,HEIGHT,GUBUNFLAG,COMPANYID,BASETYPE,USEPOTALGUBUN,WIDTH,FRAMETYPE,TENANT_ID) values ('7851b606-aa1c-4f96-ba9b-562432b922a6','결재사용현황_포틀릿','en_결재사용현황_포틀릿',1,'/ezPortal/urlPortlet.do?uID=7851b606-aa1c-4f96-ba9b-562432b922a6',' ','0         ','1         ',225,'0','S907000',null,null,348,null,0);
Insert into TBL_PORTLET_GENERAL (UID_,DISPLAYNAME,DISPLAYNAME2,PORTLET_TYPE,URL,MAXURL,SHOWTITLEBAR,USERTYPE,HEIGHT,GUBUNFLAG,COMPANYID,BASETYPE,USEPOTALGUBUN,WIDTH,FRAMETYPE,TENANT_ID) values ('8af6e9a5-0970-45a9-9495-ba0c7a9163fd','결재_메일 통합 포틀릿','en_결재_메일 통합 포틀릿',1,'/ezPortal/urlPortlet.do?uID=8af6e9a5-0970-45a9-9495-ba0c7a9163fd',' ','0         ','1         ',235,'0','S907000',null,null,797,null,0);
Insert into TBL_PORTLET_GENERAL (UID_,DISPLAYNAME,DISPLAYNAME2,PORTLET_TYPE,URL,MAXURL,SHOWTITLEBAR,USERTYPE,HEIGHT,GUBUNFLAG,COMPANYID,BASETYPE,USEPOTALGUBUN,WIDTH,FRAMETYPE,TENANT_ID) values ('8fd70c9a-83b2-4294-a57b-9a59abe3850d','설문통계_포틀릿','en_설문통계_포틀릿',1,'/ezPortal/urlPortlet.do?uID=8fd70c9a-83b2-4294-a57b-9a59abe3850d',' ','0         ','1         ',225,'0','S907000',null,null,265,null,0);
Insert into TBL_PORTLET_GENERAL (UID_,DISPLAYNAME,DISPLAYNAME2,PORTLET_TYPE,URL,MAXURL,SHOWTITLEBAR,USERTYPE,HEIGHT,GUBUNFLAG,COMPANYID,BASETYPE,USEPOTALGUBUN,WIDTH,FRAMETYPE,TENANT_ID) values ('94dfe6d0-043a-4284-bde5-8275aba64d6e','마이게시판_포틀릿','en_마이게시판_포틀릿',1,'/ezPortal/urlPortlet.do?uID=94dfe6d0-043a-4284-bde5-8275aba64d6e',' ','0         ','1         ',225,'0','S907000',null,null,512,null,0);
Insert into TBL_PORTLET_GENERAL (UID_,DISPLAYNAME,DISPLAYNAME2,PORTLET_TYPE,URL,MAXURL,SHOWTITLEBAR,USERTYPE,HEIGHT,GUBUNFLAG,COMPANYID,BASETYPE,USEPOTALGUBUN,WIDTH,FRAMETYPE,TENANT_ID) values ('9b157fdc-057d-4c5c-b036-f2107adf7f0b','활용하기_포틀릿','en_활용하기_포틀릿',1,'/ezPortal/urlPortlet.do?uID=9b157fdc-057d-4c5c-b036-f2107adf7f0b','2345235','0         ','1         ',225,'0','S907000',null,null,240,'DIV       ',0);
Insert into TBL_PORTLET_GENERAL (UID_,DISPLAYNAME,DISPLAYNAME2,PORTLET_TYPE,URL,MAXURL,SHOWTITLEBAR,USERTYPE,HEIGHT,GUBUNFLAG,COMPANYID,BASETYPE,USEPOTALGUBUN,WIDTH,FRAMETYPE,TENANT_ID) values ('a37406b2-7a0a-48b0-a2a9-aacf811e9bd4','직원생일_포틀릿','en_직원생일_포틀릿',1,'/ezPortal/urlPortlet.do?uID=a37406b2-7a0a-48b0-a2a9-aacf811e9bd4',null,'0         ','1         ',225,'0','S907000',null,null,338,'DIV       ',0);
Insert into TBL_PORTLET_GENERAL (UID_,DISPLAYNAME,DISPLAYNAME2,PORTLET_TYPE,URL,MAXURL,SHOWTITLEBAR,USERTYPE,HEIGHT,GUBUNFLAG,COMPANYID,BASETYPE,USEPOTALGUBUN,WIDTH,FRAMETYPE,TENANT_ID) values ('a2149765-4c0b-466c-9e61-310925139d3c','사용자정보통합_포틀릿','en_사용자정보통합_포틀릿',1,'/ezPortal/urlPortlet.do?uID=a2149765-4c0b-466c-9e61-310925139d3c',' ','0         ','1         ',220,'0','S907000',null,null,1150,null,0);

Insert into TBL_PORTLET_URL (UID_,CREATORID,USERTYPE,URL,TENANT_ID) values ('f90b6413-c94c-4c6f-abe5-39480da308f1','gisa1','1','/ezPortal/wpNewCommunity.do',0);
Insert into TBL_PORTLET_URL (UID_,CREATORID,USERTYPE,URL,TENANT_ID) values ('9b157fdc-057d-4c5c-b036-f2107adf7f0b','gisa1','1','/ezPortal/wpNewGWBanner.do',0);
Insert into TBL_PORTLET_URL (UID_,CREATORID,USERTYPE,URL,TENANT_ID) values ('c06b1862-ce83-4472-91d7-fd92cee3a7ac','gisa1','1','/ezPortal/wpNewPhoto.do',0);
Insert into TBL_PORTLET_URL (UID_,CREATORID,USERTYPE,URL,TENANT_ID) values ('0b4d7088-ea3c-4afb-ac2e-862cfa69bbb3','gisa1','1','/ezPortal/wpNewImage.do',0);
Insert into TBL_PORTLET_URL (UID_,CREATORID,USERTYPE,URL,TENANT_ID) values ('69f68282-5617-45ca-9118-27b6170df5c3','gisa1','1','/ezPortal/wpTotalSection5.do',0);
Insert into TBL_PORTLET_URL (UID_,CREATORID,USERTYPE,URL,TENANT_ID) values ('73c0940e-5d44-4edc-bfa3-822fd6fd17b5','gisa1','1','/ezPortal/wpTotalSection2.do',0);
Insert into TBL_PORTLET_URL (UID_,CREATORID,USERTYPE,URL,TENANT_ID) values ('7851b606-aa1c-4f96-ba9b-562432b922a6','gisa1','1','/ezPortal/wpNewGraph.do',0);
Insert into TBL_PORTLET_URL (UID_,CREATORID,USERTYPE,URL,TENANT_ID) values ('8af6e9a5-0970-45a9-9495-ba0c7a9163fd','gisa1','1','/ezPortal/wpNewApprMail.do',0);
Insert into TBL_PORTLET_URL (UID_,CREATORID,USERTYPE,URL,TENANT_ID) values ('8fd70c9a-83b2-4294-a57b-9a59abe3850d','gisa1','1','/ezPortal/wpNewPoll.do',0);
Insert into TBL_PORTLET_URL (UID_,CREATORID,USERTYPE,URL,TENANT_ID) values ('94dfe6d0-043a-4284-bde5-8275aba64d6e','gisa1','1','/ezPortal/wpNewBoardSTD.do',0);
Insert into TBL_PORTLET_URL (UID_,CREATORID,USERTYPE,URL,TENANT_ID) values ('a2149765-4c0b-466c-9e61-310925139d3c','gisa1','1','/ezPortal/wpTotalSection.do',0);
Insert into TBL_PORTLET_URL (UID_,CREATORID,USERTYPE,URL,TENANT_ID) values ('a37406b2-7a0a-48b0-a2a9-aacf811e9bd4','gisa1','1','/ezPortal/wpNewBirth.do',0);
Insert into TBL_PORTLET_URL (UID_,CREATORID,USERTYPE,URL,TENANT_ID) values ('c08c6efa-7494-4185-b1dc-09ecc908f683','gisa1','1','/ezPortal/wpNewBoard.do',0);
Insert into TBL_PORTLET_URL (UID_,CREATORID,USERTYPE,URL,TENANT_ID) values ('c1479aa0-824d-43ff-a7f6-999ad660378a','gisa1','1','/ezPortal/wpNewSide.do',0);

Insert into TBL_SKIN_ITEMS (UID_,SKINNUM,SKINNAME,SKINNAME2,SKINBGFLAG,SKINBGCOLOR,SKINBGIMAGE,SKINFONTCOLOR,SKINFONTOVERCOLOR,SKINDEFAULTIMAGE,SKINDEFAULTCOLOR,TENANT_ID) values ('b0a4e923-d270-4353-9e81-e86c14424262',1,' ',null,'          ',' ',' ',' ',' ',null,null,0);
Insert into TBL_SKIN_ITEMS (UID_,SKINNUM,SKINNAME,SKINNAME2,SKINBGFLAG,SKINBGCOLOR,SKINBGIMAGE,SKINFONTCOLOR,SKINFONTOVERCOLOR,SKINDEFAULTIMAGE,SKINDEFAULTCOLOR,TENANT_ID) values ('d4dcceee-01f5-42da-9093-a243d3056204',1,' ',null,'          ',' ',' ',' ',' ',null,null,0);
Insert into TBL_SKIN_ITEMS (UID_,SKINNUM,SKINNAME,SKINNAME2,SKINBGFLAG,SKINBGCOLOR,SKINBGIMAGE,SKINFONTCOLOR,SKINFONTOVERCOLOR,SKINDEFAULTIMAGE,SKINDEFAULTCOLOR,TENANT_ID) values ('F3633607-8E8B-42A1-B777-6E2969072E58',1,' ',null,'          ',' ',' ',' ',' ',null,null,0);

Insert into TBL_THEME_GENERAL (UID_,DISPLAYNAME,DISPLAYNAME2,DISPLAYNAME3,DISPLAYNAME4,IMAGEURL,TOPURL,MAINURL,COMPANAYID,CREATORID,CREATORNM,CREATEDATE,MODIFYDATE,TOPHEIGHT,TENANT_ID) values ('f2de22b9-9a3f-49a9-884b-2e179e564cbf','A Theme','A Theme','A Theme','A Theme','/files/upload_portal/S907000/Theme/08c5179c-1c9d-46e8-bea3-9c4495fa3704.jpg','/ezPortal/topMenu.do','/ezPortal/portalPage.do','S907000','gisa1','기사원','14/03/17','16/10/05',100,0);

Insert into TBL_TOPMENU_GENERAL (UID_,PARENTUID,DEPTH,DISPLAYNAME,DISPLAYNAME2,CREATORID,CREATORNAME,CREATEDATE,MODIFYDATE,WIDTH,HEIGHT,ROWLENGTH,COLUMNLENGTH,ROWSPLIT,COLUMNSPLIT,USEFLAG,COMPANYID,LANG,TOPMNID,BASETYPE,THEMEUID,TENANT_ID) values ('d4dcceee-01f5-42da-9093-a243d3056204','top',1,'표준메뉴_일본','표준메뉴_일본','gisa1','기사원','13/06/20',null,-1,200,0,1,' ',';','Y','S907000','3',null,null,'f2de22b9-9a3f-49a9-884b-2e179e564cbf',0);
Insert into TBL_TOPMENU_GENERAL (UID_,PARENTUID,DEPTH,DISPLAYNAME,DISPLAYNAME2,CREATORID,CREATORNAME,CREATEDATE,MODIFYDATE,WIDTH,HEIGHT,ROWLENGTH,COLUMNLENGTH,ROWSPLIT,COLUMNSPLIT,USEFLAG,COMPANYID,LANG,TOPMNID,BASETYPE,THEMEUID,TENANT_ID) values ('F3633607-8E8B-42A1-B777-6E2969072E58','top',1,'표준메뉴_한국','표준메뉴_한국','gisa1','김사원','07/10/23',null,-1,57,0,1,null,';','Y','S907000','1',null,null,'f2de22b9-9a3f-49a9-884b-2e179e564cbf',0);
Insert into TBL_TOPMENU_GENERAL (UID_,PARENTUID,DEPTH,DISPLAYNAME,DISPLAYNAME2,CREATORID,CREATORNAME,CREATEDATE,MODIFYDATE,WIDTH,HEIGHT,ROWLENGTH,COLUMNLENGTH,ROWSPLIT,COLUMNSPLIT,USEFLAG,COMPANYID,LANG,TOPMNID,BASETYPE,THEMEUID,TENANT_ID) values ('174da7a0-e379-44bb-937d-a91216a7b459','top',1,'174da7a0-e379-44bb-937d-a91216a7b459','174da7a0-e379-44bb-937d-a91216a7b459','gisa1','기사원','13/06/20',null,-1,110,0,4,' ','100;280;500;;',null,'S907000',null,null,null,'f2de22b9-9a3f-49a9-884b-2e179e564cbf',0);
Insert into TBL_TOPMENU_GENERAL (UID_,PARENTUID,DEPTH,DISPLAYNAME,DISPLAYNAME2,CREATORID,CREATORNAME,CREATEDATE,MODIFYDATE,WIDTH,HEIGHT,ROWLENGTH,COLUMNLENGTH,ROWSPLIT,COLUMNSPLIT,USEFLAG,COMPANYID,LANG,TOPMNID,BASETYPE,THEMEUID,TENANT_ID) values ('29e70a07-904b-41c6-a683-4d06a0b15d85','top',1,'29e70a07-904b-41c6-a683-4d06a0b15d85','29e70a07-904b-41c6-a683-4d06a0b15d85','gisa1','기사원','13/06/20',null,-1,110,0,1,null,';',null,'S907000',null,null,null,'f2de22b9-9a3f-49a9-884b-2e179e564cbf',0);
Insert into TBL_TOPMENU_GENERAL (UID_,PARENTUID,DEPTH,DISPLAYNAME,DISPLAYNAME2,CREATORID,CREATORNAME,CREATEDATE,MODIFYDATE,WIDTH,HEIGHT,ROWLENGTH,COLUMNLENGTH,ROWSPLIT,COLUMNSPLIT,USEFLAG,COMPANYID,LANG,TOPMNID,BASETYPE,THEMEUID,TENANT_ID) values ('306fedec-66da-4070-8b54-8d1517a4545b','top',1,'306fedec-66da-4070-8b54-8d1517a4545b','306fedec-66da-4070-8b54-8d1517a4545b','gisa1','기사원','13/06/20',null,-1,110,0,4,' ','100;280;500;;',null,'S907000',null,null,null,'f2de22b9-9a3f-49a9-884b-2e179e564cbf',0);
Insert into TBL_TOPMENU_GENERAL (UID_,PARENTUID,DEPTH,DISPLAYNAME,DISPLAYNAME2,CREATORID,CREATORNAME,CREATEDATE,MODIFYDATE,WIDTH,HEIGHT,ROWLENGTH,COLUMNLENGTH,ROWSPLIT,COLUMNSPLIT,USEFLAG,COMPANYID,LANG,TOPMNID,BASETYPE,THEMEUID,TENANT_ID) values ('64aa1712-8a96-4b25-aa9c-51e74282d54f','top',1,'64aa1712-8a96-4b25-aa9c-51e74282d54f','64aa1712-8a96-4b25-aa9c-51e74282d54f','gisa1','기사원','13/06/20',null,-1,110,0,1,' ',';',null,'S907000',null,null,null,'f2de22b9-9a3f-49a9-884b-2e179e564cbf',0);
Insert into TBL_TOPMENU_GENERAL (UID_,PARENTUID,DEPTH,DISPLAYNAME,DISPLAYNAME2,CREATORID,CREATORNAME,CREATEDATE,MODIFYDATE,WIDTH,HEIGHT,ROWLENGTH,COLUMNLENGTH,ROWSPLIT,COLUMNSPLIT,USEFLAG,COMPANYID,LANG,TOPMNID,BASETYPE,THEMEUID,TENANT_ID) values ('b0a4e923-d270-4353-9e81-e86c14424262','top',1,'표준메뉴_영어','표준메뉴_영어','gisa1','기사원','13/06/20',null,-1,200,0,1,' ',';','Y','S907000','2',null,null,'f2de22b9-9a3f-49a9-884b-2e179e564cbf',0);
Insert into TBL_TOPMENU_GENERAL (UID_,PARENTUID,DEPTH,DISPLAYNAME,DISPLAYNAME2,CREATORID,CREATORNAME,CREATEDATE,MODIFYDATE,WIDTH,HEIGHT,ROWLENGTH,COLUMNLENGTH,ROWSPLIT,COLUMNSPLIT,USEFLAG,COMPANYID,LANG,TOPMNID,BASETYPE,THEMEUID,TENANT_ID) values ('cc6758b3-1f3f-483a-9d7a-861caca82f92','top',1,'cc6758b3-1f3f-483a-9d7a-861caca82f92','cc6758b3-1f3f-483a-9d7a-861caca82f92','gisa1','기사원','13/06/20',null,-1,110,0,3,null,'100;280;;',null,'S907000',null,null,null,'f2de22b9-9a3f-49a9-884b-2e179e564cbf',0);
Insert into TBL_TOPMENU_GENERAL (UID_,PARENTUID,DEPTH,DISPLAYNAME,DISPLAYNAME2,CREATORID,CREATORNAME,CREATEDATE,MODIFYDATE,WIDTH,HEIGHT,ROWLENGTH,COLUMNLENGTH,ROWSPLIT,COLUMNSPLIT,USEFLAG,COMPANYID,LANG,TOPMNID,BASETYPE,THEMEUID,TENANT_ID) values ('cd941931-9343-4186-b920-22106c63bfc1','top',1,'cd941931-9343-4186-b920-22106c63bfc1','cd941931-9343-4186-b920-22106c63bfc1','gisa1','기사원','13/06/20',null,-1,110,0,1,' ',';',null,'S907000',null,null,null,'f2de22b9-9a3f-49a9-884b-2e179e564cbf',0);

Insert into TBL_TOPMENU_ITEMS (UID_,PAGEUID,PARENTPAGEUID,OWNERPAGEID,MENUITEMTYPE,DISPLAYNAME,WIDTH,HEIGHT,ROWPOS,COLUMNPOS,CANREMOVE,CANRESIZE,CANREPLACE,ALIGN,VALIGN,TOPMARGIN,BOTTOMMARGIN,LEFTMARGIN,RIGHTMARGIN,TENANT_ID) values ('204','cd941931-9343-4186-b920-22106c63bfc1','top','b0a4e923-d270-4353-9e81-e86c14424262',0,'서브메뉴영역',0,100,20000,1,1,1,1,null,null,null,null,null,null,0);
Insert into TBL_TOPMENU_ITEMS (UID_,PAGEUID,PARENTPAGEUID,OWNERPAGEID,MENUITEMTYPE,DISPLAYNAME,WIDTH,HEIGHT,ROWPOS,COLUMNPOS,CANREMOVE,CANRESIZE,CANREPLACE,ALIGN,VALIGN,TOPMARGIN,BOTTOMMARGIN,LEFTMARGIN,RIGHTMARGIN,TENANT_ID) values ('205','174da7a0-e379-44bb-937d-a91216a7b459','top','b0a4e923-d270-4353-9e81-e86c14424262',0,'검색영역',0,100,10000,3,1,1,1,null,null,null,null,null,null,0);
Insert into TBL_TOPMENU_ITEMS (UID_,PAGEUID,PARENTPAGEUID,OWNERPAGEID,MENUITEMTYPE,DISPLAYNAME,WIDTH,HEIGHT,ROWPOS,COLUMNPOS,CANREMOVE,CANRESIZE,CANREPLACE,ALIGN,VALIGN,TOPMARGIN,BOTTOMMARGIN,LEFTMARGIN,RIGHTMARGIN,TENANT_ID) values ('205','306fedec-66da-4070-8b54-8d1517a4545b','top','d4dcceee-01f5-42da-9093-a243d3056204',0,'검색영역',0,100,10000,3,1,1,1,null,null,null,null,null,null,0);
Insert into TBL_TOPMENU_ITEMS (UID_,PAGEUID,PARENTPAGEUID,OWNERPAGEID,MENUITEMTYPE,DISPLAYNAME,WIDTH,HEIGHT,ROWPOS,COLUMNPOS,CANREMOVE,CANRESIZE,CANREPLACE,ALIGN,VALIGN,TOPMARGIN,BOTTOMMARGIN,LEFTMARGIN,RIGHTMARGIN,TENANT_ID) values ('29e70a07-904b-41c6-a683-4d06a0b15d85','F3633607-8E8B-42A1-B777-6E2969072E58','top','F3633607-8E8B-42A1-B777-6E2969072E58',1,'F3633607-8E8B-42A1-B777-6E2969072E58',0,100,20000,1,1,1,1,null,null,null,null,null,null,0);
Insert into TBL_TOPMENU_ITEMS (UID_,PAGEUID,PARENTPAGEUID,OWNERPAGEID,MENUITEMTYPE,DISPLAYNAME,WIDTH,HEIGHT,ROWPOS,COLUMNPOS,CANREMOVE,CANRESIZE,CANREPLACE,ALIGN,VALIGN,TOPMARGIN,BOTTOMMARGIN,LEFTMARGIN,RIGHTMARGIN,TENANT_ID) values ('306fedec-66da-4070-8b54-8d1517a4545b','d4dcceee-01f5-42da-9093-a243d3056204','top','d4dcceee-01f5-42da-9093-a243d3056204',1,'d4dcceee-01f5-42da-9093-a243d3056204',0,110,10000,1,1,1,1,null,null,null,null,null,null,0);
Insert into TBL_TOPMENU_ITEMS (UID_,PAGEUID,PARENTPAGEUID,OWNERPAGEID,MENUITEMTYPE,DISPLAYNAME,WIDTH,HEIGHT,ROWPOS,COLUMNPOS,CANREMOVE,CANRESIZE,CANREPLACE,ALIGN,VALIGN,TOPMARGIN,BOTTOMMARGIN,LEFTMARGIN,RIGHTMARGIN,TENANT_ID) values ('64aa1712-8a96-4b25-aa9c-51e74282d54f','d4dcceee-01f5-42da-9093-a243d3056204','top','d4dcceee-01f5-42da-9093-a243d3056204',1,'d4dcceee-01f5-42da-9093-a243d3056204',0,100,20000,1,1,1,1,null,null,null,null,null,null,0);
Insert into TBL_TOPMENU_ITEMS (UID_,PAGEUID,PARENTPAGEUID,OWNERPAGEID,MENUITEMTYPE,DISPLAYNAME,WIDTH,HEIGHT,ROWPOS,COLUMNPOS,CANREMOVE,CANRESIZE,CANREPLACE,ALIGN,VALIGN,TOPMARGIN,BOTTOMMARGIN,LEFTMARGIN,RIGHTMARGIN,TENANT_ID) values ('cc6758b3-1f3f-483a-9d7a-861caca82f92','F3633607-8E8B-42A1-B777-6E2969072E58','top','F3633607-8E8B-42A1-B777-6E2969072E58',1,'F3633607-8E8B-42A1-B777-6E2969072E58',0,110,10000,1,1,1,1,null,null,null,null,null,null,0);
Insert into TBL_TOPMENU_ITEMS (UID_,PAGEUID,PARENTPAGEUID,OWNERPAGEID,MENUITEMTYPE,DISPLAYNAME,WIDTH,HEIGHT,ROWPOS,COLUMNPOS,CANREMOVE,CANRESIZE,CANREPLACE,ALIGN,VALIGN,TOPMARGIN,BOTTOMMARGIN,LEFTMARGIN,RIGHTMARGIN,TENANT_ID) values ('cd941931-9343-4186-b920-22106c63bfc1','b0a4e923-d270-4353-9e81-e86c14424262','top','b0a4e923-d270-4353-9e81-e86c14424262',1,'b0a4e923-d270-4353-9e81-e86c14424262',0,100,20000,1,1,1,1,null,null,null,null,null,null,0);
Insert into TBL_TOPMENU_ITEMS (UID_,PAGEUID,PARENTPAGEUID,OWNERPAGEID,MENUITEMTYPE,DISPLAYNAME,WIDTH,HEIGHT,ROWPOS,COLUMNPOS,CANREMOVE,CANRESIZE,CANREPLACE,ALIGN,VALIGN,TOPMARGIN,BOTTOMMARGIN,LEFTMARGIN,RIGHTMARGIN,TENANT_ID) values ('205','cc6758b3-1f3f-483a-9d7a-861caca82f92','top','F3633607-8E8B-42A1-B777-6E2969072E58',0,'검색영역',0,100,10000,3,1,1,1,null,null,null,null,null,null,0);
Insert into TBL_TOPMENU_ITEMS (UID_,PAGEUID,PARENTPAGEUID,OWNERPAGEID,MENUITEMTYPE,DISPLAYNAME,WIDTH,HEIGHT,ROWPOS,COLUMNPOS,CANREMOVE,CANRESIZE,CANREPLACE,ALIGN,VALIGN,TOPMARGIN,BOTTOMMARGIN,LEFTMARGIN,RIGHTMARGIN,TENANT_ID) values ('174da7a0-e379-44bb-937d-a91216a7b459','b0a4e923-d270-4353-9e81-e86c14424262','top','b0a4e923-d270-4353-9e81-e86c14424262',1,'b0a4e923-d270-4353-9e81-e86c14424262',0,110,10000,1,1,1,1,null,null,null,null,null,null,0);
Insert into TBL_TOPMENU_ITEMS (UID_,PAGEUID,PARENTPAGEUID,OWNERPAGEID,MENUITEMTYPE,DISPLAYNAME,WIDTH,HEIGHT,ROWPOS,COLUMNPOS,CANREMOVE,CANRESIZE,CANREPLACE,ALIGN,VALIGN,TOPMARGIN,BOTTOMMARGIN,LEFTMARGIN,RIGHTMARGIN,TENANT_ID) values ('201','174da7a0-e379-44bb-937d-a91216a7b459','top','b0a4e923-d270-4353-9e81-e86c14424262',0,'로고영역',0,100,10000,1,1,1,1,null,null,null,null,null,null,0);
Insert into TBL_TOPMENU_ITEMS (UID_,PAGEUID,PARENTPAGEUID,OWNERPAGEID,MENUITEMTYPE,DISPLAYNAME,WIDTH,HEIGHT,ROWPOS,COLUMNPOS,CANREMOVE,CANRESIZE,CANREPLACE,ALIGN,VALIGN,TOPMARGIN,BOTTOMMARGIN,LEFTMARGIN,RIGHTMARGIN,TENANT_ID) values ('201','306fedec-66da-4070-8b54-8d1517a4545b','top','d4dcceee-01f5-42da-9093-a243d3056204',0,'로고영역',0,100,10000,1,1,1,1,null,null,null,null,null,null,0);
Insert into TBL_TOPMENU_ITEMS (UID_,PAGEUID,PARENTPAGEUID,OWNERPAGEID,MENUITEMTYPE,DISPLAYNAME,WIDTH,HEIGHT,ROWPOS,COLUMNPOS,CANREMOVE,CANRESIZE,CANREPLACE,ALIGN,VALIGN,TOPMARGIN,BOTTOMMARGIN,LEFTMARGIN,RIGHTMARGIN,TENANT_ID) values ('201','cc6758b3-1f3f-483a-9d7a-861caca82f92','top','F3633607-8E8B-42A1-B777-6E2969072E58',0,'로고영역',0,100,10000,1,1,1,1,null,null,null,null,null,null,0);
Insert into TBL_TOPMENU_ITEMS (UID_,PAGEUID,PARENTPAGEUID,OWNERPAGEID,MENUITEMTYPE,DISPLAYNAME,WIDTH,HEIGHT,ROWPOS,COLUMNPOS,CANREMOVE,CANRESIZE,CANREPLACE,ALIGN,VALIGN,TOPMARGIN,BOTTOMMARGIN,LEFTMARGIN,RIGHTMARGIN,TENANT_ID) values ('202','174da7a0-e379-44bb-937d-a91216a7b459','top','b0a4e923-d270-4353-9e81-e86c14424262',0,'유틸메뉴영역',0,100,10000,2,1,1,1,null,null,null,null,null,null,0);
Insert into TBL_TOPMENU_ITEMS (UID_,PAGEUID,PARENTPAGEUID,OWNERPAGEID,MENUITEMTYPE,DISPLAYNAME,WIDTH,HEIGHT,ROWPOS,COLUMNPOS,CANREMOVE,CANRESIZE,CANREPLACE,ALIGN,VALIGN,TOPMARGIN,BOTTOMMARGIN,LEFTMARGIN,RIGHTMARGIN,TENANT_ID) values ('202','306fedec-66da-4070-8b54-8d1517a4545b','top','d4dcceee-01f5-42da-9093-a243d3056204',0,'유틸메뉴영역',0,100,10000,2,1,1,1,null,null,null,null,null,null,0);
Insert into TBL_TOPMENU_ITEMS (UID_,PAGEUID,PARENTPAGEUID,OWNERPAGEID,MENUITEMTYPE,DISPLAYNAME,WIDTH,HEIGHT,ROWPOS,COLUMNPOS,CANREMOVE,CANRESIZE,CANREPLACE,ALIGN,VALIGN,TOPMARGIN,BOTTOMMARGIN,LEFTMARGIN,RIGHTMARGIN,TENANT_ID) values ('202','cc6758b3-1f3f-483a-9d7a-861caca82f92','top','F3633607-8E8B-42A1-B777-6E2969072E58',0,'유틸메뉴영역',0,100,10000,2,1,1,1,'center','middle',0,0,100,0,0);
Insert into TBL_TOPMENU_ITEMS (UID_,PAGEUID,PARENTPAGEUID,OWNERPAGEID,MENUITEMTYPE,DISPLAYNAME,WIDTH,HEIGHT,ROWPOS,COLUMNPOS,CANREMOVE,CANRESIZE,CANREPLACE,ALIGN,VALIGN,TOPMARGIN,BOTTOMMARGIN,LEFTMARGIN,RIGHTMARGIN,TENANT_ID) values ('203','29e70a07-904b-41c6-a683-4d06a0b15d85','top','F3633607-8E8B-42A1-B777-6E2969072E58',0,'메인메뉴영역',0,100,10000,1,1,1,1,'center','middle',0,0,0,0,0);
Insert into TBL_TOPMENU_ITEMS (UID_,PAGEUID,PARENTPAGEUID,OWNERPAGEID,MENUITEMTYPE,DISPLAYNAME,WIDTH,HEIGHT,ROWPOS,COLUMNPOS,CANREMOVE,CANRESIZE,CANREPLACE,ALIGN,VALIGN,TOPMARGIN,BOTTOMMARGIN,LEFTMARGIN,RIGHTMARGIN,TENANT_ID) values ('203','64aa1712-8a96-4b25-aa9c-51e74282d54f','top','d4dcceee-01f5-42da-9093-a243d3056204',0,'메인메뉴영역',0,100,10000,1,1,1,1,null,null,null,null,null,null,0);
Insert into TBL_TOPMENU_ITEMS (UID_,PAGEUID,PARENTPAGEUID,OWNERPAGEID,MENUITEMTYPE,DISPLAYNAME,WIDTH,HEIGHT,ROWPOS,COLUMNPOS,CANREMOVE,CANRESIZE,CANREPLACE,ALIGN,VALIGN,TOPMARGIN,BOTTOMMARGIN,LEFTMARGIN,RIGHTMARGIN,TENANT_ID) values ('203','cd941931-9343-4186-b920-22106c63bfc1','top','b0a4e923-d270-4353-9e81-e86c14424262',0,'메인메뉴영역',0,100,10000,1,1,1,1,null,null,null,null,null,null,0);
Insert into TBL_TOPMENU_ITEMS (UID_,PAGEUID,PARENTPAGEUID,OWNERPAGEID,MENUITEMTYPE,DISPLAYNAME,WIDTH,HEIGHT,ROWPOS,COLUMNPOS,CANREMOVE,CANRESIZE,CANREPLACE,ALIGN,VALIGN,TOPMARGIN,BOTTOMMARGIN,LEFTMARGIN,RIGHTMARGIN,TENANT_ID) values ('204','29e70a07-904b-41c6-a683-4d06a0b15d85','top','F3633607-8E8B-42A1-B777-6E2969072E58',0,'서브메뉴영역',0,100,20000,1,1,1,1,null,null,null,null,null,null,0);
Insert into TBL_TOPMENU_ITEMS (UID_,PAGEUID,PARENTPAGEUID,OWNERPAGEID,MENUITEMTYPE,DISPLAYNAME,WIDTH,HEIGHT,ROWPOS,COLUMNPOS,CANREMOVE,CANRESIZE,CANREPLACE,ALIGN,VALIGN,TOPMARGIN,BOTTOMMARGIN,LEFTMARGIN,RIGHTMARGIN,TENANT_ID) values ('204','64aa1712-8a96-4b25-aa9c-51e74282d54f','top','d4dcceee-01f5-42da-9093-a243d3056204',0,'서브메뉴영역',0,100,20000,1,1,1,1,null,null,null,null,null,null,0);

Insert into TBL_USERSTARTPAGE_ITEM (UID_,PARENTUID,IMAGEUID,ACCESSID,COMPANYID,LINKURL,LANG,TENANT_ID) values ('cf34747c-d809-461d-93d9-e50486ae3b68','F3633607-8E8B-42A1-B777-6E2969072E58','d7e86d24-137e-4934-bf70-87fed28f5530','gisa1','S907000','/ezPortal/myPortal.do','1',0);
